[2026-07-22T11:34:34.764+0300] CardTable entry size: 512
[2026-07-22T11:34:34.764+0300] Using Serial
[2026-07-22T11:34:34.765+0300] Version: 21.0.3+10-LTS (release)
[2026-07-22T11:34:34.765+0300] CPUs: 24 total, 24 available
[2026-07-22T11:34:34.765+0300] Memory: 31993M
[2026-07-22T11:34:34.765+0300] Large Page Support: Disabled
[2026-07-22T11:34:34.765+0300] NUMA Support: Disabled
[2026-07-22T11:34:34.765+0300] Compressed Oops: Enabled (32-bit)
[2026-07-22T11:34:34.765+0300] Heap Min Capacity: 128M
[2026-07-22T11:34:34.765+0300] Heap Initial Capacity: 128M
[2026-07-22T11:34:34.765+0300] Heap Max Capacity: 128M
[2026-07-22T11:34:34.765+0300] Pre-touch: Disabled
[2026-07-22T11:34:34.777+0300] CDS archive(s) mapped at: [0x000076cce7000000-0x000076cce7caa000-0x000076cce7caa000), size 13279232, SharedBaseAddress: 0x000076cce7000000, ArchiveRelocationMode: 1.
[2026-07-22T11:34:34.777+0300] Compressed class space mapped at: 0x000076cce8000000-0x000076cd28000000, reserved size: 1073741824
[2026-07-22T11:34:34.777+0300] Narrow klass base: 0x000076cce7000000, Narrow klass shift: 0, Narrow klass range: 0x100000000
[2026-07-22T11:34:34.902+0300] GC(0) Pause Young (Allocation Failure)
[2026-07-22T11:34:34.955+0300] GC(0) DefNew: 21802K(43712K)->19616K(43712K) Eden: 21802K(21888K)->0K(21888K) From: 0K(21824K)->19616K(21824K)
[2026-07-22T11:34:34.955+0300] GC(0) Tenured: 1054K(65536K)->1054K(65536K)
[2026-07-22T11:34:34.955+0300] GC(0) Metaspace: 257K(448K)->257K(448K) NonClass: 245K(320K)->245K(320K) Class: 11K(128K)->11K(128K)
[2026-07-22T11:34:34.956+0300] GC(0) Pause Young (Allocation Failure) 22M->20M(106M) 53,294ms
[2026-07-22T11:34:34.956+0300] GC(0) User=0,05s Sys=0,01s Real=0,05s
[2026-07-22T11:34:35.136+0300] GC(1) Pause Young (Allocation Failure)
[2026-07-22T11:34:35.154+0300] GC(1) DefNew: 41504K(43712K)->8385K(43712K) Eden: 21888K(21888K)->0K(21888K) From: 19616K(21824K)->8385K(21824K)
[2026-07-22T11:34:35.154+0300] GC(1) Tenured: 1054K(65536K)->1213K(65536K)
[2026-07-22T11:34:35.154+0300] GC(1) Metaspace: 278K(448K)->278K(448K) NonClass: 264K(320K)->264K(320K) Class: 14K(128K)->14K(128K)
[2026-07-22T11:34:35.154+0300] GC(1) Pause Young (Allocation Failure) 41M->9M(106M) 18,172ms
[2026-07-22T11:34:35.154+0300] GC(1) User=0,01s Sys=0,00s Real=0,02s
[2026-07-22T11:34:35.300+0300] GC(2) Pause Young (Allocation Failure)
[2026-07-22T11:34:35.303+0300] GC(2) DefNew: 30273K(43712K)->3506K(43712K) Eden: 21888K(21888K)->0K(21888K) From: 8385K(21824K)->3506K(21824K)
[2026-07-22T11:34:35.303+0300] GC(2) Tenured: 1213K(65536K)->1213K(65536K)
[2026-07-22T11:34:35.303+0300] GC(2) Metaspace: 278K(448K)->278K(448K) NonClass: 264K(320K)->264K(320K) Class: 14K(128K)->14K(128K)
[2026-07-22T11:34:35.303+0300] GC(2) Pause Young (Allocation Failure) 30M->4M(106M) 3,450ms
[2026-07-22T11:34:35.303+0300] GC(2) User=0,01s Sys=0,00s Real=0,01s
[2026-07-22T11:34:35.322+0300] GC(3) Pause Young (Allocation Failure)
[2026-07-22T11:34:35.340+0300] GC(3) DefNew: 25394K(43712K)->9839K(43712K) Eden: 21888K(21888K)->0K(21888K) From: 3506K(21824K)->9839K(21824K)
[2026-07-22T11:34:35.340+0300] GC(3) Tenured: 1213K(65536K)->1213K(65536K)
[2026-07-22T11:34:35.340+0300] GC(3) Metaspace: 278K(448K)->278K(448K) NonClass: 264K(320K)->264K(320K) Class: 14K(128K)->14K(128K)
[2026-07-22T11:34:35.340+0300] GC(3) Pause Young (Allocation Failure) 25M->10M(106M) 18,534ms
[2026-07-22T11:34:35.340+0300] GC(3) User=0,02s Sys=0,01s Real=0,01s
[2026-07-22T11:34:35.466+0300] GC(4) Pause Young (Allocation Failure)
[2026-07-22T11:34:35.521+0300] GC(4) DefNew: 31727K(43712K)->20661K(43712K) Eden: 21888K(21888K)->0K(21888K) From: 9839K(21824K)->20661K(21824K)
[2026-07-22T11:34:35.522+0300] GC(4) Tenured: 1213K(65536K)->1213K(65536K)
[2026-07-22T11:34:35.522+0300] GC(4) Metaspace: 278K(448K)->278K(448K) NonClass: 264K(320K)->264K(320K) Class: 14K(128K)->14K(128K)
[2026-07-22T11:34:35.522+0300] GC(4) Pause Young (Allocation Failure) 32M->21M(106M) 55,471ms
[2026-07-22T11:34:35.522+0300] GC(4) User=0,05s Sys=0,00s Real=0,06s
[2026-07-22T11:34:35.664+0300] GC(5) Pause Young (Allocation Failure)
[2026-07-22T11:34:35.701+0300] GC(5) DefNew: 42549K(43712K)->13908K(43712K) Eden: 21888K(21888K)->0K(21888K) From: 20661K(21824K)->13908K(21824K)
[2026-07-22T11:34:35.701+0300] GC(5) Tenured: 1213K(65536K)->3262K(65536K)
[2026-07-22T11:34:35.701+0300] GC(5) Metaspace: 278K(448K)->278K(448K) NonClass: 264K(320K)->264K(320K) Class: 14K(128K)->14K(128K)
[2026-07-22T11:34:35.701+0300] GC(5) Pause Young (Allocation Failure) 42M->16M(106M) 36,974ms
[2026-07-22T11:34:35.701+0300] GC(5) User=0,04s Sys=0,00s Real=0,04s
[2026-07-22T11:34:35.849+0300] GC(6) Pause Young (Allocation Failure)
[2026-07-22T11:34:35.870+0300] GC(6) DefNew: 35796K(43712K)->9205K(43712K) Eden: 21888K(21888K)->0K(21888K) From: 13908K(21824K)->9205K(21824K)
[2026-07-22T11:34:35.870+0300] GC(6) Tenured: 3262K(65536K)->3262K(65536K)
[2026-07-22T11:34:35.870+0300] GC(6) Metaspace: 278K(448K)->278K(448K) NonClass: 264K(320K)->264K(320K) Class: 14K(128K)->14K(128K)
[2026-07-22T11:34:35.870+0300] GC(6) Pause Young (Allocation Failure) 38M->12M(106M) 21,111ms
[2026-07-22T11:34:35.870+0300] GC(6) User=0,02s Sys=0,00s Real=0,02s
[2026-07-22T11:34:36.016+0300] GC(7) Pause Young (Allocation Failure)
[2026-07-22T11:34:36.028+0300] GC(7) DefNew: 31093K(43712K)->4501K(43712K) Eden: 21888K(21888K)->0K(21888K) From: 9205K(21824K)->4501K(21824K)
[2026-07-22T11:34:36.028+0300] GC(7) Tenured: 3262K(65536K)->3262K(65536K)
[2026-07-22T11:34:36.028+0300] GC(7) Metaspace: 278K(448K)->278K(448K) NonClass: 264K(320K)->264K(320K) Class: 14K(128K)->14K(128K)
[2026-07-22T11:34:36.028+0300] GC(7) Pause Young (Allocation Failure) 33M->7M(106M) 11,974ms
[2026-07-22T11:34:36.028+0300] GC(7) User=0,01s Sys=0,00s Real=0,01s
[2026-07-22T11:34:36.072+0300] GC(8) Pause Young (Allocation Failure)
[2026-07-22T11:34:36.076+0300] GC(8) DefNew: 26389K(43712K)->485K(43712K) Eden: 21888K(21888K)->0K(21888K) From: 4501K(21824K)->485K(21824K)
[2026-07-22T11:34:36.076+0300] GC(8) Tenured: 3262K(65536K)->3262K(65536K)
[2026-07-22T11:34:36.076+0300] GC(8) Metaspace: 278K(448K)->278K(448K) NonClass: 264K(320K)->264K(320K) Class: 14K(128K)->14K(128K)
[2026-07-22T11:34:36.076+0300] GC(8) Pause Young (Allocation Failure) 28M->3M(106M) 4,330ms
[2026-07-22T11:34:36.076+0300] GC(8) User=0,00s Sys=0,00s Real=0,00s
[2026-07-22T11:34:36.209+0300] GC(9) Pause Young (Allocation Failure)
[2026-07-22T11:34:36.246+0300] GC(9) DefNew: 22373K(43712K)->11773K(43712K) Eden: 21888K(21888K)->0K(21888K) From: 485K(21824K)->11773K(21824K)
[2026-07-22T11:34:36.246+0300] GC(9) Tenured: 3262K(65536K)->3262K(65536K)
[2026-07-22T11:34:36.246+0300] GC(9) Metaspace: 278K(448K)->278K(448K) NonClass: 264K(320K)->264K(320K) Class: 14K(128K)->14K(128K)
[2026-07-22T11:34:36.246+0300] GC(9) Pause Young (Allocation Failure) 25M->14M(106M) 36,304ms
[2026-07-22T11:34:36.246+0300] GC(9) User=0,03s Sys=0,00s Real=0,04s
[2026-07-22T11:34:36.389+0300] GC(10) Pause Young (Allocation Failure)
[2026-07-22T11:34:36.443+0300] GC(10) DefNew: 33661K(43712K)->16952K(43712K) Eden: 21888K(21888K)->0K(21888K) From: 11773K(21824K)->16952K(21824K)
[2026-07-22T11:34:36.443+0300] GC(10) Tenured: 3262K(65536K)->3262K(65536K)
[2026-07-22T11:34:36.443+0300] GC(10) Metaspace: 278K(448K)->278K(448K) NonClass: 264K(320K)->264K(320K) Class: 14K(128K)->14K(128K)
[2026-07-22T11:34:36.444+0300] GC(10) Pause Young (Allocation Failure) 36M->19M(106M) 54,732ms
[2026-07-22T11:34:36.444+0300] GC(10) User=0,06s Sys=0,00s Real=0,06s
[2026-07-22T11:34:36.597+0300] GC(11) Pause Young (Allocation Failure)
[2026-07-22T11:34:36.628+0300] GC(11) DefNew: 38840K(43712K)->12249K(43712K) Eden: 21888K(21888K)->0K(21888K) From: 16952K(21824K)->12249K(21824K)
[2026-07-22T11:34:36.628+0300] GC(11) Tenured: 3262K(65536K)->3262K(65536K)
[2026-07-22T11:34:36.628+0300] GC(11) Metaspace: 278K(448K)->278K(448K) NonClass: 264K(320K)->264K(320K) Class: 14K(128K)->14K(128K)
[2026-07-22T11:34:36.628+0300] GC(11) Pause Young (Allocation Failure) 41M->15M(106M) 31,409ms
[2026-07-22T11:34:36.628+0300] GC(11) User=0,03s Sys=0,00s Real=0,03s
[2026-07-22T11:34:36.778+0300] GC(12) Pause Young (Allocation Failure)
[2026-07-22T11:34:36.798+0300] GC(12) DefNew: 34137K(43712K)->7545K(43712K) Eden: 21888K(21888K)->0K(21888K) From: 12249K(21824K)->7545K(21824K)
[2026-07-22T11:34:36.798+0300] GC(12) Tenured: 3262K(65536K)->3262K(65536K)
[2026-07-22T11:34:36.798+0300] GC(12) Metaspace: 278K(448K)->278K(448K) NonClass: 264K(320K)->264K(320K) Class: 14K(128K)->14K(128K)
[2026-07-22T11:34:36.798+0300] GC(12) Pause Young (Allocation Failure) 36M->10M(106M) 19,819ms
[2026-07-22T11:34:36.798+0300] GC(12) User=0,02s Sys=0,00s Real=0,02s
[2026-07-22T11:34:36.943+0300] GC(13) Pause Young (Allocation Failure)
[2026-07-22T11:34:36.950+0300] GC(13) DefNew: 29433K(43712K)->2841K(43712K) Eden: 21888K(21888K)->0K(21888K) From: 7545K(21824K)->2841K(21824K)
[2026-07-22T11:34:36.950+0300] GC(13) Tenured: 3262K(65536K)->3262K(65536K)
[2026-07-22T11:34:36.950+0300] GC(13) Metaspace: 278K(448K)->278K(448K) NonClass: 264K(320K)->264K(320K) Class: 14K(128K)->14K(128K)
[2026-07-22T11:34:36.950+0300] GC(13) Pause Young (Allocation Failure) 31M->5M(106M) 7,761ms
[2026-07-22T11:34:36.950+0300] GC(13) User=0,01s Sys=0,00s Real=0,00s
[2026-07-22T11:34:36.977+0300] GC(14) Pause Young (Allocation Failure)
[2026-07-22T11:34:36.988+0300] GC(14) DefNew: 24729K(43712K)->4468K(43712K) Eden: 21888K(21888K)->0K(21888K) From: 2841K(21824K)->4468K(21824K)
[2026-07-22T11:34:36.988+0300] GC(14) Tenured: 3262K(65536K)->3262K(65536K)
[2026-07-22T11:34:36.988+0300] GC(14) Metaspace: 278K(448K)->278K(448K) NonClass: 264K(320K)->264K(320K) Class: 14K(128K)->14K(128K)
[2026-07-22T11:34:36.988+0300] GC(14) Pause Young (Allocation Failure) 27M->7M(106M) 11,432ms
[2026-07-22T11:34:36.988+0300] GC(14) User=0,01s Sys=0,00s Real=0,01s
[2026-07-22T11:34:37.129+0300] GC(15) Pause Young (Allocation Failure)
[2026-07-22T11:34:37.181+0300] GC(15) DefNew: 26356K(43712K)->15757K(43712K) Eden: 21888K(21888K)->0K(21888K) From: 4468K(21824K)->15757K(21824K)
[2026-07-22T11:34:37.181+0300] GC(15) Tenured: 3262K(65536K)->3262K(65536K)
[2026-07-22T11:34:37.181+0300] GC(15) Metaspace: 278K(448K)->278K(448K) NonClass: 264K(320K)->264K(320K) Class: 14K(128K)->14K(128K)
[2026-07-22T11:34:37.181+0300] GC(15) Pause Young (Allocation Failure) 28M->18M(106M) 52,122ms
[2026-07-22T11:34:37.181+0300] GC(15) User=0,05s Sys=0,00s Real=0,06s
[2026-07-22T11:34:37.329+0300] GC(16) Pause Young (Allocation Failure)
[2026-07-22T11:34:37.368+0300] GC(16) DefNew: 37645K(43712K)->15292K(43712K) Eden: 21888K(21888K)->0K(21888K) From: 15757K(21824K)->15292K(21824K)
[2026-07-22T11:34:37.368+0300] GC(16) Tenured: 3262K(65536K)->3262K(65536K)
[2026-07-22T11:34:37.368+0300] GC(16) Metaspace: 278K(448K)->278K(448K) NonClass: 264K(320K)->264K(320K) Class: 14K(128K)->14K(128K)
[2026-07-22T11:34:37.368+0300] GC(16) Pause Young (Allocation Failure) 39M->18M(106M) 39,212ms
[2026-07-22T11:34:37.368+0300] GC(16) User=0,04s Sys=0,00s Real=0,04s
[2026-07-22T11:34:37.506+0300] GC(17) Pause Young (Allocation Failure)
[2026-07-22T11:34:37.532+0300] GC(17) DefNew: 37180K(43712K)->10588K(43712K) Eden: 21888K(21888K)->0K(21888K) From: 15292K(21824K)->10588K(21824K)
[2026-07-22T11:34:37.533+0300] GC(17) Tenured: 3262K(65536K)->3262K(65536K)
[2026-07-22T11:34:37.533+0300] GC(17) Metaspace: 278K(448K)->278K(448K) NonClass: 264K(320K)->264K(320K) Class: 14K(128K)->14K(128K)
[2026-07-22T11:34:37.533+0300] GC(17) Pause Young (Allocation Failure) 39M->13M(106M) 26,825ms
[2026-07-22T11:34:37.533+0300] GC(17) User=0,03s Sys=0,00s Real=0,03s
[2026-07-22T11:34:37.677+0300] GC(18) Pause Young (Allocation Failure)
[2026-07-22T11:34:37.688+0300] GC(18) DefNew: 32476K(43712K)->5884K(43712K) Eden: 21888K(21888K)->0K(21888K) From: 10588K(21824K)->5884K(21824K)
[2026-07-22T11:34:37.689+0300] GC(18) Tenured: 3262K(65536K)->3262K(65536K)
[2026-07-22T11:34:37.689+0300] GC(18) Metaspace: 278K(448K)->278K(448K) NonClass: 264K(320K)->264K(320K) Class: 14K(128K)->14K(128K)
[2026-07-22T11:34:37.689+0300] GC(18) Pause Young (Allocation Failure) 34M->8M(106M) 11,252ms
[2026-07-22T11:34:37.689+0300] GC(18) User=0,01s Sys=0,00s Real=0,01s
[2026-07-22T11:34:37.831+0300] GC(19) Pause Young (Allocation Failure)
[2026-07-22T11:34:37.837+0300] GC(19) DefNew: 27772K(43712K)->1180K(43712K) Eden: 21888K(21888K)->0K(21888K) From: 5884K(21824K)->1180K(21824K)
[2026-07-22T11:34:37.837+0300] GC(19) Tenured: 3262K(65536K)->3262K(65536K)
[2026-07-22T11:34:37.837+0300] GC(19) Metaspace: 278K(448K)->278K(448K) NonClass: 264K(320K)->264K(320K) Class: 14K(128K)->14K(128K)
[2026-07-22T11:34:37.837+0300] GC(19) Pause Young (Allocation Failure) 30M->4M(106M) 5,830ms
[2026-07-22T11:34:37.837+0300] GC(19) User=0,01s Sys=0,00s Real=0,00s
[2026-07-22T11:34:37.871+0300] GC(20) Pause Young (Allocation Failure)
[2026-07-22T11:34:37.897+0300] GC(20) DefNew: 23068K(43712K)->8454K(43712K) Eden: 21888K(21888K)->0K(21888K) From: 1180K(21824K)->8454K(21824K)
[2026-07-22T11:34:37.897+0300] GC(20) Tenured: 3262K(65536K)->3262K(65536K)
[2026-07-22T11:34:37.897+0300] GC(20) Metaspace: 278K(448K)->278K(448K) NonClass: 264K(320K)->264K(320K) Class: 14K(128K)->14K(128K)
[2026-07-22T11:34:37.897+0300] GC(20) Pause Young (Allocation Failure) 25M->11M(106M) 26,212ms
[2026-07-22T11:34:37.897+0300] GC(20) User=0,03s Sys=0,00s Real=0,02s
[2026-07-22T11:34:38.041+0300] GC(21) Pause Young (Allocation Failure)
[2026-07-22T11:34:38.099+0300] GC(21) DefNew: 30342K(43712K)->18336K(43712K) Eden: 21888K(21888K)->0K(21888K) From: 8454K(21824K)->18336K(21824K)
[2026-07-22T11:34:38.099+0300] GC(21) Tenured: 3262K(65536K)->3262K(65536K)
[2026-07-22T11:34:38.099+0300] GC(21) Metaspace: 278K(448K)->278K(448K) NonClass: 264K(320K)->264K(320K) Class: 14K(128K)->14K(128K)
[2026-07-22T11:34:38.099+0300] GC(21) Pause Young (Allocation Failure) 32M->21M(106M) 58,614ms
[2026-07-22T11:34:38.099+0300] GC(21) User=0,06s Sys=0,00s Real=0,05s
[2026-07-22T11:34:38.264+0300] GC(22) Pause Young (Allocation Failure)
[2026-07-22T11:34:38.294+0300] GC(22) DefNew: 40224K(43712K)->13632K(43712K) Eden: 21888K(21888K)->0K(21888K) From: 18336K(21824K)->13632K(21824K)
[2026-07-22T11:34:38.294+0300] GC(22) Tenured: 3262K(65536K)->3262K(65536K)
[2026-07-22T11:34:38.294+0300] GC(22) Metaspace: 278K(448K)->278K(448K) NonClass: 264K(320K)->264K(320K) Class: 14K(128K)->14K(128K)
[2026-07-22T11:34:38.294+0300] GC(22) Pause Young (Allocation Failure) 42M->16M(106M) 30,756ms
[2026-07-22T11:34:38.294+0300] GC(22) User=0,03s Sys=0,00s Real=0,03s
[2026-07-22T11:34:38.443+0300] GC(23) Pause Young (Allocation Failure)
[2026-07-22T11:34:38.465+0300] GC(23) DefNew: 35520K(43712K)->8928K(43712K) Eden: 21888K(21888K)->0K(21888K) From: 13632K(21824K)->8928K(21824K)
[2026-07-22T11:34:38.465+0300] GC(23) Tenured: 3262K(65536K)->3262K(65536K)
[2026-07-22T11:34:38.465+0300] GC(23) Metaspace: 278K(448K)->278K(448K) NonClass: 264K(320K)->264K(320K) Class: 14K(128K)->14K(128K)
[2026-07-22T11:34:38.465+0300] GC(23) Pause Young (Allocation Failure) 37M->11M(106M) 22,237ms
[2026-07-22T11:34:38.465+0300] GC(23) User=0,02s Sys=0,00s Real=0,02s
[2026-07-22T11:34:38.615+0300] GC(24) Pause Young (Allocation Failure)
[2026-07-22T11:34:38.628+0300] GC(24) DefNew: 30816K(43712K)->2978K(43712K) Eden: 21888K(21888K)->0K(21888K) From: 8928K(21824K)->2978K(21824K)
[2026-07-22T11:34:38.628+0300] GC(24) Tenured: 3262K(65536K)->3262K(65536K)
[2026-07-22T11:34:38.628+0300] GC(24) Metaspace: 1313K(1472K)->1313K(1472K) NonClass: 1162K(1216K)->1162K(1216K) Class: 150K(256K)->150K(256K)
[2026-07-22T11:34:38.628+0300] GC(24) Pause Young (Allocation Failure) 33M->6M(106M) 12,676ms
[2026-07-22T11:34:38.628+0300] GC(24) User=0,01s Sys=0,00s Real=0,01s
[2026-07-22T11:34:38.727+0300] GC(25) Pause Young (Allocation Failure)
[2026-07-22T11:34:38.787+0300] GC(25) DefNew: 24866K(43712K)->19689K(43712K) Eden: 21888K(21888K)->0K(21888K) From: 2978K(21824K)->19689K(21824K)
[2026-07-22T11:34:38.788+0300] GC(25) Tenured: 3262K(65536K)->3262K(65536K)
[2026-07-22T11:34:38.788+0300] GC(25) Metaspace: 1999K(2176K)->1999K(2176K) NonClass: 1785K(1856K)->1785K(1856K) Class: 214K(320K)->214K(320K)
[2026-07-22T11:34:38.788+0300] GC(25) Pause Young (Allocation Failure) 27M->22M(106M) 61,043ms
[2026-07-22T11:34:38.788+0300] GC(25) User=0,11s Sys=0,01s Real=0,06s
[2026-07-22T11:34:38.940+0300] GC(26) Pause Young (Allocation Failure)
[2026-07-22T11:34:38.950+0300] GC(26) DefNew: 41577K(43712K)->1537K(43712K) Eden: 21888K(21888K)->0K(21888K) From: 19689K(21824K)->1537K(21824K)
[2026-07-22T11:34:38.950+0300] GC(26) Tenured: 3262K(65536K)->4339K(65536K)
[2026-07-22T11:34:38.950+0300] GC(26) Metaspace: 3398K(3584K)->3398K(3584K) NonClass: 3075K(3200K)->3075K(3200K) Class: 322K(384K)->322K(384K)
[2026-07-22T11:34:38.950+0300] GC(26) Pause Young (Allocation Failure) 43M->5M(106M) 9,532ms
[2026-07-22T11:34:38.950+0300] GC(26) User=0,01s Sys=0,00s Real=0,01s
[2026-07-22T11:34:39.032+0300] GC(27) Pause Young (Allocation Failure)
[2026-07-22T11:34:39.070+0300] GC(27) DefNew: 23425K(43712K)->17785K(43712K) Eden: 21888K(21888K)->0K(21888K) From: 1537K(21824K)->17785K(21824K)
[2026-07-22T11:34:39.070+0300] GC(27) Tenured: 4339K(65536K)->4339K(65536K)
[2026-07-22T11:34:39.070+0300] GC(27) Metaspace: 3674K(3840K)->3674K(3840K) NonClass: 3337K(3456K)->3337K(3456K) Class: 337K(384K)->337K(384K)
[2026-07-22T11:34:39.070+0300] GC(27) Pause Young (Allocation Failure) 27M->21M(106M) 38,280ms
[2026-07-22T11:34:39.070+0300] GC(27) User=0,10s Sys=0,00s Real=0,03s
[2026-07-22T11:34:39.238+0300] GC(28) Pause Young (Allocation Failure)
[2026-07-22T11:34:39.254+0300] GC(28) DefNew: 39673K(43712K)->5820K(43712K) Eden: 21888K(21888K)->0K(21888K) From: 17785K(21824K)->5820K(21824K)
[2026-07-22T11:34:39.254+0300] GC(28) Tenured: 4339K(65536K)->5053K(65536K)
[2026-07-22T11:34:39.254+0300] GC(28) Metaspace: 5785K(6080K)->5785K(6080K) NonClass: 5222K(5376K)->5222K(5376K) Class: 562K(704K)->562K(704K)
[2026-07-22T11:34:39.254+0300] GC(28) Pause Young (Allocation Failure) 42M->10M(106M) 16,022ms
[2026-07-22T11:34:39.254+0300] GC(28) User=0,03s Sys=0,00s Real=0,02s
[2026-07-22T11:34:39.274+0300] GC(29) Pause Young (Allocation Failure)
[2026-07-22T11:34:39.298+0300] GC(29) DefNew: 27708K(43712K)->7481K(43712K) Eden: 21888K(21888K)->0K(21888K) From: 5820K(21824K)->7481K(21824K)
[2026-07-22T11:34:39.298+0300] GC(29) Tenured: 5053K(65536K)->5053K(65536K)
[2026-07-22T11:34:39.298+0300] GC(29) Metaspace: 6044K(6272K)->6044K(6272K) NonClass: 5450K(5568K)->5450K(5568K) Class: 593K(704K)->593K(704K)
[2026-07-22T11:34:39.298+0300] GC(29) Pause Young (Allocation Failure) 31M->12M(106M) 23,660ms
[2026-07-22T11:34:39.298+0300] GC(29) User=0,04s Sys=0,00s Real=0,02s
[2026-07-22T11:34:39.419+0300] GC(30) Pause Young (Allocation Failure)
[2026-07-22T11:34:39.470+0300] GC(30) DefNew: 29369K(43712K)->16055K(43712K) Eden: 21888K(21888K)->0K(21888K) From: 7481K(21824K)->16055K(21824K)
[2026-07-22T11:34:39.470+0300] GC(30) Tenured: 5053K(65536K)->5053K(65536K)
[2026-07-22T11:34:39.470+0300] GC(30) Metaspace: 8259K(8576K)->8259K(8576K) NonClass: 7407K(7552K)->7407K(7552K) Class: 852K(1024K)->852K(1024K)
[2026-07-22T11:34:39.470+0300] GC(30) Pause Young (Allocation Failure) 33M->20M(106M) 51,286ms
[2026-07-22T11:34:39.470+0300] GC(30) User=0,08s Sys=0,00s Real=0,05s
[2026-07-22T11:34:39.606+0300] GC(31) Pause Young (Allocation Failure)
[2026-07-22T11:34:39.627+0300] GC(31) DefNew: 37943K(43712K)->3181K(43712K) Eden: 21888K(21888K)->0K(21888K) From: 16055K(21824K)->3181K(21824K)
[2026-07-22T11:34:39.627+0300] GC(31) Tenured: 5053K(65536K)->6143K(65536K)
[2026-07-22T11:34:39.627+0300] GC(31) Metaspace: 8641K(9024K)->8641K(9024K) NonClass: 7739K(7936K)->7739K(7936K) Class: 901K(1088K)->901K(1088K)
[2026-07-22T11:34:39.627+0300] GC(31) Pause Young (Allocation Failure) 41M->9M(106M) 21,307ms
[2026-07-22T11:34:39.627+0300] GC(31) User=0,02s Sys=0,01s Real=0,02s
[2026-07-22T11:34:39.660+0300] GC(32) Pause Young (Allocation Failure)
[2026-07-22T11:34:39.690+0300] GC(32) DefNew: 25069K(43712K)->9947K(43712K) Eden: 21888K(21888K)->0K(21888K) From: 3181K(21824K)->9947K(21824K)
[2026-07-22T11:34:39.690+0300] GC(32) Tenured: 6143K(65536K)->6143K(65536K)
[2026-07-22T11:34:39.690+0300] GC(32) Metaspace: 8641K(9024K)->8641K(9024K) NonClass: 7739K(7936K)->7739K(7936K) Class: 901K(1088K)->901K(1088K)
[2026-07-22T11:34:39.690+0300] GC(32) Pause Young (Allocation Failure) 30M->15M(106M) 30,568ms
[2026-07-22T11:34:39.690+0300] GC(32) User=0,03s Sys=0,00s Real=0,03s
[2026-07-22T11:34:39.827+0300] GC(33) Pause Young (Allocation Failure)
[2026-07-22T11:34:39.872+0300] GC(33) DefNew: 31835K(43712K)->15553K(43712K) Eden: 21888K(21888K)->0K(21888K) From: 9947K(21824K)->15553K(21824K)
[2026-07-22T11:34:39.872+0300] GC(33) Tenured: 6143K(65536K)->6143K(65536K)
[2026-07-22T11:34:39.872+0300] GC(33) Metaspace: 8642K(9024K)->8642K(9024K) NonClass: 7740K(7936K)->7740K(7936K) Class: 901K(1088K)->901K(1088K)
[2026-07-22T11:34:39.872+0300] GC(33) Pause Young (Allocation Failure) 37M->21M(106M) 45,361ms
[2026-07-22T11:34:39.872+0300] GC(33) User=0,04s Sys=0,00s Real=0,05s
[2026-07-22T11:34:40.026+0300] GC(34) Pause Young (Allocation Failure)
[2026-07-22T11:34:40.035+0300] GC(34) DefNew: 37441K(43712K)->1992K(43712K) Eden: 21888K(21888K)->0K(21888K) From: 15553K(21824K)->1992K(21824K)
[2026-07-22T11:34:40.035+0300] GC(34) Tenured: 6143K(65536K)->6392K(65536K)
[2026-07-22T11:34:40.035+0300] GC(34) Metaspace: 8921K(9216K)->8921K(9216K) NonClass: 7983K(8128K)->7983K(8128K) Class: 938K(1088K)->938K(1088K)
[2026-07-22T11:34:40.035+0300] GC(34) Pause Young (Allocation Failure) 42M->8M(106M) 8,537ms
[2026-07-22T11:34:40.035+0300] GC(34) User=0,01s Sys=0,00s Real=0,01s
[2026-07-22T11:34:40.067+0300] GC(35) Pause Young (Allocation Failure)
[2026-07-22T11:34:40.093+0300] GC(35) DefNew: 23880K(43712K)->12361K(43712K) Eden: 21888K(21888K)->0K(21888K) From: 1992K(21824K)->12361K(21824K)
[2026-07-22T11:34:40.093+0300] GC(35) Tenured: 6392K(65536K)->6392K(65536K)
[2026-07-22T11:34:40.093+0300] GC(35) Metaspace: 9059K(9472K)->9059K(9472K) NonClass: 8103K(8320K)->8103K(8320K) Class: 956K(1152K)->956K(1152K)
[2026-07-22T11:34:40.093+0300] GC(35) Pause Young (Allocation Failure) 29M->18M(106M) 25,817ms
[2026-07-22T11:34:40.093+0300] GC(35) User=0,03s Sys=0,00s Real=0,03s
[2026-07-22T11:34:40.230+0300] GC(36) Pause Young (Allocation Failure)
[2026-07-22T11:34:40.260+0300] GC(36) DefNew: 34249K(43712K)->13518K(43712K) Eden: 21888K(21888K)->0K(21888K) From: 12361K(21824K)->13518K(21824K)
[2026-07-22T11:34:40.260+0300] GC(36) Tenured: 6392K(65536K)->6615K(65536K)
[2026-07-22T11:34:40.260+0300] GC(36) Metaspace: 9060K(9472K)->9060K(9472K) NonClass: 8104K(8320K)->8104K(8320K) Class: 956K(1152K)->956K(1152K)
[2026-07-22T11:34:40.260+0300] GC(36) Pause Young (Allocation Failure) 39M->19M(106M) 30,176ms
[2026-07-22T11:34:40.260+0300] GC(36) User=0,02s Sys=0,00s Real=0,03s
[2026-07-22T11:34:40.406+0300] GC(37) Pause Young (Allocation Failure)
[2026-07-22T11:34:40.418+0300] GC(37) DefNew: 35406K(43712K)->3960K(43712K) Eden: 21888K(21888K)->0K(21888K) From: 13518K(21824K)->3960K(21824K)
[2026-07-22T11:34:40.418+0300] GC(37) Tenured: 6615K(65536K)->6626K(65536K)
[2026-07-22T11:34:40.418+0300] GC(37) Metaspace: 9062K(9472K)->9062K(9472K) NonClass: 8105K(8320K)->8105K(8320K) Class: 956K(1152K)->956K(1152K)
[2026-07-22T11:34:40.418+0300] GC(37) Pause Young (Allocation Failure) 41M->10M(106M) 12,849ms
[2026-07-22T11:34:40.419+0300] GC(37) User=0,01s Sys=0,00s Real=0,01s
[2026-07-22T11:34:40.454+0300] GC(38) Pause Young (Allocation Failure)
[2026-07-22T11:34:40.477+0300] GC(38) DefNew: 25848K(43712K)->8462K(43712K) Eden: 21888K(21888K)->0K(21888K) From: 3960K(21824K)->8462K(21824K)
[2026-07-22T11:34:40.477+0300] GC(38) Tenured: 6626K(65536K)->6626K(65536K)
[2026-07-22T11:34:40.477+0300] GC(38) Metaspace: 9062K(9472K)->9062K(9472K) NonClass: 8106K(8320K)->8106K(8320K) Class: 956K(1152K)->956K(1152K)
[2026-07-22T11:34:40.477+0300] GC(38) Pause Young (Allocation Failure) 31M->14M(106M) 22,803ms
[2026-07-22T11:34:40.477+0300] GC(38) User=0,02s Sys=0,00s Real=0,02s
[2026-07-22T11:34:40.615+0300] GC(39) Pause Young (Allocation Failure)
[2026-07-22T11:34:40.664+0300] GC(39) DefNew: 30350K(43712K)->15814K(43712K) Eden: 21888K(21888K)->0K(21888K) From: 8462K(21824K)->15814K(21824K)
[2026-07-22T11:34:40.664+0300] GC(39) Tenured: 6626K(65536K)->6626K(65536K)
[2026-07-22T11:34:40.664+0300] GC(39) Metaspace: 9130K(9536K)->9130K(9536K) NonClass: 8171K(8384K)->8171K(8384K) Class: 959K(1152K)->959K(1152K)
[2026-07-22T11:34:40.664+0300] GC(39) Pause Young (Allocation Failure) 36M->21M(106M) 49,739ms
[2026-07-22T11:34:40.665+0300] GC(39) User=0,04s Sys=0,00s Real=0,05s
[2026-07-22T11:34:40.812+0300] GC(40) Pause Young (Allocation Failure)
[2026-07-22T11:34:40.829+0300] GC(40) DefNew: 37702K(43712K)->6317K(43712K) Eden: 21888K(21888K)->0K(21888K) From: 15814K(21824K)->6317K(21824K)
[2026-07-22T11:34:40.829+0300] GC(40) Tenured: 6626K(65536K)->6671K(65536K)
[2026-07-22T11:34:40.829+0300] GC(40) Metaspace: 9133K(9536K)->9133K(9536K) NonClass: 8174K(8384K)->8174K(8384K) Class: 959K(1152K)->959K(1152K)
[2026-07-22T11:34:40.830+0300] GC(40) Pause Young (Allocation Failure) 43M->12M(106M) 17,346ms
[2026-07-22T11:34:40.830+0300] GC(40) User=0,01s Sys=0,00s Real=0,01s
[2026-07-22T11:34:40.872+0300] GC(41) Pause Young (Allocation Failure)
[2026-07-22T11:34:40.887+0300] GC(41) DefNew: 28205K(43712K)->4695K(43712K) Eden: 21888K(21888K)->0K(21888K) From: 6317K(21824K)->4695K(21824K)
[2026-07-22T11:34:40.887+0300] GC(41) Tenured: 6671K(65536K)->6671K(65536K)
[2026-07-22T11:34:40.887+0300] GC(41) Metaspace: 9134K(9536K)->9134K(9536K) NonClass: 8175K(8384K)->8175K(8384K) Class: 959K(1152K)->959K(1152K)
[2026-07-22T11:34:40.887+0300] GC(41) Pause Young (Allocation Failure) 34M->11M(106M) 15,334ms
[2026-07-22T11:34:40.887+0300] GC(41) User=0,02s Sys=0,00s Real=0,01s
[2026-07-22T11:34:41.021+0300] GC(42) Pause Young (Allocation Failure)
[2026-07-22T11:34:41.081+0300] GC(42) DefNew: 26583K(43712K)->18740K(43712K) Eden: 21888K(21888K)->0K(21888K) From: 4695K(21824K)->18740K(21824K)
[2026-07-22T11:34:41.081+0300] GC(42) Tenured: 6671K(65536K)->6671K(65536K)
[2026-07-22T11:34:41.081+0300] GC(42) Metaspace: 9137K(9536K)->9137K(9536K) NonClass: 8177K(8384K)->8177K(8384K) Class: 959K(1152K)->959K(1152K)
[2026-07-22T11:34:41.081+0300] GC(42) Pause Young (Allocation Failure) 32M->24M(106M) 59,904ms
[2026-07-22T11:34:41.081+0300] GC(42) User=0,06s Sys=0,00s Real=0,06s
[2026-07-22T11:34:41.230+0300] GC(43) Pause Young (Allocation Failure)
[2026-07-22T11:34:41.251+0300] GC(43) DefNew: 40628K(43712K)->9290K(43712K) Eden: 21888K(21888K)->0K(21888K) From: 18740K(21824K)->9290K(21824K)
[2026-07-22T11:34:41.251+0300] GC(43) Tenured: 6671K(65536K)->6704K(65536K)
[2026-07-22T11:34:41.251+0300] GC(43) Metaspace: 9138K(9536K)->9138K(9536K) NonClass: 8179K(8384K)->8179K(8384K) Class: 959K(1152K)->959K(1152K)
[2026-07-22T11:34:41.251+0300] GC(43) Pause Young (Allocation Failure) 46M->15M(106M) 20,720ms
[2026-07-22T11:34:41.251+0300] GC(43) User=0,02s Sys=0,00s Real=0,03s
[2026-07-22T11:34:41.293+0300] GC(44) Pause Young (Allocation Failure)
[2026-07-22T11:34:41.297+0300] GC(44) DefNew: 31178K(43712K)->238K(43712K) Eden: 21888K(21888K)->0K(21888K) From: 9290K(21824K)->238K(21824K)
[2026-07-22T11:34:41.297+0300] GC(44) Tenured: 6704K(65536K)->6704K(65536K)
[2026-07-22T11:34:41.297+0300] GC(44) Metaspace: 9138K(9536K)->9138K(9536K) NonClass: 8179K(8384K)->8179K(8384K) Class: 959K(1152K)->959K(1152K)
[2026-07-22T11:34:41.297+0300] GC(44) Pause Young (Allocation Failure) 36M->6M(106M) 3,289ms
[2026-07-22T11:34:41.297+0300] GC(44) User=0,01s Sys=0,00s Real=0,00s
[2026-07-22T11:34:41.427+0300] GC(45) Pause Young (Allocation Failure)
[2026-07-22T11:34:41.472+0300] GC(45) DefNew: 22126K(43712K)->14378K(43712K) Eden: 21888K(21888K)->0K(21888K) From: 238K(21824K)->14378K(21824K)
[2026-07-22T11:34:41.472+0300] GC(45) Tenured: 6704K(65536K)->6704K(65536K)
[2026-07-22T11:34:41.472+0300] GC(45) Metaspace: 9138K(9536K)->9138K(9536K) NonClass: 8179K(8384K)->8179K(8384K) Class: 959K(1152K)->959K(1152K)
[2026-07-22T11:34:41.472+0300] GC(45) Pause Young (Allocation Failure) 28M->20M(106M) 45,279ms
[2026-07-22T11:34:41.472+0300] GC(45) User=0,04s Sys=0,00s Real=0,05s
[2026-07-22T11:34:41.617+0300] GC(46) Pause Young (Allocation Failure)
[2026-07-22T11:34:41.650+0300] GC(46) DefNew: 36266K(43712K)->12072K(43712K) Eden: 21888K(21888K)->0K(21888K) From: 14378K(21824K)->12072K(21824K)
[2026-07-22T11:34:41.650+0300] GC(46) Tenured: 6704K(65536K)->6737K(65536K)
[2026-07-22T11:34:41.650+0300] GC(46) Metaspace: 9168K(9536K)->9168K(9536K) NonClass: 8209K(8384K)->8209K(8384K) Class: 959K(1152K)->959K(1152K)
[2026-07-22T11:34:41.650+0300] GC(46) Pause Young (Allocation Failure) 41M->18M(106M) 32,937ms
[2026-07-22T11:34:41.650+0300] GC(46) User=0,04s Sys=0,00s Real=0,03s
[2026-07-22T11:34:41.794+0300] GC(47) Pause Young (Allocation Failure)
[2026-07-22T11:34:41.803+0300] GC(47) DefNew: 33960K(43712K)->2647K(43712K) Eden: 21888K(21888K)->0K(21888K) From: 12072K(21824K)->2647K(21824K)
[2026-07-22T11:34:41.803+0300] GC(47) Tenured: 6737K(65536K)->6748K(65536K)
[2026-07-22T11:34:41.803+0300] GC(47) Metaspace: 9168K(9536K)->9168K(9536K) NonClass: 8209K(8384K)->8209K(8384K) Class: 959K(1152K)->959K(1152K)
[2026-07-22T11:34:41.803+0300] GC(47) Pause Young (Allocation Failure) 39M->9M(106M) 9,241ms
[2026-07-22T11:34:41.803+0300] GC(47) User=0,01s Sys=0,00s Real=0,01s
[2026-07-22T11:34:41.839+0300] GC(48) Pause Young (Allocation Failure)
[2026-07-22T11:34:41.875+0300] GC(48) DefNew: 24535K(43712K)->10205K(43712K) Eden: 21888K(21888K)->0K(21888K) From: 2647K(21824K)->10205K(21824K)
[2026-07-22T11:34:41.875+0300] GC(48) Tenured: 6748K(65536K)->6748K(65536K)
[2026-07-22T11:34:41.875+0300] GC(48) Metaspace: 9168K(9536K)->9168K(9536K) NonClass: 8209K(8384K)->8209K(8384K) Class: 959K(1152K)->959K(1152K)
[2026-07-22T11:34:41.875+0300] GC(48) Pause Young (Allocation Failure) 30M->16M(106M) 35,558ms
[2026-07-22T11:34:41.875+0300] GC(48) User=0,03s Sys=0,00s Real=0,04s
[2026-07-22T11:34:42.027+0300] GC(49) Pause Young (Allocation Failure)
[2026-07-22T11:34:42.060+0300] GC(49) DefNew: 32093K(43712K)->15069K(43712K) Eden: 21888K(21888K)->0K(21888K) From: 10205K(21824K)->15069K(21824K)
[2026-07-22T11:34:42.060+0300] GC(49) Tenured: 6748K(65536K)->6748K(65536K)
[2026-07-22T11:34:42.060+0300] GC(49) Metaspace: 9169K(9536K)->9169K(9536K) NonClass: 8210K(8384K)->8210K(8384K) Class: 959K(1152K)->959K(1152K)
[2026-07-22T11:34:42.060+0300] GC(49) Pause Young (Allocation Failure) 37M->21M(106M) 33,058ms
[2026-07-22T11:34:42.060+0300] GC(49) User=0,03s Sys=0,00s Real=0,03s
[2026-07-22T11:34:42.202+0300] GC(50) Pause Young (Allocation Failure)
[2026-07-22T11:34:42.215+0300] GC(50) DefNew: 36957K(43712K)->5622K(43712K) Eden: 21888K(21888K)->0K(21888K) From: 15069K(21824K)->5622K(21824K)
[2026-07-22T11:34:42.215+0300] GC(50) Tenured: 6748K(65536K)->6781K(65536K)
[2026-07-22T11:34:42.215+0300] GC(50) Metaspace: 9176K(9600K)->9176K(9600K) NonClass: 8217K(8448K)->8217K(8448K) Class: 959K(1152K)->959K(1152K)
[2026-07-22T11:34:42.215+0300] GC(50) Pause Young (Allocation Failure) 42M->12M(106M) 12,917ms
[2026-07-22T11:34:42.215+0300] GC(50) User=0,01s Sys=0,00s Real=0,01s
[2026-07-22T11:34:42.254+0300] GC(51) Pause Young (Allocation Failure)
[2026-07-22T11:34:42.270+0300] GC(51) DefNew: 27510K(43712K)->5741K(43712K) Eden: 21888K(21888K)->0K(21888K) From: 5622K(21824K)->5741K(21824K)
[2026-07-22T11:34:42.270+0300] GC(51) Tenured: 6781K(65536K)->6781K(65536K)
[2026-07-22T11:34:42.270+0300] GC(51) Metaspace: 9176K(9600K)->9176K(9600K) NonClass: 8217K(8448K)->8217K(8448K) Class: 959K(1152K)->959K(1152K)
[2026-07-22T11:34:42.270+0300] GC(51) Pause Young (Allocation Failure) 33M->12M(106M) 16,001ms
[2026-07-22T11:34:42.270+0300] GC(51) User=0,02s Sys=0,00s Real=0,01s
[2026-07-22T11:34:42.402+0300] GC(52) Pause Young (Allocation Failure)
[2026-07-22T11:34:42.455+0300] GC(52) DefNew: 27629K(43712K)->18045K(43712K) Eden: 21888K(21888K)->0K(21888K) From: 5741K(21824K)->18045K(21824K)
[2026-07-22T11:34:42.455+0300] GC(52) Tenured: 6781K(65536K)->6781K(65536K)
[2026-07-22T11:34:42.455+0300] GC(52) Metaspace: 9176K(9600K)->9176K(9600K) NonClass: 8217K(8448K)->8217K(8448K) Class: 959K(1152K)->959K(1152K)
[2026-07-22T11:34:42.455+0300] GC(52) Pause Young (Allocation Failure) 33M->24M(106M) 52,486ms
[2026-07-22T11:34:42.455+0300] GC(52) User=0,05s Sys=0,00s Real=0,05s
[2026-07-22T11:34:42.601+0300] GC(53) Pause Young (Allocation Failure)
[2026-07-22T11:34:42.627+0300] GC(53) DefNew: 39933K(43712K)->8368K(43712K) Eden: 21888K(21888K)->0K(21888K) From: 18045K(21824K)->8368K(21824K)
[2026-07-22T11:34:42.627+0300] GC(53) Tenured: 6781K(65536K)->6814K(65536K)
[2026-07-22T11:34:42.627+0300] GC(53) Metaspace: 9187K(9600K)->9187K(9600K) NonClass: 8227K(8448K)->8227K(8448K) Class: 959K(1152K)->959K(1152K)
[2026-07-22T11:34:42.627+0300] GC(53) Pause Young (Allocation Failure) 45M->14M(106M) 26,244ms
[2026-07-22T11:34:42.628+0300] GC(53) User=0,03s Sys=0,00s Real=0,02s
[2026-07-22T11:34:42.668+0300] GC(54) Pause Young (Allocation Failure)
[2026-07-22T11:34:42.676+0300] GC(54) DefNew: 30256K(43712K)->1720K(43712K) Eden: 21888K(21888K)->0K(21888K) From: 8368K(21824K)->1720K(21824K)
[2026-07-22T11:34:42.676+0300] GC(54) Tenured: 6814K(65536K)->6814K(65536K)
[2026-07-22T11:34:42.676+0300] GC(54) Metaspace: 9196K(9600K)->9196K(9600K) NonClass: 8236K(8448K)->8236K(8448K) Class: 959K(1152K)->959K(1152K)
[2026-07-22T11:34:42.676+0300] GC(54) Pause Young (Allocation Failure) 36M->8M(106M) 8,212ms
[2026-07-22T11:34:42.676+0300] GC(54) User=0,01s Sys=0,00s Real=0,01s
[2026-07-22T11:34:42.801+0300] GC(55) Pause Young (Allocation Failure)
[2026-07-22T11:34:42.860+0300] GC(55) DefNew: 23608K(43712K)->15867K(43712K) Eden: 21888K(21888K)->0K(21888K) From: 1720K(21824K)->15867K(21824K)
[2026-07-22T11:34:42.860+0300] GC(55) Tenured: 6814K(65536K)->6814K(65536K)
[2026-07-22T11:34:42.860+0300] GC(55) Metaspace: 9196K(9600K)->9196K(9600K) NonClass: 8236K(8448K)->8236K(8448K) Class: 959K(1152K)->959K(1152K)
[2026-07-22T11:34:42.860+0300] GC(55) Pause Young (Allocation Failure) 29M->22M(106M) 59,216ms
[2026-07-22T11:34:42.860+0300] GC(55) User=0,06s Sys=0,00s Real=0,05s
[2026-07-22T11:34:43.018+0300] GC(56) Pause Young (Allocation Failure)
[2026-07-22T11:34:43.043+0300] GC(56) DefNew: 37755K(43712K)->11281K(43712K) Eden: 21888K(21888K)->0K(21888K) From: 15867K(21824K)->11281K(21824K)
[2026-07-22T11:34:43.043+0300] GC(56) Tenured: 6814K(65536K)->6850K(65536K)
[2026-07-22T11:34:43.043+0300] GC(56) Metaspace: 9196K(9600K)->9196K(9600K) NonClass: 8236K(8448K)->8236K(8448K) Class: 959K(1152K)->959K(1152K)
[2026-07-22T11:34:43.043+0300] GC(56) Pause Young (Allocation Failure) 43M->17M(106M) 25,778ms
[2026-07-22T11:34:43.043+0300] GC(56) User=0,02s Sys=0,00s Real=0,03s
[2026-07-22T11:34:43.189+0300] GC(57) Pause Young (Allocation Failure)
[2026-07-22T11:34:43.195+0300] GC(57) DefNew: 33169K(43712K)->1857K(43712K) Eden: 21888K(21888K)->0K(21888K) From: 11281K(21824K)->1857K(21824K)
[2026-07-22T11:34:43.195+0300] GC(57) Tenured: 6850K(65536K)->6861K(65536K)
[2026-07-22T11:34:43.195+0300] GC(57) Metaspace: 9196K(9600K)->9196K(9600K) NonClass: 8236K(8448K)->8236K(8448K) Class: 959K(1152K)->959K(1152K)
[2026-07-22T11:34:43.195+0300] GC(57) Pause Young (Allocation Failure) 39M->8M(106M) 6,174ms
[2026-07-22T11:34:43.195+0300] GC(57) User=0,01s Sys=0,00s Real=0,01s
[2026-07-22T11:34:43.234+0300] GC(58) Pause Young (Allocation Failure)
[2026-07-22T11:34:43.267+0300] GC(58) DefNew: 23745K(43712K)->11532K(43712K) Eden: 21888K(21888K)->0K(21888K) From: 1857K(21824K)->11532K(21824K)
[2026-07-22T11:34:43.267+0300] GC(58) Tenured: 6861K(65536K)->6861K(65536K)
[2026-07-22T11:34:43.267+0300] GC(58) Metaspace: 9202K(9600K)->9202K(9600K) NonClass: 8243K(8448K)->8243K(8448K) Class: 959K(1152K)->959K(1152K)
[2026-07-22T11:34:43.268+0300] GC(58) Pause Young (Allocation Failure) 29M->17M(106M) 33,720ms
[2026-07-22T11:34:43.268+0300] GC(58) User=0,04s Sys=0,00s Real=0,03s
[2026-07-22T11:34:43.411+0300] GC(59) Pause Young (Allocation Failure)
[2026-07-22T11:34:43.454+0300] GC(59) DefNew: 33420K(43712K)->14163K(43712K) Eden: 21888K(21888K)->0K(21888K) From: 11532K(21824K)->14163K(21824K)
[2026-07-22T11:34:43.454+0300] GC(59) Tenured: 6861K(65536K)->6883K(65536K)
[2026-07-22T11:34:43.454+0300] GC(59) Metaspace: 9202K(9600K)->9202K(9600K) NonClass: 8243K(8448K)->8243K(8448K) Class: 959K(1152K)->959K(1152K)
[2026-07-22T11:34:43.454+0300] GC(59) Pause Young (Allocation Failure) 39M->20M(106M) 42,896ms
[2026-07-22T11:34:43.454+0300] GC(59) User=0,04s Sys=0,00s Real=0,04s
[2026-07-22T11:34:43.606+0300] GC(60) Pause Young (Allocation Failure)
[2026-07-22T11:34:43.622+0300] GC(60) DefNew: 36051K(43712K)->4613K(43712K) Eden: 21888K(21888K)->0K(21888K) From: 14163K(21824K)->4613K(21824K)
[2026-07-22T11:34:43.622+0300] GC(60) Tenured: 6883K(65536K)->6894K(65536K)
[2026-07-22T11:34:43.622+0300] GC(60) Metaspace: 9210K(9600K)->9210K(9600K) NonClass: 8250K(8448K)->8250K(8448K) Class: 959K(1152K)->959K(1152K)
[2026-07-22T11:34:43.622+0300] GC(60) Pause Young (Allocation Failure) 41M->11M(106M) 16,279ms
[2026-07-22T11:34:43.622+0300] GC(60) User=0,03s Sys=0,00s Real=0,02s
[2026-07-22T11:34:43.660+0300] GC(61) Pause Young (Allocation Failure)
[2026-07-22T11:34:43.684+0300] GC(61) DefNew: 26501K(43712K)->7256K(43712K) Eden: 21888K(21888K)->0K(21888K) From: 4613K(21824K)->7256K(21824K)
[2026-07-22T11:34:43.684+0300] GC(61) Tenured: 6894K(65536K)->6894K(65536K)
[2026-07-22T11:34:43.684+0300] GC(61) Metaspace: 9210K(9600K)->9210K(9600K) NonClass: 8250K(8448K)->8250K(8448K) Class: 959K(1152K)->959K(1152K)
[2026-07-22T11:34:43.684+0300] GC(61) Pause Young (Allocation Failure) 32M->13M(106M) 23,725ms
[2026-07-22T11:34:43.684+0300] GC(61) User=0,03s Sys=0,00s Real=0,03s
[2026-07-22T11:34:43.824+0300] GC(62) Pause Young (Allocation Failure)
[2026-07-22T11:34:43.878+0300] GC(62) DefNew: 29144K(43712K)->17034K(43712K) Eden: 21888K(21888K)->0K(21888K) From: 7256K(21824K)->17034K(21824K)
[2026-07-22T11:34:43.878+0300] GC(62) Tenured: 6894K(65536K)->6894K(65536K)
[2026-07-22T11:34:43.878+0300] GC(62) Metaspace: 9210K(9600K)->9210K(9600K) NonClass: 8250K(8448K)->8250K(8448K) Class: 959K(1152K)->959K(1152K)
[2026-07-22T11:34:43.878+0300] GC(62) Pause Young (Allocation Failure) 35M->23M(106M) 53,705ms
[2026-07-22T11:34:43.878+0300] GC(62) User=0,05s Sys=0,00s Real=0,05s
[2026-07-22T11:34:44.026+0300] GC(63) Pause Young (Allocation Failure)
[2026-07-22T11:34:44.045+0300] GC(63) DefNew: 38922K(43712K)->7588K(43712K) Eden: 21888K(21888K)->0K(21888K) From: 17034K(21824K)->7588K(21824K)
[2026-07-22T11:34:44.045+0300] GC(63) Tenured: 6894K(65536K)->6927K(65536K)
[2026-07-22T11:34:44.045+0300] GC(63) Metaspace: 9210K(9600K)->9210K(9600K) NonClass: 8250K(8448K)->8250K(8448K) Class: 959K(1152K)->959K(1152K)
[2026-07-22T11:34:44.045+0300] GC(63) Pause Young (Allocation Failure) 44M->14M(106M) 18,765ms
[2026-07-22T11:34:44.045+0300] GC(63) User=0,02s Sys=0,00s Real=0,02s
[2026-07-22T11:34:44.087+0300] GC(64) Pause Young (Allocation Failure)
[2026-07-22T11:34:44.097+0300] GC(64) DefNew: 29476K(43712K)->2793K(43712K) Eden: 21888K(21888K)->0K(21888K) From: 7588K(21824K)->2793K(21824K)
[2026-07-22T11:34:44.097+0300] GC(64) Tenured: 6927K(65536K)->6927K(65536K)
[2026-07-22T11:34:44.097+0300] GC(64) Metaspace: 9210K(9600K)->9210K(9600K) NonClass: 8250K(8448K)->8250K(8448K) Class: 959K(1152K)->959K(1152K)
[2026-07-22T11:34:44.097+0300] GC(64) Pause Young (Allocation Failure) 35M->9M(106M) 9,746ms
[2026-07-22T11:34:44.097+0300] GC(64) User=0,00s Sys=0,00s Real=0,01s
[2026-07-22T11:34:44.228+0300] GC(65) Pause Young (Allocation Failure)
[2026-07-22T11:34:44.281+0300] GC(65) DefNew: 24681K(43712K)->16940K(43712K) Eden: 21888K(21888K)->0K(21888K) From: 2793K(21824K)->16940K(21824K)
[2026-07-22T11:34:44.281+0300] GC(65) Tenured: 6927K(65536K)->6927K(65536K)
[2026-07-22T11:34:44.281+0300] GC(65) Metaspace: 9210K(9600K)->9210K(9600K) NonClass: 8250K(8448K)->8250K(8448K) Class: 959K(1152K)->959K(1152K)
[2026-07-22T11:34:44.281+0300] GC(65) Pause Young (Allocation Failure) 30M->23M(106M) 52,512ms
[2026-07-22T11:34:44.281+0300] GC(65) User=0,05s Sys=0,00s Real=0,06s
[2026-07-22T11:34:44.429+0300] GC(66) Pause Young (Allocation Failure)
[2026-07-22T11:34:44.454+0300] GC(66) DefNew: 38828K(43712K)->10564K(43712K) Eden: 21888K(21888K)->0K(21888K) From: 16940K(21824K)->10564K(21824K)
[2026-07-22T11:34:44.454+0300] GC(66) Tenured: 6927K(65536K)->6960K(65536K)
[2026-07-22T11:34:44.454+0300] GC(66) Metaspace: 9210K(9600K)->9210K(9600K) NonClass: 8250K(8448K)->8250K(8448K) Class: 959K(1152K)->959K(1152K)
[2026-07-22T11:34:44.454+0300] GC(66) Pause Young (Allocation Failure) 44M->17M(106M) 25,505ms
[2026-07-22T11:34:44.454+0300] GC(66) User=0,03s Sys=0,00s Real=0,03s
[2026-07-22T11:34:44.598+0300] GC(67) Pause Young (Allocation Failure)
[2026-07-22T11:34:44.604+0300] GC(67) DefNew: 32452K(43712K)->1002K(43712K) Eden: 21888K(21888K)->0K(21888K) From: 10564K(21824K)->1002K(21824K)
[2026-07-22T11:34:44.604+0300] GC(67) Tenured: 6960K(65536K)->6960K(65536K)
[2026-07-22T11:34:44.604+0300] GC(67) Metaspace: 9221K(9600K)->9221K(9600K) NonClass: 8261K(8448K)->8261K(8448K) Class: 959K(1152K)->959K(1152K)
[2026-07-22T11:34:44.604+0300] GC(67) Pause Young (Allocation Failure) 38M->7M(106M) 6,145ms
[2026-07-22T11:34:44.604+0300] GC(67) User=0,00s Sys=0,00s Real=0,01s
[2026-07-22T11:34:44.639+0300] GC(68) Pause Young (Allocation Failure)
[2026-07-22T11:34:44.679+0300] GC(68) DefNew: 22890K(43712K)->12703K(43712K) Eden: 21888K(21888K)->0K(21888K) From: 1002K(21824K)->12703K(21824K)
[2026-07-22T11:34:44.679+0300] GC(68) Tenured: 6960K(65536K)->6960K(65536K)
[2026-07-22T11:34:44.679+0300] GC(68) Metaspace: 9221K(9600K)->9221K(9600K) NonClass: 8261K(8448K)->8261K(8448K) Class: 959K(1152K)->959K(1152K)
[2026-07-22T11:34:44.679+0300] GC(68) Pause Young (Allocation Failure) 29M->19M(106M) 40,327ms
[2026-07-22T11:34:44.679+0300] GC(68) User=0,05s Sys=0,00s Real=0,04s
[2026-07-22T11:34:44.822+0300] GC(69) Pause Young (Allocation Failure)
[2026-07-22T11:34:44.861+0300] GC(69) DefNew: 34591K(43712K)->13389K(43712K) Eden: 21888K(21888K)->0K(21888K) From: 12703K(21824K)->13389K(21824K)
[2026-07-22T11:34:44.861+0300] GC(69) Tenured: 6960K(65536K)->6994K(65536K)
[2026-07-22T11:34:44.861+0300] GC(69) Metaspace: 9221K(9600K)->9221K(9600K) NonClass: 8261K(8448K)->8261K(8448K) Class: 959K(1152K)->959K(1152K)
[2026-07-22T11:34:44.861+0300] GC(69) Pause Young (Allocation Failure) 40M->19M(106M) 38,848ms
[2026-07-22T11:34:44.861+0300] GC(69) User=0,03s Sys=0,00s Real=0,04s
[2026-07-22T11:34:45.007+0300] GC(70) Pause Young (Allocation Failure)
[2026-07-22T11:34:45.020+0300] GC(70) DefNew: 35277K(43712K)->3965K(43712K) Eden: 21888K(21888K)->0K(21888K) From: 13389K(21824K)->3965K(21824K)
[2026-07-22T11:34:45.020+0300] GC(70) Tenured: 6994K(65536K)->7005K(65536K)
[2026-07-22T11:34:45.020+0300] GC(70) Metaspace: 9221K(9600K)->9221K(9600K) NonClass: 8261K(8448K)->8261K(8448K) Class: 959K(1152K)->959K(1152K)
[2026-07-22T11:34:45.020+0300] GC(70) Pause Young (Allocation Failure) 41M->10M(106M) 12,844ms
[2026-07-22T11:34:45.020+0300] GC(70) User=0,01s Sys=0,00s Real=0,01s
[2026-07-22T11:34:45.056+0300] GC(71) Pause Young (Allocation Failure)
[2026-07-22T11:34:45.082+0300] GC(71) DefNew: 25853K(43712K)->8227K(43712K) Eden: 21888K(21888K)->0K(21888K) From: 3965K(21824K)->8227K(21824K)
[2026-07-22T11:34:45.082+0300] GC(71) Tenured: 7005K(65536K)->7005K(65536K)
[2026-07-22T11:34:45.082+0300] GC(71) Metaspace: 9221K(9600K)->9221K(9600K) NonClass: 8261K(8448K)->8261K(8448K) Class: 959K(1152K)->959K(1152K)
[2026-07-22T11:34:45.082+0300] GC(71) Pause Young (Allocation Failure) 32M->14M(106M) 26,013ms
[2026-07-22T11:34:45.083+0300] GC(71) User=0,03s Sys=0,00s Real=0,03s
[2026-07-22T11:34:45.220+0300] GC(72) Pause Young (Allocation Failure)
[2026-07-22T11:34:45.270+0300] GC(72) DefNew: 30115K(43712K)->16387K(43712K) Eden: 21888K(21888K)->0K(21888K) From: 8227K(21824K)->16387K(21824K)
[2026-07-22T11:34:45.270+0300] GC(72) Tenured: 7005K(65536K)->7005K(65536K)
[2026-07-22T11:34:45.270+0300] GC(72) Metaspace: 9221K(9600K)->9221K(9600K) NonClass: 8261K(8448K)->8261K(8448K) Class: 959K(1152K)->959K(1152K)
[2026-07-22T11:34:45.270+0300] GC(72) Pause Young (Allocation Failure) 36M->22M(106M) 50,472ms
[2026-07-22T11:34:45.270+0300] GC(72) User=0,05s Sys=0,00s Real=0,05s
[2026-07-22T11:34:45.418+0300] GC(73) Pause Young (Allocation Failure)
[2026-07-22T11:34:45.435+0300] GC(73) DefNew: 38275K(43712K)->6939K(43712K) Eden: 21888K(21888K)->0K(21888K) From: 16387K(21824K)->6939K(21824K)
[2026-07-22T11:34:45.435+0300] GC(73) Tenured: 7005K(65536K)->7039K(65536K)
[2026-07-22T11:34:45.435+0300] GC(73) Metaspace: 9221K(9600K)->9221K(9600K) NonClass: 8261K(8448K)->8261K(8448K) Class: 959K(1152K)->959K(1152K)
[2026-07-22T11:34:45.435+0300] GC(73) Pause Young (Allocation Failure) 44M->13M(106M) 17,527ms
[2026-07-22T11:34:45.435+0300] GC(73) User=0,01s Sys=0,00s Real=0,02s
[2026-07-22T11:34:45.476+0300] GC(74) Pause Young (Allocation Failure)
[2026-07-22T11:34:45.489+0300] GC(74) DefNew: 28827K(43712K)->3766K(43712K) Eden: 21888K(21888K)->0K(21888K) From: 6939K(21824K)->3766K(21824K)
[2026-07-22T11:34:45.490+0300] GC(74) Tenured: 7039K(65536K)->7039K(65536K)
[2026-07-22T11:34:45.490+0300] GC(74) Metaspace: 9221K(9600K)->9221K(9600K) NonClass: 8261K(8448K)->8261K(8448K) Class: 959K(1152K)->959K(1152K)
[2026-07-22T11:34:45.490+0300] GC(74) Pause Young (Allocation Failure) 35M->10M(106M) 13,781ms
[2026-07-22T11:34:45.490+0300] GC(74) User=0,02s Sys=0,00s Real=0,01s
[2026-07-22T11:34:45.616+0300] GC(75) Pause Young (Allocation Failure)
[2026-07-22T11:34:45.657+0300] GC(75) DefNew: 25654K(43712K)->18119K(43712K) Eden: 21888K(21888K)->0K(21888K) From: 3766K(21824K)->18119K(21824K)
[2026-07-22T11:34:45.657+0300] GC(75) Tenured: 7039K(65536K)->7039K(65536K)
[2026-07-22T11:34:45.657+0300] GC(75) Metaspace: 9240K(9664K)->9240K(9664K) NonClass: 8280K(8512K)->8280K(8512K) Class: 959K(1152K)->959K(1152K)
[2026-07-22T11:34:45.657+0300] GC(75) Pause Young (Allocation Failure) 31M->24M(106M) 40,381ms
[2026-07-22T11:34:45.657+0300] GC(75) User=0,04s Sys=0,00s Real=0,04s
[2026-07-22T11:34:45.804+0300] GC(76) Pause Young (Allocation Failure)
[2026-07-22T11:34:45.827+0300] GC(76) DefNew: 40007K(43712K)->9778K(43712K) Eden: 21888K(21888K)->0K(21888K) From: 18119K(21824K)->9778K(21824K)
[2026-07-22T11:34:45.827+0300] GC(76) Tenured: 7039K(65536K)->7072K(65536K)
[2026-07-22T11:34:45.827+0300] GC(76) Metaspace: 9240K(9664K)->9240K(9664K) NonClass: 8280K(8512K)->8280K(8512K) Class: 959K(1152K)->959K(1152K)
[2026-07-22T11:34:45.827+0300] GC(76) Pause Young (Allocation Failure) 45M->16M(106M) 23,347ms
[2026-07-22T11:34:45.827+0300] GC(76) User=0,02s Sys=0,00s Real=0,02s
[2026-07-22T11:34:45.972+0300] GC(77) Pause Young (Allocation Failure)
[2026-07-22T11:34:45.976+0300] GC(77) DefNew: 31666K(43712K)->365K(43712K) Eden: 21888K(21888K)->0K(21888K) From: 9778K(21824K)->365K(21824K)
[2026-07-22T11:34:45.976+0300] GC(77) Tenured: 7072K(65536K)->7072K(65536K)
[2026-07-22T11:34:45.976+0300] GC(77) Metaspace: 9240K(9664K)->9240K(9664K) NonClass: 8280K(8512K)->8280K(8512K) Class: 959K(1152K)->959K(1152K)
[2026-07-22T11:34:45.976+0300] GC(77) Pause Young (Allocation Failure) 37M->7M(106M) 3,714ms
[2026-07-22T11:34:45.976+0300] GC(77) User=0,00s Sys=0,00s Real=0,00s
[2026-07-22T11:34:46.009+0300] GC(78) Pause Young (Allocation Failure)
[2026-07-22T11:34:46.050+0300] GC(78) DefNew: 22253K(43712K)->13654K(43712K) Eden: 21888K(21888K)->0K(21888K) From: 365K(21824K)->13654K(21824K)
[2026-07-22T11:34:46.050+0300] GC(78) Tenured: 7072K(65536K)->7072K(65536K)
[2026-07-22T11:34:46.050+0300] GC(78) Metaspace: 9240K(9664K)->9240K(9664K) NonClass: 8280K(8512K)->8280K(8512K) Class: 959K(1152K)->959K(1152K)
[2026-07-22T11:34:46.050+0300] GC(78) Pause Young (Allocation Failure) 28M->20M(106M) 41,073ms
[2026-07-22T11:34:46.050+0300] GC(78) User=0,04s Sys=0,00s Real=0,04s
[2026-07-22T11:34:46.193+0300] GC(79) Pause Young (Allocation Failure)
[2026-07-22T11:34:46.229+0300] GC(79) DefNew: 35542K(43712K)->12754K(43712K) Eden: 21888K(21888K)->0K(21888K) From: 13654K(21824K)->12754K(21824K)
[2026-07-22T11:34:46.229+0300] GC(79) Tenured: 7072K(65536K)->7105K(65536K)
[2026-07-22T11:34:46.229+0300] GC(79) Metaspace: 9240K(9664K)->9240K(9664K) NonClass: 8280K(8512K)->8280K(8512K) Class: 959K(1152K)->959K(1152K)
[2026-07-22T11:34:46.229+0300] GC(79) Pause Young (Allocation Failure) 41M->19M(106M) 36,345ms
[2026-07-22T11:34:46.229+0300] GC(79) User=0,04s Sys=0,00s Real=0,03s
[2026-07-22T11:34:46.373+0300] GC(80) Pause Young (Allocation Failure)
[2026-07-22T11:34:46.384+0300] GC(80) DefNew: 34642K(43712K)->3329K(43712K) Eden: 21888K(21888K)->0K(21888K) From: 12754K(21824K)->3329K(21824K)
[2026-07-22T11:34:46.384+0300] GC(80) Tenured: 7105K(65536K)->7116K(65536K)
[2026-07-22T11:34:46.384+0300] GC(80) Metaspace: 9240K(9664K)->9240K(9664K) NonClass: 8280K(8512K)->8280K(8512K) Class: 959K(1152K)->959K(1152K)
[2026-07-22T11:34:46.384+0300] GC(80) Pause Young (Allocation Failure) 40M->10M(106M) 10,584ms
[2026-07-22T11:34:46.384+0300] GC(80) User=0,01s Sys=0,00s Real=0,01s
[2026-07-22T11:34:46.419+0300] GC(81) Pause Young (Allocation Failure)
[2026-07-22T11:34:46.448+0300] GC(81) DefNew: 25217K(43712K)->9181K(43712K) Eden: 21888K(21888K)->0K(21888K) From: 3329K(21824K)->9181K(21824K)
[2026-07-22T11:34:46.448+0300] GC(81) Tenured: 7116K(65536K)->7116K(65536K)
[2026-07-22T11:34:46.448+0300] GC(81) Metaspace: 9242K(9664K)->9242K(9664K) NonClass: 8282K(8512K)->8282K(8512K) Class: 959K(1152K)->959K(1152K)
[2026-07-22T11:34:46.448+0300] GC(81) Pause Young (Allocation Failure) 31M->15M(106M) 28,786ms
[2026-07-22T11:34:46.448+0300] GC(81) User=0,03s Sys=0,00s Real=0,03s
[2026-07-22T11:34:46.585+0300] GC(82) Pause Young (Allocation Failure)
[2026-07-22T11:34:46.634+0300] GC(82) DefNew: 31069K(43712K)->15629K(43712K) Eden: 21888K(21888K)->0K(21888K) From: 9181K(21824K)->15629K(21824K)
[2026-07-22T11:34:46.635+0300] GC(82) Tenured: 7116K(65536K)->7116K(65536K)
[2026-07-22T11:34:46.635+0300] GC(82) Metaspace: 9244K(9664K)->9244K(9664K) NonClass: 8284K(8512K)->8284K(8512K) Class: 959K(1152K)->959K(1152K)
[2026-07-22T11:34:46.635+0300] GC(82) Pause Young (Allocation Failure) 37M->22M(106M) 49,805ms
[2026-07-22T11:34:46.635+0300] GC(82) User=0,07s Sys=0,00s Real=0,05s
[2026-07-22T11:34:46.781+0300] GC(83) Pause Young (Allocation Failure)
[2026-07-22T11:34:46.797+0300] GC(83) DefNew: 37517K(43712K)->6182K(43712K) Eden: 21888K(21888K)->0K(21888K) From: 15629K(21824K)->6182K(21824K)
[2026-07-22T11:34:46.797+0300] GC(83) Tenured: 7116K(65536K)->7149K(65536K)
[2026-07-22T11:34:46.797+0300] GC(83) Metaspace: 9244K(9664K)->9244K(9664K) NonClass: 8284K(8512K)->8284K(8512K) Class: 959K(1152K)->959K(1152K)
[2026-07-22T11:34:46.797+0300] GC(83) Pause Young (Allocation Failure) 43M->13M(106M) 16,394ms
[2026-07-22T11:34:46.797+0300] GC(83) User=0,02s Sys=0,00s Real=0,01s
[2026-07-22T11:34:46.836+0300] GC(84) Pause Young (Allocation Failure)
[2026-07-22T11:34:46.852+0300] GC(84) DefNew: 28070K(43712K)->4902K(43712K) Eden: 21888K(21888K)->0K(21888K) From: 6182K(21824K)->4902K(21824K)
[2026-07-22T11:34:46.852+0300] GC(84) Tenured: 7149K(65536K)->7149K(65536K)
[2026-07-22T11:34:46.852+0300] GC(84) Metaspace: 9244K(9664K)->9244K(9664K) NonClass: 8284K(8512K)->8284K(8512K) Class: 959K(1152K)->959K(1152K)
[2026-07-22T11:34:46.852+0300] GC(84) Pause Young (Allocation Failure) 34M->11M(106M) 16,292ms
[2026-07-22T11:34:46.852+0300] GC(84) User=0,01s Sys=0,00s Real=0,02s
[2026-07-22T11:34:46.978+0300] GC(85) Pause Young (Allocation Failure)
[2026-07-22T11:34:47.034+0300] GC(85) DefNew: 26790K(43712K)->18603K(43712K) Eden: 21888K(21888K)->0K(21888K) From: 4902K(21824K)->18603K(21824K)
[2026-07-22T11:34:47.034+0300] GC(85) Tenured: 7149K(65536K)->7149K(65536K)
[2026-07-22T11:34:47.034+0300] GC(85) Metaspace: 9244K(9664K)->9244K(9664K) NonClass: 8284K(8512K)->8284K(8512K) Class: 959K(1152K)->959K(1152K)
[2026-07-22T11:34:47.034+0300] GC(85) Pause Young (Allocation Failure) 33M->25M(106M) 56,165ms
[2026-07-22T11:34:47.034+0300] GC(85) User=0,06s Sys=0,00s Real=0,06s
[2026-07-22T11:34:47.174+0300] GC(86) Pause Young (Allocation Failure)
[2026-07-22T11:34:47.194+0300] GC(86) DefNew: 40491K(43712K)->9156K(43712K) Eden: 21888K(21888K)->0K(21888K) From: 18603K(21824K)->9156K(21824K)
[2026-07-22T11:34:47.195+0300] GC(86) Tenured: 7149K(65536K)->7182K(65536K)
[2026-07-22T11:34:47.195+0300] GC(86) Metaspace: 9244K(9664K)->9244K(9664K) NonClass: 8284K(8512K)->8284K(8512K) Class: 959K(1152K)->959K(1152K)
[2026-07-22T11:34:47.195+0300] GC(86) Pause Young (Allocation Failure) 46M->15M(106M) 20,585ms
[2026-07-22T11:34:47.195+0300] GC(86) User=0,02s Sys=0,00s Real=0,02s
[2026-07-22T11:34:47.237+0300] GC(87) Pause Young (Allocation Failure)
[2026-07-22T11:34:47.241+0300] GC(87) DefNew: 31044K(43712K)->441K(43712K) Eden: 21888K(21888K)->0K(21888K) From: 9156K(21824K)->441K(21824K)
[2026-07-22T11:34:47.241+0300] GC(87) Tenured: 7182K(65536K)->7182K(65536K)
[2026-07-22T11:34:47.241+0300] GC(87) Metaspace: 9244K(9664K)->9244K(9664K) NonClass: 8284K(8512K)->8284K(8512K) Class: 959K(1152K)->959K(1152K)
[2026-07-22T11:34:47.241+0300] GC(87) Pause Young (Allocation Failure) 37M->7M(106M) 4,140ms
[2026-07-22T11:34:47.241+0300] GC(87) User=0,00s Sys=0,00s Real=0,01s
[2026-07-22T11:34:47.371+0300] GC(88) Pause Young (Allocation Failure)
[2026-07-22T11:34:47.417+0300] GC(88) DefNew: 22329K(43712K)->14589K(43712K) Eden: 21888K(21888K)->0K(21888K) From: 441K(21824K)->14589K(21824K)
[2026-07-22T11:34:47.418+0300] GC(88) Tenured: 7182K(65536K)->7182K(65536K)
[2026-07-22T11:34:47.418+0300] GC(88) Metaspace: 9244K(9664K)->9244K(9664K) NonClass: 8284K(8512K)->8284K(8512K) Class: 959K(1152K)->959K(1152K)
[2026-07-22T11:34:47.418+0300] GC(88) Pause Young (Allocation Failure) 28M->21M(106M) 47,074ms
[2026-07-22T11:34:47.418+0300] GC(88) User=0,04s Sys=0,00s Real=0,04s
[2026-07-22T11:34:47.560+0300] GC(89) Pause Young (Allocation Failure)
[2026-07-22T11:34:47.595+0300] GC(89) DefNew: 36477K(43712K)->12131K(43712K) Eden: 21888K(21888K)->0K(21888K) From: 14589K(21824K)->12131K(21824K)
[2026-07-22T11:34:47.595+0300] GC(89) Tenured: 7182K(65536K)->7215K(65536K)
[2026-07-22T11:34:47.595+0300] GC(89) Metaspace: 9244K(9664K)->9244K(9664K) NonClass: 8284K(8512K)->8284K(8512K) Class: 959K(1152K)->959K(1152K)
[2026-07-22T11:34:47.595+0300] GC(89) Pause Young (Allocation Failure) 42M->18M(106M) 34,678ms
[2026-07-22T11:34:47.595+0300] GC(89) User=0,03s Sys=0,00s Real=0,04s
[2026-07-22T11:34:47.720+0300] GC(90) Pause Young (Allocation Failure)
[2026-07-22T11:34:47.730+0300] GC(90) DefNew: 34019K(43712K)->2311K(43712K) Eden: 21888K(21888K)->0K(21888K) From: 12131K(21824K)->2311K(21824K)
[2026-07-22T11:34:47.730+0300] GC(90) Tenured: 7215K(65536K)->7225K(65536K)
[2026-07-22T11:34:47.730+0300] GC(90) Metaspace: 9298K(9664K)->9298K(9664K) NonClass: 8329K(8512K)->8329K(8512K) Class: 968K(1152K)->968K(1152K)
[2026-07-22T11:34:47.730+0300] GC(90) Pause Young (Allocation Failure) 40M->9M(106M) 9,623ms
[2026-07-22T11:34:47.730+0300] GC(90) User=0,00s Sys=0,00s Real=0,01s
[2026-07-22T11:34:47.769+0300] GC(91) Pause Young (Allocation Failure)
[2026-07-22T11:34:47.803+0300] GC(91) DefNew: 24199K(43712K)->10723K(43712K) Eden: 21888K(21888K)->0K(21888K) From: 2311K(21824K)->10723K(21824K)
[2026-07-22T11:34:47.803+0300] GC(91) Tenured: 7225K(65536K)->7225K(65536K)
[2026-07-22T11:34:47.803+0300] GC(91) Metaspace: 9298K(9664K)->9298K(9664K) NonClass: 8329K(8512K)->8329K(8512K) Class: 968K(1152K)->968K(1152K)
[2026-07-22T11:34:47.803+0300] GC(91) Pause Young (Allocation Failure) 30M->17M(106M) 34,030ms
[2026-07-22T11:34:47.803+0300] GC(91) User=0,04s Sys=0,00s Real=0,04s
[2026-07-22T11:34:47.940+0300] GC(92) Pause Young (Allocation Failure)
[2026-07-22T11:34:47.986+0300] GC(92) DefNew: 32611K(43712K)->14733K(43712K) Eden: 21888K(21888K)->0K(21888K) From: 10723K(21824K)->14733K(21824K)
[2026-07-22T11:34:47.986+0300] GC(92) Tenured: 7225K(65536K)->7225K(65536K)
[2026-07-22T11:34:47.986+0300] GC(92) Metaspace: 9298K(9664K)->9298K(9664K) NonClass: 8329K(8512K)->8329K(8512K) Class: 968K(1152K)->968K(1152K)
[2026-07-22T11:34:47.986+0300] GC(92) Pause Young (Allocation Failure) 38M->21M(106M) 46,436ms
[2026-07-22T11:34:47.986+0300] GC(92) User=0,04s Sys=0,00s Real=0,05s
[2026-07-22T11:34:48.131+0300] GC(93) Pause Young (Allocation Failure)
[2026-07-22T11:34:48.147+0300] GC(93) DefNew: 36621K(43712K)->5280K(43712K) Eden: 21888K(21888K)->0K(21888K) From: 14733K(21824K)->5280K(21824K)
[2026-07-22T11:34:48.147+0300] GC(93) Tenured: 7225K(65536K)->7265K(65536K)
[2026-07-22T11:34:48.147+0300] GC(93) Metaspace: 9298K(9664K)->9298K(9664K) NonClass: 8329K(8512K)->8329K(8512K) Class: 968K(1152K)->968K(1152K)
[2026-07-22T11:34:48.147+0300] GC(93) Pause Young (Allocation Failure) 42M->12M(106M) 15,447ms
[2026-07-22T11:34:48.147+0300] GC(93) User=0,01s Sys=0,00s Real=0,01s
[2026-07-22T11:34:48.186+0300] GC(94) Pause Young (Allocation Failure)
[2026-07-22T11:34:48.207+0300] GC(94) DefNew: 27168K(43712K)->6254K(43712K) Eden: 21888K(21888K)->0K(21888K) From: 5280K(21824K)->6254K(21824K)
[2026-07-22T11:34:48.207+0300] GC(94) Tenured: 7265K(65536K)->7265K(65536K)
[2026-07-22T11:34:48.207+0300] GC(94) Metaspace: 9298K(9664K)->9298K(9664K) NonClass: 8329K(8512K)->8329K(8512K) Class: 968K(1152K)->968K(1152K)
[2026-07-22T11:34:48.207+0300] GC(94) Pause Young (Allocation Failure) 33M->13M(106M) 21,565ms
[2026-07-22T11:34:48.207+0300] GC(94) User=0,02s Sys=0,00s Real=0,02s
[2026-07-22T11:34:48.341+0300] GC(95) Pause Young (Allocation Failure)
[2026-07-22T11:34:48.395+0300] GC(95) DefNew: 28142K(43712K)->17703K(43712K) Eden: 21888K(21888K)->0K(21888K) From: 6254K(21824K)->17703K(21824K)
[2026-07-22T11:34:48.395+0300] GC(95) Tenured: 7265K(65536K)->7265K(65536K)
[2026-07-22T11:34:48.395+0300] GC(95) Metaspace: 9298K(9664K)->9298K(9664K) NonClass: 8329K(8512K)->8329K(8512K) Class: 968K(1152K)->968K(1152K)
[2026-07-22T11:34:48.395+0300] GC(95) Pause Young (Allocation Failure) 34M->24M(106M) 54,292ms
[2026-07-22T11:34:48.395+0300] GC(95) User=0,06s Sys=0,00s Real=0,05s
[2026-07-22T11:34:48.543+0300] GC(96) Pause Young (Allocation Failure)
[2026-07-22T11:34:48.563+0300] GC(96) DefNew: 39591K(43712K)->8255K(43712K) Eden: 21888K(21888K)->0K(21888K) From: 17703K(21824K)->8255K(21824K)
[2026-07-22T11:34:48.563+0300] GC(96) Tenured: 7265K(65536K)->7298K(65536K)
[2026-07-22T11:34:48.563+0300] GC(96) Metaspace: 9298K(9664K)->9298K(9664K) NonClass: 8329K(8512K)->8329K(8512K) Class: 968K(1152K)->968K(1152K)
[2026-07-22T11:34:48.564+0300] GC(96) Pause Young (Allocation Failure) 45M->15M(106M) 20,072ms
[2026-07-22T11:34:48.564+0300] GC(96) User=0,02s Sys=0,00s Real=0,02s
[2026-07-22T11:34:48.610+0300] GC(97) Pause Young (Allocation Failure)
[2026-07-22T11:34:48.619+0300] GC(97) DefNew: 30143K(43712K)->1988K(43712K) Eden: 21888K(21888K)->0K(21888K) From: 8255K(21824K)->1988K(21824K)
[2026-07-22T11:34:48.619+0300] GC(97) Tenured: 7298K(65536K)->7298K(65536K)
[2026-07-22T11:34:48.619+0300] GC(97) Metaspace: 9312K(9664K)->9312K(9664K) NonClass: 8343K(8512K)->8343K(8512K) Class: 968K(1152K)->968K(1152K)
[2026-07-22T11:34:48.619+0300] GC(97) Pause Young (Allocation Failure) 36M->9M(106M) 9,019ms
[2026-07-22T11:34:48.619+0300] GC(97) User=0,01s Sys=0,00s Real=0,01s
[2026-07-22T11:34:48.749+0300] GC(98) Pause Young (Allocation Failure)
[2026-07-22T11:34:48.800+0300] GC(98) DefNew: 23876K(43712K)->16159K(43712K) Eden: 21888K(21888K)->0K(21888K) From: 1988K(21824K)->16159K(21824K)
[2026-07-22T11:34:48.800+0300] GC(98) Tenured: 7298K(65536K)->7298K(65536K)
[2026-07-22T11:34:48.800+0300] GC(98) Metaspace: 9316K(9664K)->9316K(9664K) NonClass: 8347K(8512K)->8347K(8512K) Class: 969K(1152K)->969K(1152K)
[2026-07-22T11:34:48.800+0300] GC(98) Pause Young (Allocation Failure) 30M->22M(106M) 50,959ms
[2026-07-22T11:34:48.800+0300] GC(98) User=0,05s Sys=0,00s Real=0,05s
[2026-07-22T11:34:48.943+0300] GC(99) Pause Young (Allocation Failure)
[2026-07-22T11:34:48.972+0300] GC(99) DefNew: 38047K(43712K)->11086K(43712K) Eden: 21888K(21888K)->0K(21888K) From: 16159K(21824K)->11086K(21824K)
[2026-07-22T11:34:48.972+0300] GC(99) Tenured: 7298K(65536K)->7331K(65536K)
[2026-07-22T11:34:48.972+0300] GC(99) Metaspace: 9316K(9664K)->9316K(9664K) NonClass: 8347K(8512K)->8347K(8512K) Class: 969K(1152K)->969K(1152K)
[2026-07-22T11:34:48.972+0300] GC(99) Pause Young (Allocation Failure) 44M->17M(106M) 28,372ms
[2026-07-22T11:34:48.972+0300] GC(99) User=0,03s Sys=0,00s Real=0,03s
[2026-07-22T11:34:49.118+0300] GC(100) Pause Young (Allocation Failure)
[2026-07-22T11:34:49.123+0300] GC(100) DefNew: 32974K(43712K)->1660K(43712K) Eden: 21888K(21888K)->0K(21888K) From: 11086K(21824K)->1660K(21824K)
[2026-07-22T11:34:49.123+0300] GC(100) Tenured: 7331K(65536K)->7342K(65536K)
[2026-07-22T11:34:49.123+0300] GC(100) Metaspace: 9316K(9664K)->9316K(9664K) NonClass: 8347K(8512K)->8347K(8512K) Class: 969K(1152K)->969K(1152K)
[2026-07-22T11:34:49.123+0300] GC(100) Pause Young (Allocation Failure) 39M->8M(106M) 5,278ms
[2026-07-22T11:34:49.123+0300] GC(100) User=0,00s Sys=0,00s Real=0,01s
[2026-07-22T11:34:49.156+0300] GC(101) Pause Young (Allocation Failure)
[2026-07-22T11:34:49.187+0300] GC(101) DefNew: 23548K(43712K)->11684K(43712K) Eden: 21888K(21888K)->0K(21888K) From: 1660K(21824K)->11684K(21824K)
[2026-07-22T11:34:49.187+0300] GC(101) Tenured: 7342K(65536K)->7342K(65536K)
[2026-07-22T11:34:49.187+0300] GC(101) Metaspace: 9316K(9664K)->9316K(9664K) NonClass: 8347K(8512K)->8347K(8512K) Class: 969K(1152K)->969K(1152K)
[2026-07-22T11:34:49.187+0300] GC(101) Pause Young (Allocation Failure) 30M->18M(106M) 31,444ms
[2026-07-22T11:34:49.187+0300] GC(101) User=0,04s Sys=0,00s Real=0,03s
[2026-07-22T11:34:49.326+0300] GC(102) Pause Young (Allocation Failure)
[2026-07-22T11:34:49.365+0300] GC(102) DefNew: 33572K(43712K)->14061K(43712K) Eden: 21888K(21888K)->0K(21888K) From: 11684K(21824K)->14061K(21824K)
[2026-07-22T11:34:49.365+0300] GC(102) Tenured: 7342K(65536K)->7364K(65536K)
[2026-07-22T11:34:49.365+0300] GC(102) Metaspace: 9317K(9664K)->9317K(9664K) NonClass: 8347K(8512K)->8347K(8512K) Class: 969K(1152K)->969K(1152K)
[2026-07-22T11:34:49.365+0300] GC(102) Pause Young (Allocation Failure) 39M->20M(106M) 39,187ms
[2026-07-22T11:34:49.365+0300] GC(102) User=0,03s Sys=0,00s Real=0,04s
[2026-07-22T11:34:49.509+0300] GC(103) Pause Young (Allocation Failure)
[2026-07-22T11:34:49.523+0300] GC(103) DefNew: 35949K(43712K)->4636K(43712K) Eden: 21888K(21888K)->0K(21888K) From: 14061K(21824K)->4636K(21824K)
[2026-07-22T11:34:49.523+0300] GC(103) Tenured: 7364K(65536K)->7375K(65536K)
[2026-07-22T11:34:49.523+0300] GC(103) Metaspace: 9317K(9664K)->9317K(9664K) NonClass: 8347K(8512K)->8347K(8512K) Class: 969K(1152K)->969K(1152K)
[2026-07-22T11:34:49.523+0300] GC(103) Pause Young (Allocation Failure) 42M->11M(106M) 14,257ms
[2026-07-22T11:34:49.523+0300] GC(103) User=0,01s Sys=0,00s Real=0,02s
[2026-07-22T11:34:49.559+0300] GC(104) Pause Young (Allocation Failure)
[2026-07-22T11:34:49.582+0300] GC(104) DefNew: 26524K(43712K)->7220K(43712K) Eden: 21888K(21888K)->0K(21888K) From: 4636K(21824K)->7220K(21824K)
[2026-07-22T11:34:49.582+0300] GC(104) Tenured: 7375K(65536K)->7375K(65536K)
[2026-07-22T11:34:49.583+0300] GC(104) Metaspace: 9317K(9664K)->9317K(9664K) NonClass: 8347K(8512K)->8347K(8512K) Class: 969K(1152K)->969K(1152K)
[2026-07-22T11:34:49.583+0300] GC(104) Pause Young (Allocation Failure) 33M->14M(106M) 23,168ms
[2026-07-22T11:34:49.583+0300] GC(104) User=0,02s Sys=0,00s Real=0,03s
[2026-07-22T11:34:49.718+0300] GC(105) Pause Young (Allocation Failure)
[2026-07-22T11:34:49.771+0300] GC(105) DefNew: 29108K(43712K)->16922K(43712K) Eden: 21888K(21888K)->0K(21888K) From: 7220K(21824K)->16922K(21824K)
[2026-07-22T11:34:49.771+0300] GC(105) Tenured: 7375K(65536K)->7375K(65536K)
[2026-07-22T11:34:49.771+0300] GC(105) Metaspace: 9320K(9664K)->9320K(9664K) NonClass: 8350K(8512K)->8350K(8512K) Class: 969K(1152K)->969K(1152K)
[2026-07-22T11:34:49.771+0300] GC(105) Pause Young (Allocation Failure) 35M->23M(106M) 52,867ms
[2026-07-22T11:34:49.771+0300] GC(105) User=0,05s Sys=0,00s Real=0,06s
[2026-07-22T11:34:49.917+0300] GC(106) Pause Young (Allocation Failure)
[2026-07-22T11:34:49.937+0300] GC(106) DefNew: 38810K(43712K)->7475K(43712K) Eden: 21888K(21888K)->0K(21888K) From: 16922K(21824K)->7475K(21824K)
[2026-07-22T11:34:49.937+0300] GC(106) Tenured: 7375K(65536K)->7408K(65536K)
[2026-07-22T11:34:49.937+0300] GC(106) Metaspace: 9320K(9664K)->9320K(9664K) NonClass: 8350K(8512K)->8350K(8512K) Class: 969K(1152K)->969K(1152K)
[2026-07-22T11:34:49.937+0300] GC(106) Pause Young (Allocation Failure) 45M->14M(106M) 20,197ms
[2026-07-22T11:34:49.937+0300] GC(106) User=0,02s Sys=0,00s Real=0,02s
[2026-07-22T11:34:49.972+0300] GC(107) Pause Young (Allocation Failure)
[2026-07-22T11:34:49.982+0300] GC(107) DefNew: 29363K(43712K)->2961K(43712K) Eden: 21888K(21888K)->0K(21888K) From: 7475K(21824K)->2961K(21824K)
[2026-07-22T11:34:49.982+0300] GC(107) Tenured: 7408K(65536K)->7408K(65536K)
[2026-07-22T11:34:49.982+0300] GC(107) Metaspace: 9320K(9664K)->9320K(9664K) NonClass: 8350K(8512K)->8350K(8512K) Class: 969K(1152K)->969K(1152K)
[2026-07-22T11:34:49.982+0300] GC(107) Pause Young (Allocation Failure) 35M->10M(106M) 9,898ms
[2026-07-22T11:34:49.982+0300] GC(107) User=0,01s Sys=0,00s Real=0,01s
[2026-07-22T11:34:50.110+0300] GC(108) Pause Young (Allocation Failure)
[2026-07-22T11:34:50.167+0300] GC(108) DefNew: 24849K(43712K)->17110K(43712K) Eden: 21888K(21888K)->0K(21888K) From: 2961K(21824K)->17110K(21824K)
[2026-07-22T11:34:50.167+0300] GC(108) Tenured: 7408K(65536K)->7408K(65536K)
[2026-07-22T11:34:50.167+0300] GC(108) Metaspace: 9322K(9664K)->9322K(9664K) NonClass: 8352K(8512K)->8352K(8512K) Class: 969K(1152K)->969K(1152K)
[2026-07-22T11:34:50.167+0300] GC(108) Pause Young (Allocation Failure) 31M->23M(106M) 56,316ms
[2026-07-22T11:34:50.167+0300] GC(108) User=0,05s Sys=0,00s Real=0,06s
[2026-07-22T11:34:50.312+0300] GC(109) Pause Young (Allocation Failure)
[2026-07-22T11:34:50.346+0300] GC(109) DefNew: 38998K(43712K)->10451K(43712K) Eden: 21888K(21888K)->0K(21888K) From: 17110K(21824K)->10451K(21824K)
[2026-07-22T11:34:50.346+0300] GC(109) Tenured: 7408K(65536K)->7441K(65536K)
[2026-07-22T11:34:50.346+0300] GC(109) Metaspace: 9322K(9664K)->9322K(9664K) NonClass: 8352K(8512K)->8352K(8512K) Class: 969K(1152K)->969K(1152K)
[2026-07-22T11:34:50.346+0300] GC(109) Pause Young (Allocation Failure) 45M->17M(106M) 34,137ms
[2026-07-22T11:34:50.346+0300] GC(109) User=0,03s Sys=0,00s Real=0,03s
[2026-07-22T11:34:50.486+0300] GC(110) Pause Young (Allocation Failure)
[2026-07-22T11:34:50.491+0300] GC(110) DefNew: 32339K(43712K)->1038K(43712K) Eden: 21888K(21888K)->0K(21888K) From: 10451K(21824K)->1038K(21824K)
[2026-07-22T11:34:50.491+0300] GC(110) Tenured: 7441K(65536K)->7441K(65536K)
[2026-07-22T11:34:50.491+0300] GC(110) Metaspace: 9322K(9664K)->9322K(9664K) NonClass: 8352K(8512K)->8352K(8512K) Class: 969K(1152K)->969K(1152K)
[2026-07-22T11:34:50.491+0300] GC(110) Pause Young (Allocation Failure) 38M->8M(106M) 4,304ms
[2026-07-22T11:34:50.491+0300] GC(110) User=0,01s Sys=0,00s Real=0,01s
[2026-07-22T11:34:50.519+0300] GC(111) Pause Young (Allocation Failure)
[2026-07-22T11:34:50.555+0300] GC(111) DefNew: 22926K(43712K)->12644K(43712K) Eden: 21888K(21888K)->0K(21888K) From: 1038K(21824K)->12644K(21824K)
[2026-07-22T11:34:50.555+0300] GC(111) Tenured: 7441K(65536K)->7441K(65536K)
[2026-07-22T11:34:50.555+0300] GC(111) Metaspace: 9322K(9664K)->9322K(9664K) NonClass: 8352K(8512K)->8352K(8512K) Class: 969K(1152K)->969K(1152K)
[2026-07-22T11:34:50.555+0300] GC(111) Pause Young (Allocation Failure) 29M->19M(106M) 35,847ms
[2026-07-22T11:34:50.555+0300] GC(111) User=0,03s Sys=0,00s Real=0,04s
[2026-07-22T11:34:50.695+0300] GC(112) Pause Young (Allocation Failure)
[2026-07-22T11:34:50.737+0300] GC(112) DefNew: 34532K(43712K)->13279K(43712K) Eden: 21888K(21888K)->0K(21888K) From: 12644K(21824K)->13279K(21824K)
[2026-07-22T11:34:50.738+0300] GC(112) Tenured: 7441K(65536K)->7475K(65536K)
[2026-07-22T11:34:50.738+0300] GC(112) Metaspace: 9334K(9664K)->9334K(9664K) NonClass: 8364K(8512K)->8364K(8512K) Class: 969K(1152K)->969K(1152K)
[2026-07-22T11:34:50.738+0300] GC(112) Pause Young (Allocation Failure) 40M->20M(106M) 42,359ms
[2026-07-22T11:34:50.738+0300] GC(112) User=0,05s Sys=0,00s Real=0,04s
[2026-07-22T11:34:50.882+0300] GC(113) Pause Young (Allocation Failure)
[2026-07-22T11:34:50.895+0300] GC(113) DefNew: 35167K(43712K)->3857K(43712K) Eden: 21888K(21888K)->0K(21888K) From: 13279K(21824K)->3857K(21824K)
[2026-07-22T11:34:50.895+0300] GC(113) Tenured: 7475K(65536K)->7486K(65536K)
[2026-07-22T11:34:50.895+0300] GC(113) Metaspace: 9338K(9664K)->9338K(9664K) NonClass: 8368K(8512K)->8368K(8512K) Class: 969K(1152K)->969K(1152K)
[2026-07-22T11:34:50.896+0300] GC(113) Pause Young (Allocation Failure) 41M->11M(106M) 13,512ms
[2026-07-22T11:34:50.896+0300] GC(113) User=0,02s Sys=0,00s Real=0,01s
[2026-07-22T11:34:50.932+0300] GC(114) Pause Young (Allocation Failure)
[2026-07-22T11:34:50.958+0300] GC(114) DefNew: 25745K(43712K)->8385K(43712K) Eden: 21888K(21888K)->0K(21888K) From: 3857K(21824K)->8385K(21824K)
[2026-07-22T11:34:50.958+0300] GC(114) Tenured: 7486K(65536K)->7486K(65536K)
[2026-07-22T11:34:50.958+0300] GC(114) Metaspace: 9338K(9664K)->9338K(9664K) NonClass: 8368K(8512K)->8368K(8512K) Class: 969K(1152K)->969K(1152K)
[2026-07-22T11:34:50.958+0300] GC(114) Pause Young (Allocation Failure) 32M->15M(106M) 26,724ms
[2026-07-22T11:34:50.958+0300] GC(114) User=0,02s Sys=0,00s Real=0,02s
[2026-07-22T11:34:51.094+0300] GC(115) Pause Young (Allocation Failure)
[2026-07-22T11:34:51.146+0300] GC(115) DefNew: 30273K(43712K)->16284K(43712K) Eden: 21888K(21888K)->0K(21888K) From: 8385K(21824K)->16284K(21824K)
[2026-07-22T11:34:51.146+0300] GC(115) Tenured: 7486K(65536K)->7486K(65536K)
[2026-07-22T11:34:51.146+0300] GC(115) Metaspace: 9338K(9664K)->9338K(9664K) NonClass: 8368K(8512K)->8368K(8512K) Class: 969K(1152K)->969K(1152K)
[2026-07-22T11:34:51.146+0300] GC(115) Pause Young (Allocation Failure) 36M->23M(106M) 52,217ms
[2026-07-22T11:34:51.146+0300] GC(115) User=0,05s Sys=0,00s Real=0,05s
[2026-07-22T11:34:51.296+0300] GC(116) Pause Young (Allocation Failure)
[2026-07-22T11:34:51.312+0300] GC(116) DefNew: 38172K(43712K)->6839K(43712K) Eden: 21888K(21888K)->0K(21888K) From: 16284K(21824K)->6839K(21824K)
[2026-07-22T11:34:51.312+0300] GC(116) Tenured: 7486K(65536K)->7519K(65536K)
[2026-07-22T11:34:51.312+0300] GC(116) Metaspace: 9338K(9664K)->9338K(9664K) NonClass: 8368K(8512K)->8368K(8512K) Class: 969K(1152K)->969K(1152K)
[2026-07-22T11:34:51.313+0300] GC(116) Pause Young (Allocation Failure) 44M->14M(106M) 16,896ms
[2026-07-22T11:34:51.313+0300] GC(116) User=0,02s Sys=0,00s Real=0,02s
[2026-07-22T11:34:51.351+0300] GC(117) Pause Young (Allocation Failure)
[2026-07-22T11:34:51.360+0300] GC(117) DefNew: 28727K(43712K)->3912K(43712K) Eden: 21888K(21888K)->0K(21888K) From: 6839K(21824K)->3912K(21824K)
[2026-07-22T11:34:51.360+0300] GC(117) Tenured: 7519K(65536K)->7519K(65536K)
[2026-07-22T11:34:51.360+0300] GC(117) Metaspace: 9338K(9664K)->9338K(9664K) NonClass: 8368K(8512K)->8368K(8512K) Class: 969K(1152K)->969K(1152K)
[2026-07-22T11:34:51.360+0300] GC(117) Pause Young (Allocation Failure) 35M->11M(106M) 8,186ms
[2026-07-22T11:34:51.360+0300] GC(117) User=0,01s Sys=0,00s Real=0,00s
[2026-07-22T11:34:51.479+0300] GC(118) Pause Young (Allocation Failure)
[2026-07-22T11:34:51.532+0300] GC(118) DefNew: 25800K(43712K)->18056K(43712K) Eden: 21888K(21888K)->0K(21888K) From: 3912K(21824K)->18056K(21824K)
[2026-07-22T11:34:51.532+0300] GC(118) Tenured: 7519K(65536K)->7519K(65536K)
[2026-07-22T11:34:51.532+0300] GC(118) Metaspace: 9338K(9664K)->9338K(9664K) NonClass: 8368K(8512K)->8368K(8512K) Class: 969K(1152K)->969K(1152K)
[2026-07-22T11:34:51.532+0300] GC(118) Pause Young (Allocation Failure) 32M->24M(106M) 52,461ms
[2026-07-22T11:34:51.532+0300] GC(118) User=0,05s Sys=0,00s Real=0,06s
[2026-07-22T11:34:51.679+0300] GC(119) Pause Young (Allocation Failure)
[2026-07-22T11:34:51.696+0300] GC(119) DefNew: 39944K(43712K)->9564K(43712K) Eden: 21888K(21888K)->0K(21888K) From: 18056K(21824K)->9564K(21824K)
[2026-07-22T11:34:51.696+0300] GC(119) Tenured: 7519K(65536K)->7552K(65536K)
[2026-07-22T11:34:51.696+0300] GC(119) Metaspace: 9365K(9856K)->9365K(9856K) NonClass: 8391K(8640K)->8391K(8640K) Class: 973K(1216K)->973K(1216K)
[2026-07-22T11:34:51.696+0300] GC(119) Pause Young (Allocation Failure) 46M->16M(106M) 17,299ms
[2026-07-22T11:34:51.696+0300] GC(119) User=0,02s Sys=0,00s Real=0,02s
[2026-07-22T11:34:51.839+0300] GC(120) Pause Young (Allocation Failure)
[2026-07-22T11:34:51.843+0300] GC(120) DefNew: 31452K(43712K)->156K(43712K) Eden: 21888K(21888K)->0K(21888K) From: 9564K(21824K)->156K(21824K)
[2026-07-22T11:34:51.843+0300] GC(120) Tenured: 7552K(65536K)->7552K(65536K)
[2026-07-22T11:34:51.843+0300] GC(120) Metaspace: 9368K(9856K)->9368K(9856K) NonClass: 8394K(8640K)->8394K(8640K) Class: 973K(1216K)->973K(1216K)
[2026-07-22T11:34:51.843+0300] GC(120) Pause Young (Allocation Failure) 38M->7M(106M) 3,919ms
[2026-07-22T11:34:51.843+0300] GC(120) User=0,00s Sys=0,00s Real=0,01s
[2026-07-22T11:34:51.874+0300] GC(121) Pause Young (Allocation Failure)
[2026-07-22T11:34:51.924+0300] GC(121) DefNew: 22044K(43712K)->13968K(43712K) Eden: 21888K(21888K)->0K(21888K) From: 156K(21824K)->13968K(21824K)
[2026-07-22T11:34:51.924+0300] GC(121) Tenured: 7552K(65536K)->7552K(65536K)
[2026-07-22T11:34:51.924+0300] GC(121) Metaspace: 9368K(9856K)->9368K(9856K) NonClass: 8394K(8640K)->8394K(8640K) Class: 973K(1216K)->973K(1216K)
[2026-07-22T11:34:51.924+0300] GC(121) Pause Young (Allocation Failure) 28M->21M(106M) 49,718ms
[2026-07-22T11:34:51.924+0300] GC(121) User=0,05s Sys=0,00s Real=0,05s
[2026-07-22T11:34:52.067+0300] GC(122) Pause Young (Allocation Failure)
[2026-07-22T11:34:52.097+0300] GC(122) DefNew: 35856K(43712K)->12553K(43712K) Eden: 21888K(21888K)->0K(21888K) From: 13968K(21824K)->12553K(21824K)
[2026-07-22T11:34:52.098+0300] GC(122) Tenured: 7552K(65536K)->7588K(65536K)
[2026-07-22T11:34:52.098+0300] GC(122) Metaspace: 9368K(9856K)->9368K(9856K) NonClass: 8394K(8640K)->8394K(8640K) Class: 973K(1216K)->973K(1216K)
[2026-07-22T11:34:52.098+0300] GC(122) Pause Young (Allocation Failure) 42M->19M(106M) 30,817ms
[2026-07-22T11:34:52.098+0300] GC(122) User=0,03s Sys=0,00s Real=0,03s
[2026-07-22T11:34:52.242+0300] GC(123) Pause Young (Allocation Failure)
[2026-07-22T11:34:52.252+0300] GC(123) DefNew: 34441K(43712K)->3133K(43712K) Eden: 21888K(21888K)->0K(21888K) From: 12553K(21824K)->3133K(21824K)
[2026-07-22T11:34:52.252+0300] GC(123) Tenured: 7588K(65536K)->7599K(65536K)
[2026-07-22T11:34:52.252+0300] GC(123) Metaspace: 9368K(9856K)->9368K(9856K) NonClass: 8394K(8640K)->8394K(8640K) Class: 973K(1216K)->973K(1216K)
[2026-07-22T11:34:52.252+0300] GC(123) Pause Young (Allocation Failure) 41M->10M(106M) 9,714ms
[2026-07-22T11:34:52.252+0300] GC(123) User=0,01s Sys=0,00s Real=0,01s
[2026-07-22T11:34:52.288+0300] GC(124) Pause Young (Allocation Failure)
[2026-07-22T11:34:52.318+0300] GC(124) DefNew: 25021K(43712K)->9467K(43712K) Eden: 21888K(21888K)->0K(21888K) From: 3133K(21824K)->9467K(21824K)
[2026-07-22T11:34:52.318+0300] GC(124) Tenured: 7599K(65536K)->7599K(65536K)
[2026-07-22T11:34:52.318+0300] GC(124) Metaspace: 9368K(9856K)->9368K(9856K) NonClass: 8394K(8640K)->8394K(8640K) Class: 973K(1216K)->973K(1216K)
[2026-07-22T11:34:52.318+0300] GC(124) Pause Young (Allocation Failure) 31M->16M(106M) 30,878ms
[2026-07-22T11:34:52.318+0300] GC(124) User=0,03s Sys=0,00s Real=0,03s
[2026-07-22T11:34:52.456+0300] GC(125) Pause Young (Allocation Failure)
[2026-07-22T11:34:52.506+0300] GC(125) DefNew: 31355K(43712K)->15565K(43712K) Eden: 21888K(21888K)->0K(21888K) From: 9467K(21824K)->15565K(21824K)
[2026-07-22T11:34:52.506+0300] GC(125) Tenured: 7599K(65536K)->7599K(65536K)
[2026-07-22T11:34:52.506+0300] GC(125) Metaspace: 9368K(9856K)->9368K(9856K) NonClass: 8394K(8640K)->8394K(8640K) Class: 973K(1216K)->973K(1216K)
[2026-07-22T11:34:52.506+0300] GC(125) Pause Young (Allocation Failure) 38M->22M(106M) 50,590ms
[2026-07-22T11:34:52.506+0300] GC(125) User=0,05s Sys=0,00s Real=0,05s
[2026-07-22T11:34:52.652+0300] GC(126) Pause Young (Allocation Failure)
[2026-07-22T11:34:52.673+0300] GC(126) DefNew: 37453K(43712K)->5990K(43712K) Eden: 21888K(21888K)->0K(21888K) From: 15565K(21824K)->5990K(21824K)
[2026-07-22T11:34:52.673+0300] GC(126) Tenured: 7599K(65536K)->7632K(65536K)
[2026-07-22T11:34:52.673+0300] GC(126) Metaspace: 9369K(9856K)->9369K(9856K) NonClass: 8395K(8640K)->8395K(8640K) Class: 973K(1216K)->973K(1216K)
[2026-07-22T11:34:52.673+0300] GC(126) Pause Young (Allocation Failure) 43M->13M(106M) 20,207ms
[2026-07-22T11:34:52.673+0300] GC(126) User=0,02s Sys=0,00s Real=0,02s
[2026-07-22T11:34:52.713+0300] GC(127) Pause Young (Allocation Failure)
[2026-07-22T11:34:52.732+0300] GC(127) DefNew: 27878K(43712K)->5182K(43712K) Eden: 21888K(21888K)->0K(21888K) From: 5990K(21824K)->5182K(21824K)
[2026-07-22T11:34:52.732+0300] GC(127) Tenured: 7632K(65536K)->7632K(65536K)
[2026-07-22T11:34:52.732+0300] GC(127) Metaspace: 9369K(9856K)->9369K(9856K) NonClass: 8395K(8640K)->8395K(8640K) Class: 973K(1216K)->973K(1216K)
[2026-07-22T11:34:52.732+0300] GC(127) Pause Young (Allocation Failure) 34M->12M(106M) 18,582ms
[2026-07-22T11:34:52.732+0300] GC(127) User=0,02s Sys=0,00s Real=0,02s
[2026-07-22T11:34:52.865+0300] GC(128) Pause Young (Allocation Failure)
[2026-07-22T11:34:52.922+0300] GC(128) DefNew: 27070K(43712K)->18421K(43712K) Eden: 21888K(21888K)->0K(21888K) From: 5182K(21824K)->18421K(21824K)
[2026-07-22T11:34:52.922+0300] GC(128) Tenured: 7632K(65536K)->7632K(65536K)
[2026-07-22T11:34:52.922+0300] GC(128) Metaspace: 9369K(9856K)->9369K(9856K) NonClass: 8395K(8640K)->8395K(8640K) Class: 973K(1216K)->973K(1216K)
[2026-07-22T11:34:52.922+0300] GC(128) Pause Young (Allocation Failure) 33M->25M(106M) 57,190ms
[2026-07-22T11:34:52.922+0300] GC(128) User=0,05s Sys=0,00s Real=0,06s
[2026-07-22T11:34:53.059+0300] GC(129) Pause Young (Allocation Failure)
[2026-07-22T11:34:53.079+0300] GC(129) DefNew: 40309K(43712K)->8979K(43712K) Eden: 21888K(21888K)->0K(21888K) From: 18421K(21824K)->8979K(21824K)
[2026-07-22T11:34:53.079+0300] GC(129) Tenured: 7632K(65536K)->7665K(65536K)
[2026-07-22T11:34:53.079+0300] GC(129) Metaspace: 9369K(9856K)->9369K(9856K) NonClass: 8395K(8640K)->8395K(8640K) Class: 973K(1216K)->973K(1216K)
[2026-07-22T11:34:53.079+0300] GC(129) Pause Young (Allocation Failure) 46M->16M(106M) 20,189ms
[2026-07-22T11:34:53.079+0300] GC(129) User=0,02s Sys=0,00s Real=0,02s
[2026-07-22T11:34:53.121+0300] GC(130) Pause Young (Allocation Failure)
[2026-07-22T11:34:53.125+0300] GC(130) DefNew: 30867K(43712K)->697K(43712K) Eden: 21888K(21888K)->0K(21888K) From: 8979K(21824K)->697K(21824K)
[2026-07-22T11:34:53.125+0300] GC(130) Tenured: 7665K(65536K)->7665K(65536K)
[2026-07-22T11:34:53.125+0300] GC(130) Metaspace: 9369K(9856K)->9369K(9856K) NonClass: 8395K(8640K)->8395K(8640K) Class: 973K(1216K)->973K(1216K)
[2026-07-22T11:34:53.125+0300] GC(130) Pause Young (Allocation Failure) 37M->8M(106M) 4,365ms
[2026-07-22T11:34:53.125+0300] GC(130) User=0,01s Sys=0,00s Real=0,00s
[2026-07-22T11:34:53.255+0300] GC(131) Pause Young (Allocation Failure)
[2026-07-22T11:34:53.299+0300] GC(131) DefNew: 22585K(43712K)->14838K(43712K) Eden: 21888K(21888K)->0K(21888K) From: 697K(21824K)->14838K(21824K)
[2026-07-22T11:34:53.299+0300] GC(131) Tenured: 7665K(65536K)->7665K(65536K)
[2026-07-22T11:34:53.299+0300] GC(131) Metaspace: 9369K(9856K)->9369K(9856K) NonClass: 8395K(8640K)->8395K(8640K) Class: 973K(1216K)->973K(1216K)
[2026-07-22T11:34:53.299+0300] GC(131) Pause Young (Allocation Failure) 29M->21M(106M) 44,039ms
[2026-07-22T11:34:53.299+0300] GC(131) User=0,04s Sys=0,00s Real=0,04s
[2026-07-22T11:34:53.442+0300] GC(132) Pause Young (Allocation Failure)
[2026-07-22T11:34:53.473+0300] GC(132) DefNew: 36726K(43712K)->11970K(43712K) Eden: 21888K(21888K)->0K(21888K) From: 14838K(21824K)->11970K(21824K)
[2026-07-22T11:34:53.473+0300] GC(132) Tenured: 7665K(65536K)->7698K(65536K)
[2026-07-22T11:34:53.473+0300] GC(132) Metaspace: 9369K(9856K)->9369K(9856K) NonClass: 8395K(8640K)->8395K(8640K) Class: 973K(1216K)->973K(1216K)
[2026-07-22T11:34:53.473+0300] GC(132) Pause Young (Allocation Failure) 43M->19M(106M) 31,929ms
[2026-07-22T11:34:53.474+0300] GC(132) User=0,03s Sys=0,00s Real=0,03s
[2026-07-22T11:34:53.618+0300] GC(133) Pause Young (Allocation Failure)
[2026-07-22T11:34:53.628+0300] GC(133) DefNew: 33858K(43712K)->2416K(43712K) Eden: 21888K(21888K)->0K(21888K) From: 11970K(21824K)->2416K(21824K)
[2026-07-22T11:34:53.628+0300] GC(133) Tenured: 7698K(65536K)->7709K(65536K)
[2026-07-22T11:34:53.628+0300] GC(133) Metaspace: 9381K(9856K)->9381K(9856K) NonClass: 8408K(8640K)->8408K(8640K) Class: 973K(1216K)->973K(1216K)
[2026-07-22T11:34:53.628+0300] GC(133) Pause Young (Allocation Failure) 40M->9M(106M) 9,884ms
[2026-07-22T11:34:53.628+0300] GC(133) User=0,02s Sys=0,00s Real=0,01s
[2026-07-22T11:34:53.662+0300] GC(134) Pause Young (Allocation Failure)
[2026-07-22T11:34:53.696+0300] GC(134) DefNew: 24304K(43712K)->10544K(43712K) Eden: 21888K(21888K)->0K(21888K) From: 2416K(21824K)->10544K(21824K)
[2026-07-22T11:34:53.696+0300] GC(134) Tenured: 7709K(65536K)->7709K(65536K)
[2026-07-22T11:34:53.696+0300] GC(134) Metaspace: 9381K(9856K)->9381K(9856K) NonClass: 8408K(8640K)->8408K(8640K) Class: 973K(1216K)->973K(1216K)
[2026-07-22T11:34:53.696+0300] GC(134) Pause Young (Allocation Failure) 31M->17M(106M) 34,358ms
[2026-07-22T11:34:53.696+0300] GC(134) User=0,03s Sys=0,00s Real=0,03s
[2026-07-22T11:34:53.832+0300] GC(135) Pause Young (Allocation Failure)
[2026-07-22T11:34:53.879+0300] GC(135) DefNew: 32432K(43712K)->14848K(43712K) Eden: 21888K(21888K)->0K(21888K) From: 10544K(21824K)->14848K(21824K)
[2026-07-22T11:34:53.879+0300] GC(135) Tenured: 7709K(65536K)->7709K(65536K)
[2026-07-22T11:34:53.879+0300] GC(135) Metaspace: 9381K(9856K)->9381K(9856K) NonClass: 8408K(8640K)->8408K(8640K) Class: 973K(1216K)->973K(1216K)
[2026-07-22T11:34:53.879+0300] GC(135) Pause Young (Allocation Failure) 39M->22M(106M) 46,947ms
[2026-07-22T11:34:53.879+0300] GC(135) User=0,04s Sys=0,00s Real=0,04s
[2026-07-22T11:34:54.027+0300] GC(136) Pause Young (Allocation Failure)
[2026-07-22T11:34:54.038+0300] GC(136) DefNew: 36736K(43712K)->5406K(43712K) Eden: 21888K(21888K)->0K(21888K) From: 14848K(21824K)->5406K(21824K)
[2026-07-22T11:34:54.038+0300] GC(136) Tenured: 7709K(65536K)->7742K(65536K)
[2026-07-22T11:34:54.038+0300] GC(136) Metaspace: 9381K(9856K)->9381K(9856K) NonClass: 8408K(8640K)->8408K(8640K) Class: 973K(1216K)->973K(1216K)
[2026-07-22T11:34:54.038+0300] GC(136) Pause Young (Allocation Failure) 43M->12M(106M) 11,457ms
[2026-07-22T11:34:54.038+0300] GC(136) User=0,01s Sys=0,00s Real=0,01s
[2026-07-22T11:34:54.061+0300] GC(137) Pause Young (Allocation Failure)
[2026-07-22T11:34:54.081+0300] GC(137) DefNew: 27294K(43712K)->6058K(43712K) Eden: 21888K(21888K)->0K(21888K) From: 5406K(21824K)->6058K(21824K)
[2026-07-22T11:34:54.082+0300] GC(137) Tenured: 7742K(65536K)->7742K(65536K)
[2026-07-22T11:34:54.082+0300] GC(137) Metaspace: 9381K(9856K)->9381K(9856K) NonClass: 8408K(8640K)->8408K(8640K) Class: 973K(1216K)->973K(1216K)
[2026-07-22T11:34:54.082+0300] GC(137) Pause Young (Allocation Failure) 34M->13M(106M) 20,769ms
[2026-07-22T11:34:54.082+0300] GC(137) User=0,02s Sys=0,00s Real=0,02s
[2026-07-22T11:34:54.213+0300] GC(138) Pause Young (Allocation Failure)
[2026-07-22T11:34:54.270+0300] GC(138) DefNew: 27946K(43712K)->17838K(43712K) Eden: 21888K(21888K)->0K(21888K) From: 6058K(21824K)->17838K(21824K)
[2026-07-22T11:34:54.270+0300] GC(138) Tenured: 7742K(65536K)->7742K(65536K)
[2026-07-22T11:34:54.270+0300] GC(138) Metaspace: 9381K(9856K)->9381K(9856K) NonClass: 8408K(8640K)->8408K(8640K) Class: 973K(1216K)->973K(1216K)
[2026-07-22T11:34:54.271+0300] GC(138) Pause Young (Allocation Failure) 34M->24M(106M) 57,670ms
[2026-07-22T11:34:54.271+0300] GC(138) User=0,06s Sys=0,00s Real=0,06s
[2026-07-22T11:34:54.419+0300] GC(139) Pause Young (Allocation Failure)
[2026-07-22T11:34:54.438+0300] GC(139) DefNew: 39726K(43712K)->8396K(43712K) Eden: 21888K(21888K)->0K(21888K) From: 17838K(21824K)->8396K(21824K)
[2026-07-22T11:34:54.438+0300] GC(139) Tenured: 7742K(65536K)->7775K(65536K)
[2026-07-22T11:34:54.438+0300] GC(139) Metaspace: 9381K(9856K)->9381K(9856K) NonClass: 8408K(8640K)->8408K(8640K) Class: 973K(1216K)->973K(1216K)
[2026-07-22T11:34:54.438+0300] GC(139) Pause Young (Allocation Failure) 46M->15M(106M) 18,673ms
[2026-07-22T11:34:54.438+0300] GC(139) User=0,02s Sys=0,00s Real=0,02s
[2026-07-22T11:34:54.481+0300] GC(140) Pause Young (Allocation Failure)
[2026-07-22T11:34:54.487+0300] GC(140) DefNew: 30284K(43712K)->1573K(43712K) Eden: 21888K(21888K)->0K(21888K) From: 8396K(21824K)->1573K(21824K)
[2026-07-22T11:34:54.487+0300] GC(140) Tenured: 7775K(65536K)->7775K(65536K)
[2026-07-22T11:34:54.487+0300] GC(140) Metaspace: 9381K(9856K)->9381K(9856K) NonClass: 8408K(8640K)->8408K(8640K) Class: 973K(1216K)->973K(1216K)
[2026-07-22T11:34:54.487+0300] GC(140) Pause Young (Allocation Failure) 37M->9M(106M) 6,263ms
[2026-07-22T11:34:54.487+0300] GC(140) User=0,00s Sys=0,00s Real=0,00s
[2026-07-22T11:34:54.617+0300] GC(141) Pause Young (Allocation Failure)
[2026-07-22T11:34:54.668+0300] GC(141) DefNew: 23461K(43712K)->15892K(43712K) Eden: 21888K(21888K)->0K(21888K) From: 1573K(21824K)->15892K(21824K)
[2026-07-22T11:34:54.668+0300] GC(141) Tenured: 7775K(65536K)->7775K(65536K)
[2026-07-22T11:34:54.668+0300] GC(141) Metaspace: 9390K(9856K)->9390K(9856K) NonClass: 8416K(8640K)->8416K(8640K) Class: 973K(1216K)->973K(1216K)
[2026-07-22T11:34:54.668+0300] GC(141) Pause Young (Allocation Failure) 30M->23M(106M) 50,850ms
[2026-07-22T11:34:54.668+0300] GC(141) User=0,06s Sys=0,00s Real=0,05s
[2026-07-22T11:34:54.815+0300] GC(142) Pause Young (Allocation Failure)
[2026-07-22T11:34:54.843+0300] GC(142) DefNew: 37780K(43712K)->11268K(43712K) Eden: 21888K(21888K)->0K(21888K) From: 15892K(21824K)->11268K(21824K)
[2026-07-22T11:34:54.843+0300] GC(142) Tenured: 7775K(65536K)->7808K(65536K)
[2026-07-22T11:34:54.843+0300] GC(142) Metaspace: 9390K(9856K)->9390K(9856K) NonClass: 8416K(8640K)->8416K(8640K) Class: 973K(1216K)->973K(1216K)
[2026-07-22T11:34:54.843+0300] GC(142) Pause Young (Allocation Failure) 44M->18M(106M) 28,400ms
[2026-07-22T11:34:54.844+0300] GC(142) User=0,03s Sys=0,00s Real=0,03s
[2026-07-22T11:34:54.986+0300] GC(143) Pause Young (Allocation Failure)
[2026-07-22T11:34:54.993+0300] GC(143) DefNew: 33156K(43712K)->1848K(43712K) Eden: 21888K(21888K)->0K(21888K) From: 11268K(21824K)->1848K(21824K)
[2026-07-22T11:34:54.993+0300] GC(143) Tenured: 7808K(65536K)->7819K(65536K)
[2026-07-22T11:34:54.993+0300] GC(143) Metaspace: 9390K(9856K)->9390K(9856K) NonClass: 8416K(8640K)->8416K(8640K) Class: 973K(1216K)->973K(1216K)
[2026-07-22T11:34:54.994+0300] GC(143) Pause Young (Allocation Failure) 40M->9M(106M) 7,189ms
[2026-07-22T11:34:54.994+0300] GC(143) User=0,01s Sys=0,00s Real=0,01s
[2026-07-22T11:34:55.030+0300] GC(144) Pause Young (Allocation Failure)
[2026-07-22T11:34:55.068+0300] GC(144) DefNew: 23736K(43712K)->11395K(43712K) Eden: 21888K(21888K)->0K(21888K) From: 1848K(21824K)->11395K(21824K)
[2026-07-22T11:34:55.068+0300] GC(144) Tenured: 7819K(65536K)->7819K(65536K)
[2026-07-22T11:34:55.068+0300] GC(144) Metaspace: 9390K(9856K)->9390K(9856K) NonClass: 8416K(8640K)->8416K(8640K) Class: 973K(1216K)->973K(1216K)
[2026-07-22T11:34:55.068+0300] GC(144) Pause Young (Allocation Failure) 30M->18M(106M) 38,398ms
[2026-07-22T11:34:55.068+0300] GC(144) User=0,03s Sys=0,00s Real=0,04s
[2026-07-22T11:34:55.209+0300] GC(145) Pause Young (Allocation Failure)
[2026-07-22T11:34:55.251+0300] GC(145) DefNew: 33283K(43712K)->14258K(43712K) Eden: 21888K(21888K)->0K(21888K) From: 11395K(21824K)->14258K(21824K)
[2026-07-22T11:34:55.251+0300] GC(145) Tenured: 7819K(65536K)->7841K(65536K)
[2026-07-22T11:34:55.251+0300] GC(145) Metaspace: 9390K(9856K)->9390K(9856K) NonClass: 8416K(8640K)->8416K(8640K) Class: 973K(1216K)->973K(1216K)
[2026-07-22T11:34:55.251+0300] GC(145) Pause Young (Allocation Failure) 40M->21M(106M) 42,289ms
[2026-07-22T11:34:55.251+0300] GC(145) User=0,05s Sys=0,00s Real=0,05s
[2026-07-22T11:34:55.397+0300] GC(146) Pause Young (Allocation Failure)
[2026-07-22T11:34:55.411+0300] GC(146) DefNew: 36146K(43712K)->4839K(43712K) Eden: 21888K(21888K)->0K(21888K) From: 14258K(21824K)->4839K(21824K)
[2026-07-22T11:34:55.411+0300] GC(146) Tenured: 7841K(65536K)->7852K(65536K)
[2026-07-22T11:34:55.411+0300] GC(146) Metaspace: 9390K(9856K)->9390K(9856K) NonClass: 8416K(8640K)->8416K(8640K) Class: 973K(1216K)->973K(1216K)
[2026-07-22T11:34:55.411+0300] GC(146) Pause Young (Allocation Failure) 42M->12M(106M) 14,141ms
[2026-07-22T11:34:55.411+0300] GC(146) User=0,02s Sys=0,00s Real=0,02s
[2026-07-22T11:34:55.450+0300] GC(147) Pause Young (Allocation Failure)
[2026-07-22T11:34:55.479+0300] GC(147) DefNew: 26727K(43712K)->6908K(43712K) Eden: 21888K(21888K)->0K(21888K) From: 4839K(21824K)->6908K(21824K)
[2026-07-22T11:34:55.479+0300] GC(147) Tenured: 7852K(65536K)->7852K(65536K)
[2026-07-22T11:34:55.479+0300] GC(147) Metaspace: 9390K(9856K)->9390K(9856K) NonClass: 8416K(8640K)->8416K(8640K) Class: 973K(1216K)->973K(1216K)
[2026-07-22T11:34:55.479+0300] GC(147) Pause Young (Allocation Failure) 33M->14M(106M) 28,950ms
[2026-07-22T11:34:55.479+0300] GC(147) User=0,03s Sys=0,00s Real=0,03s
[2026-07-22T11:34:55.614+0300] GC(148) Pause Young (Allocation Failure)
[2026-07-22T11:34:55.669+0300] GC(148) DefNew: 28796K(43712K)->17007K(43712K) Eden: 21888K(21888K)->0K(21888K) From: 6908K(21824K)->17007K(21824K)
[2026-07-22T11:34:55.669+0300] GC(148) Tenured: 7852K(65536K)->7852K(65536K)
[2026-07-22T11:34:55.669+0300] GC(148) Metaspace: 9396K(9856K)->9396K(9856K) NonClass: 8422K(8640K)->8422K(8640K) Class: 973K(1216K)->973K(1216K)
[2026-07-22T11:34:55.670+0300] GC(148) Pause Young (Allocation Failure) 35M->24M(106M) 55,094ms
[2026-07-22T11:34:55.670+0300] GC(148) User=0,05s Sys=0,00s Real=0,05s
[2026-07-22T11:34:55.817+0300] GC(149) Pause Young (Allocation Failure)
[2026-07-22T11:34:55.835+0300] GC(149) DefNew: 38895K(43712K)->7565K(43712K) Eden: 21888K(21888K)->0K(21888K) From: 17007K(21824K)->7565K(21824K)
[2026-07-22T11:34:55.835+0300] GC(149) Tenured: 7852K(65536K)->7885K(65536K)
[2026-07-22T11:34:55.835+0300] GC(149) Metaspace: 9396K(9856K)->9396K(9856K) NonClass: 8422K(8640K)->8422K(8640K) Class: 973K(1216K)->973K(1216K)
[2026-07-22T11:34:55.835+0300] GC(149) Pause Young (Allocation Failure) 45M->15M(106M) 17,697ms
[2026-07-22T11:34:55.835+0300] GC(149) User=0,02s Sys=0,00s Real=0,02s
[2026-07-22T11:34:55.876+0300] GC(150) Pause Young (Allocation Failure)
[2026-07-22T11:34:55.885+0300] GC(150) DefNew: 29453K(43712K)->2820K(43712K) Eden: 21888K(21888K)->0K(21888K) From: 7565K(21824K)->2820K(21824K)
[2026-07-22T11:34:55.885+0300] GC(150) Tenured: 7885K(65536K)->7885K(65536K)
[2026-07-22T11:34:55.885+0300] GC(150) Metaspace: 9396K(9856K)->9396K(9856K) NonClass: 8422K(8640K)->8422K(8640K) Class: 973K(1216K)->973K(1216K)
[2026-07-22T11:34:55.885+0300] GC(150) Pause Young (Allocation Failure) 36M->10M(106M) 9,684ms
[2026-07-22T11:34:55.885+0300] GC(150) User=0,01s Sys=0,00s Real=0,01s
[2026-07-22T11:34:56.017+0300] GC(151) Pause Young (Allocation Failure)
[2026-07-22T11:34:56.072+0300] GC(151) DefNew: 24708K(43712K)->16961K(43712K) Eden: 21888K(21888K)->0K(21888K) From: 2820K(21824K)->16961K(21824K)
[2026-07-22T11:34:56.072+0300] GC(151) Tenured: 7885K(65536K)->7885K(65536K)
[2026-07-22T11:34:56.072+0300] GC(151) Metaspace: 9396K(9856K)->9396K(9856K) NonClass: 8422K(8640K)->8422K(8640K) Class: 973K(1216K)->973K(1216K)
[2026-07-22T11:34:56.072+0300] GC(151) Pause Young (Allocation Failure) 31M->24M(106M) 54,819ms
[2026-07-22T11:34:56.072+0300] GC(151) User=0,06s Sys=0,00s Real=0,06s
[2026-07-22T11:34:56.218+0300] GC(152) Pause Young (Allocation Failure)
[2026-07-22T11:34:56.243+0300] GC(152) DefNew: 38849K(43712K)->10555K(43712K) Eden: 21888K(21888K)->0K(21888K) From: 16961K(21824K)->10555K(21824K)
[2026-07-22T11:34:56.243+0300] GC(152) Tenured: 7885K(65536K)->7918K(65536K)
[2026-07-22T11:34:56.243+0300] GC(152) Metaspace: 9396K(9856K)->9396K(9856K) NonClass: 8422K(8640K)->8422K(8640K) Class: 973K(1216K)->973K(1216K)
[2026-07-22T11:34:56.243+0300] GC(152) Pause Young (Allocation Failure) 45M->18M(106M) 25,250ms
[2026-07-22T11:34:56.243+0300] GC(152) User=0,02s Sys=0,00s Real=0,03s
[2026-07-22T11:34:56.386+0300] GC(153) Pause Young (Allocation Failure)
[2026-07-22T11:34:56.391+0300] GC(153) DefNew: 32443K(43712K)->1146K(43712K) Eden: 21888K(21888K)->0K(21888K) From: 10555K(21824K)->1146K(21824K)
[2026-07-22T11:34:56.391+0300] GC(153) Tenured: 7918K(65536K)->7918K(65536K)
[2026-07-22T11:34:56.391+0300] GC(153) Metaspace: 9396K(9856K)->9396K(9856K) NonClass: 8422K(8640K)->8422K(8640K) Class: 973K(1216K)->973K(1216K)
[2026-07-22T11:34:56.391+0300] GC(153) Pause Young (Allocation Failure) 39M->8M(106M) 5,202ms
[2026-07-22T11:34:56.391+0300] GC(153) User=0,01s Sys=0,00s Real=0,01s
[2026-07-22T11:34:56.424+0300] GC(154) Pause Young (Allocation Failure)
[2026-07-22T11:34:56.464+0300] GC(154) DefNew: 23034K(43712K)->12474K(43712K) Eden: 21888K(21888K)->0K(21888K) From: 1146K(21824K)->12474K(21824K)
[2026-07-22T11:34:56.464+0300] GC(154) Tenured: 7918K(65536K)->7918K(65536K)
[2026-07-22T11:34:56.464+0300] GC(154) Metaspace: 9396K(9856K)->9396K(9856K) NonClass: 8422K(8640K)->8422K(8640K) Class: 973K(1216K)->973K(1216K)
[2026-07-22T11:34:56.464+0300] GC(154) Pause Young (Allocation Failure) 30M->19M(106M) 40,188ms
[2026-07-22T11:34:56.464+0300] GC(154) User=0,04s Sys=0,00s Real=0,04s
[2026-07-22T11:34:56.604+0300] GC(155) Pause Young (Allocation Failure)
[2026-07-22T11:34:56.645+0300] GC(155) DefNew: 34362K(43712K)->13428K(43712K) Eden: 21888K(21888K)->0K(21888K) From: 12474K(21824K)->13428K(21824K)
[2026-07-22T11:34:56.645+0300] GC(155) Tenured: 7918K(65536K)->7951K(65536K)
[2026-07-22T11:34:56.645+0300] GC(155) Metaspace: 9419K(9856K)->9419K(9856K) NonClass: 8444K(8640K)->8444K(8640K) Class: 974K(1216K)->974K(1216K)
[2026-07-22T11:34:56.645+0300] GC(155) Pause Young (Allocation Failure) 41M->20M(106M) 41,812ms
[2026-07-22T11:34:56.645+0300] GC(155) User=0,05s Sys=0,00s Real=0,04s
[2026-07-22T11:34:56.790+0300] GC(156) Pause Young (Allocation Failure)
[2026-07-22T11:34:56.803+0300] GC(156) DefNew: 35316K(43712K)->4008K(43712K) Eden: 21888K(21888K)->0K(21888K) From: 13428K(21824K)->4008K(21824K)
[2026-07-22T11:34:56.803+0300] GC(156) Tenured: 7951K(65536K)->7963K(65536K)
[2026-07-22T11:34:56.803+0300] GC(156) Metaspace: 9419K(9856K)->9419K(9856K) NonClass: 8444K(8640K)->8444K(8640K) Class: 974K(1216K)->974K(1216K)
[2026-07-22T11:34:56.803+0300] GC(156) Pause Young (Allocation Failure) 42M->11M(106M) 12,833ms
[2026-07-22T11:34:56.803+0300] GC(156) User=0,01s Sys=0,00s Real=0,02s
[2026-07-22T11:34:56.840+0300] GC(157) Pause Young (Allocation Failure)
[2026-07-22T11:34:56.866+0300] GC(157) DefNew: 25896K(43712K)->8155K(43712K) Eden: 21888K(21888K)->0K(21888K) From: 4008K(21824K)->8155K(21824K)
[2026-07-22T11:34:56.866+0300] GC(157) Tenured: 7963K(65536K)->7963K(65536K)
[2026-07-22T11:34:56.866+0300] GC(157) Metaspace: 9419K(9856K)->9419K(9856K) NonClass: 8444K(8640K)->8444K(8640K) Class: 974K(1216K)->974K(1216K)
[2026-07-22T11:34:56.866+0300] GC(157) Pause Young (Allocation Failure) 33M->15M(106M) 25,482ms
[2026-07-22T11:34:56.866+0300] GC(157) User=0,03s Sys=0,00s Real=0,03s
[2026-07-22T11:34:57.000+0300] GC(158) Pause Young (Allocation Failure)
[2026-07-22T11:34:57.048+0300] GC(158) DefNew: 30043K(43712K)->16440K(43712K) Eden: 21888K(21888K)->0K(21888K) From: 8155K(21824K)->16440K(21824K)
[2026-07-22T11:34:57.048+0300] GC(158) Tenured: 7963K(65536K)->7963K(65536K)
[2026-07-22T11:34:57.048+0300] GC(158) Metaspace: 9419K(9856K)->9419K(9856K) NonClass: 8444K(8640K)->8444K(8640K) Class: 974K(1216K)->974K(1216K)
[2026-07-22T11:34:57.048+0300] GC(158) Pause Young (Allocation Failure) 37M->23M(106M) 47,961ms
[2026-07-22T11:34:57.048+0300] GC(158) User=0,05s Sys=0,00s Real=0,05s
[2026-07-22T11:34:57.192+0300] GC(159) Pause Young (Allocation Failure)
[2026-07-22T11:34:57.210+0300] GC(159) DefNew: 38328K(43712K)->6998K(43712K) Eden: 21888K(21888K)->0K(21888K) From: 16440K(21824K)->6998K(21824K)
[2026-07-22T11:34:57.210+0300] GC(159) Tenured: 7963K(65536K)->7996K(65536K)
[2026-07-22T11:34:57.210+0300] GC(159) Metaspace: 9421K(9856K)->9421K(9856K) NonClass: 8446K(8640K)->8446K(8640K) Class: 974K(1216K)->974K(1216K)
[2026-07-22T11:34:57.210+0300] GC(159) Pause Young (Allocation Failure) 45M->14M(106M) 17,578ms
[2026-07-22T11:34:57.210+0300] GC(159) User=0,01s Sys=0,00s Real=0,01s
[2026-07-22T11:34:57.249+0300] GC(160) Pause Young (Allocation Failure)
[2026-07-22T11:34:57.261+0300] GC(160) DefNew: 28886K(43712K)->3669K(43712K) Eden: 21888K(21888K)->0K(21888K) From: 6998K(21824K)->3669K(21824K)
[2026-07-22T11:34:57.261+0300] GC(160) Tenured: 7996K(65536K)->7996K(65536K)
[2026-07-22T11:34:57.261+0300] GC(160) Metaspace: 9422K(9856K)->9422K(9856K) NonClass: 8447K(8640K)->8447K(8640K) Class: 974K(1216K)->974K(1216K)
[2026-07-22T11:34:57.261+0300] GC(160) Pause Young (Allocation Failure) 36M->11M(106M) 12,271ms
[2026-07-22T11:34:57.261+0300] GC(160) User=0,02s Sys=0,00s Real=0,02s
[2026-07-22T11:34:57.393+0300] GC(161) Pause Young (Allocation Failure)
[2026-07-22T11:34:57.446+0300] GC(161) DefNew: 25557K(43712K)->17811K(43712K) Eden: 21888K(21888K)->0K(21888K) From: 3669K(21824K)->17811K(21824K)
[2026-07-22T11:34:57.446+0300] GC(161) Tenured: 7996K(65536K)->7996K(65536K)
[2026-07-22T11:34:57.446+0300] GC(161) Metaspace: 9422K(9856K)->9422K(9856K) NonClass: 8447K(8640K)->8447K(8640K) Class: 974K(1216K)->974K(1216K)
[2026-07-22T11:34:57.446+0300] GC(161) Pause Young (Allocation Failure) 32M->25M(106M) 52,609ms
[2026-07-22T11:34:57.446+0300] GC(161) User=0,05s Sys=0,00s Real=0,05s
[2026-07-22T11:34:57.592+0300] GC(162) Pause Young (Allocation Failure)
[2026-07-22T11:34:57.621+0300] GC(162) DefNew: 39699K(43712K)->9777K(43712K) Eden: 21888K(21888K)->0K(21888K) From: 17811K(21824K)->9777K(21824K)
[2026-07-22T11:34:57.621+0300] GC(162) Tenured: 7996K(65536K)->8029K(65536K)
[2026-07-22T11:34:57.621+0300] GC(162) Metaspace: 9444K(9920K)->9444K(9920K) NonClass: 8468K(8704K)->8468K(8704K) Class: 975K(1216K)->975K(1216K)
[2026-07-22T11:34:57.621+0300] GC(162) Pause Young (Allocation Failure) 46M->17M(106M) 28,805ms
[2026-07-22T11:34:57.621+0300] GC(162) User=0,03s Sys=0,00s Real=0,03s
[2026-07-22T11:34:57.765+0300] GC(163) Pause Young (Allocation Failure)
[2026-07-22T11:34:57.770+0300] GC(163) DefNew: 31665K(43712K)->368K(43712K) Eden: 21888K(21888K)->0K(21888K) From: 9777K(21824K)->368K(21824K)
[2026-07-22T11:34:57.770+0300] GC(163) Tenured: 8029K(65536K)->8029K(65536K)
[2026-07-22T11:34:57.770+0300] GC(163) Metaspace: 9444K(9920K)->9444K(9920K) NonClass: 8468K(8704K)->8468K(8704K) Class: 975K(1216K)->975K(1216K)
[2026-07-22T11:34:57.770+0300] GC(163) Pause Young (Allocation Failure) 38M->8M(106M) 4,646ms
[2026-07-22T11:34:57.770+0300] GC(163) User=0,00s Sys=0,00s Real=0,00s
[2026-07-22T11:34:57.803+0300] GC(164) Pause Young (Allocation Failure)
[2026-07-22T11:34:57.832+0300] GC(164) DefNew: 22256K(43712K)->13643K(43712K) Eden: 21888K(21888K)->0K(21888K) From: 368K(21824K)->13643K(21824K)
[2026-07-22T11:34:57.832+0300] GC(164) Tenured: 8029K(65536K)->8029K(65536K)
[2026-07-22T11:34:57.832+0300] GC(164) Metaspace: 9444K(9920K)->9444K(9920K) NonClass: 8468K(8704K)->8468K(8704K) Class: 975K(1216K)->975K(1216K)
[2026-07-22T11:34:57.832+0300] GC(164) Pause Young (Allocation Failure) 29M->21M(106M) 29,247ms
[2026-07-22T11:34:57.832+0300] GC(164) User=0,02s Sys=0,00s Real=0,03s
[2026-07-22T11:34:57.975+0300] GC(165) Pause Young (Allocation Failure)
[2026-07-22T11:34:58.005+0300] GC(165) DefNew: 35531K(43712K)->12767K(43712K) Eden: 21888K(21888K)->0K(21888K) From: 13643K(21824K)->12767K(21824K)
[2026-07-22T11:34:58.006+0300] GC(165) Tenured: 8029K(65536K)->8062K(65536K)
[2026-07-22T11:34:58.006+0300] GC(165) Metaspace: 9444K(9920K)->9444K(9920K) NonClass: 8468K(8704K)->8468K(8704K) Class: 975K(1216K)->975K(1216K)
[2026-07-22T11:34:58.006+0300] GC(165) Pause Young (Allocation Failure) 42M->20M(106M) 30,376ms
[2026-07-22T11:34:58.006+0300] GC(165) User=0,03s Sys=0,00s Real=0,03s
[2026-07-22T11:34:58.150+0300] GC(166) Pause Young (Allocation Failure)
[2026-07-22T11:34:58.160+0300] GC(166) DefNew: 34655K(43712K)->3347K(43712K) Eden: 21888K(21888K)->0K(21888K) From: 12767K(21824K)->3347K(21824K)
[2026-07-22T11:34:58.160+0300] GC(166) Tenured: 8062K(65536K)->8073K(65536K)
[2026-07-22T11:34:58.160+0300] GC(166) Metaspace: 9444K(9920K)->9444K(9920K) NonClass: 8468K(8704K)->8468K(8704K) Class: 975K(1216K)->975K(1216K)
[2026-07-22T11:34:58.160+0300] GC(166) Pause Young (Allocation Failure) 41M->11M(106M) 10,005ms
[2026-07-22T11:34:58.160+0300] GC(166) User=0,01s Sys=0,00s Real=0,01s
[2026-07-22T11:34:58.189+0300] GC(167) Pause Young (Allocation Failure)
[2026-07-22T11:34:58.219+0300] GC(167) DefNew: 25235K(43712K)->9146K(43712K) Eden: 21888K(21888K)->0K(21888K) From: 3347K(21824K)->9146K(21824K)
[2026-07-22T11:34:58.219+0300] GC(167) Tenured: 8073K(65536K)->8073K(65536K)
[2026-07-22T11:34:58.219+0300] GC(167) Metaspace: 9444K(9920K)->9444K(9920K) NonClass: 8468K(8704K)->8468K(8704K) Class: 975K(1216K)->975K(1216K)
[2026-07-22T11:34:58.219+0300] GC(167) Pause Young (Allocation Failure) 32M->16M(106M) 30,024ms
[2026-07-22T11:34:58.219+0300] GC(167) User=0,03s Sys=0,00s Real=0,03s
[2026-07-22T11:34:58.357+0300] GC(168) Pause Young (Allocation Failure)
[2026-07-22T11:34:58.404+0300] GC(168) DefNew: 31034K(43712K)->15779K(43712K) Eden: 21888K(21888K)->0K(21888K) From: 9146K(21824K)->15779K(21824K)
[2026-07-22T11:34:58.404+0300] GC(168) Tenured: 8073K(65536K)->8073K(65536K)
[2026-07-22T11:34:58.404+0300] GC(168) Metaspace: 9444K(9920K)->9444K(9920K) NonClass: 8468K(8704K)->8468K(8704K) Class: 975K(1216K)->975K(1216K)
[2026-07-22T11:34:58.404+0300] GC(168) Pause Young (Allocation Failure) 38M->23M(106M) 47,438ms
[2026-07-22T11:34:58.404+0300] GC(168) User=0,05s Sys=0,00s Real=0,05s
[2026-07-22T11:34:58.550+0300] GC(169) Pause Young (Allocation Failure)
[2026-07-22T11:34:58.566+0300] GC(169) DefNew: 37667K(43712K)->6337K(43712K) Eden: 21888K(21888K)->0K(21888K) From: 15779K(21824K)->6337K(21824K)
[2026-07-22T11:34:58.566+0300] GC(169) Tenured: 8073K(65536K)->8106K(65536K)
[2026-07-22T11:34:58.566+0300] GC(169) Metaspace: 9444K(9920K)->9444K(9920K) NonClass: 8468K(8704K)->8468K(8704K) Class: 975K(1216K)->975K(1216K)
[2026-07-22T11:34:58.566+0300] GC(169) Pause Young (Allocation Failure) 44M->14M(106M) 16,688ms
[2026-07-22T11:34:58.566+0300] GC(169) User=0,02s Sys=0,01s Real=0,02s
[2026-07-22T11:34:58.607+0300] GC(170) Pause Young (Allocation Failure)
[2026-07-22T11:34:58.625+0300] GC(170) DefNew: 28225K(43712K)->4844K(43712K) Eden: 21888K(21888K)->0K(21888K) From: 6337K(21824K)->4844K(21824K)
[2026-07-22T11:34:58.625+0300] GC(170) Tenured: 8106K(65536K)->8106K(65536K)
[2026-07-22T11:34:58.625+0300] GC(170) Metaspace: 9456K(9920K)->9456K(9920K) NonClass: 8480K(8704K)->8480K(8704K) Class: 975K(1216K)->975K(1216K)
[2026-07-22T11:34:58.625+0300] GC(170) Pause Young (Allocation Failure) 35M->12M(106M) 18,017ms
[2026-07-22T11:34:58.625+0300] GC(170) User=0,02s Sys=0,00s Real=0,02s
[2026-07-22T11:34:58.759+0300] GC(171) Pause Young (Allocation Failure)
[2026-07-22T11:34:58.816+0300] GC(171) DefNew: 26732K(43712K)->18648K(43712K) Eden: 21888K(21888K)->0K(21888K) From: 4844K(21824K)->18648K(21824K)
[2026-07-22T11:34:58.816+0300] GC(171) Tenured: 8106K(65536K)->8106K(65536K)
[2026-07-22T11:34:58.816+0300] GC(171) Metaspace: 9456K(9920K)->9456K(9920K) NonClass: 8480K(8704K)->8480K(8704K) Class: 975K(1216K)->975K(1216K)
[2026-07-22T11:34:58.816+0300] GC(171) Pause Young (Allocation Failure) 34M->26M(106M) 57,358ms
[2026-07-22T11:34:58.816+0300] GC(171) User=0,06s Sys=0,00s Real=0,06s
[2026-07-22T11:34:58.964+0300] GC(172) Pause Young (Allocation Failure)
[2026-07-22T11:34:58.986+0300] GC(172) DefNew: 40536K(43712K)->9206K(43712K) Eden: 21888K(21888K)->0K(21888K) From: 18648K(21824K)->9206K(21824K)
[2026-07-22T11:34:58.986+0300] GC(172) Tenured: 8106K(65536K)->8139K(65536K)
[2026-07-22T11:34:58.986+0300] GC(172) Metaspace: 9456K(9920K)->9456K(9920K) NonClass: 8480K(8704K)->8480K(8704K) Class: 975K(1216K)->975K(1216K)
[2026-07-22T11:34:58.986+0300] GC(172) Pause Young (Allocation Failure) 47M->16M(106M) 21,938ms
[2026-07-22T11:34:58.986+0300] GC(172) User=0,02s Sys=0,00s Real=0,02s
[2026-07-22T11:34:59.029+0300] GC(173) Pause Young (Allocation Failure)
[2026-07-22T11:34:59.032+0300] GC(173) DefNew: 31094K(43712K)->358K(43712K) Eden: 21888K(21888K)->0K(21888K) From: 9206K(21824K)->358K(21824K)
[2026-07-22T11:34:59.032+0300] GC(173) Tenured: 8139K(65536K)->8139K(65536K)
[2026-07-22T11:34:59.032+0300] GC(173) Metaspace: 9456K(9920K)->9456K(9920K) NonClass: 8480K(8704K)->8480K(8704K) Class: 975K(1216K)->975K(1216K)
[2026-07-22T11:34:59.033+0300] GC(173) Pause Young (Allocation Failure) 38M->8M(106M) 3,906ms
[2026-07-22T11:34:59.033+0300] GC(173) User=0,01s Sys=0,00s Real=0,01s
[2026-07-22T11:34:59.160+0300] GC(174) Pause Young (Allocation Failure)
[2026-07-22T11:34:59.207+0300] GC(174) DefNew: 22246K(43712K)->14498K(43712K) Eden: 21888K(21888K)->0K(21888K) From: 358K(21824K)->14498K(21824K)
[2026-07-22T11:34:59.207+0300] GC(174) Tenured: 8139K(65536K)->8139K(65536K)
[2026-07-22T11:34:59.207+0300] GC(174) Metaspace: 9456K(9920K)->9456K(9920K) NonClass: 8480K(8704K)->8480K(8704K) Class: 975K(1216K)->975K(1216K)
[2026-07-22T11:34:59.207+0300] GC(174) Pause Young (Allocation Failure) 29M->22M(106M) 47,163ms
[2026-07-22T11:34:59.208+0300] GC(174) User=0,05s Sys=0,00s Real=0,05s
[2026-07-22T11:34:59.350+0300] GC(175) Pause Young (Allocation Failure)
[2026-07-22T11:34:59.383+0300] GC(175) DefNew: 36386K(43712K)->12197K(43712K) Eden: 21888K(21888K)->0K(21888K) From: 14498K(21824K)->12197K(21824K)
[2026-07-22T11:34:59.383+0300] GC(175) Tenured: 8139K(65536K)->8172K(65536K)
[2026-07-22T11:34:59.383+0300] GC(175) Metaspace: 9456K(9920K)->9456K(9920K) NonClass: 8480K(8704K)->8480K(8704K) Class: 975K(1216K)->975K(1216K)
[2026-07-22T11:34:59.384+0300] GC(175) Pause Young (Allocation Failure) 43M->19M(106M) 33,106ms
[2026-07-22T11:34:59.384+0300] GC(175) User=0,04s Sys=0,00s Real=0,04s
[2026-07-22T11:34:59.531+0300] GC(176) Pause Young (Allocation Failure)
[2026-07-22T11:34:59.540+0300] GC(176) DefNew: 34085K(43712K)->2778K(43712K) Eden: 21888K(21888K)->0K(21888K) From: 12197K(21824K)->2778K(21824K)
[2026-07-22T11:34:59.540+0300] GC(176) Tenured: 8172K(65536K)->8183K(65536K)
[2026-07-22T11:34:59.540+0300] GC(176) Metaspace: 9456K(9920K)->9456K(9920K) NonClass: 8480K(8704K)->8480K(8704K) Class: 975K(1216K)->975K(1216K)
[2026-07-22T11:34:59.540+0300] GC(176) Pause Young (Allocation Failure) 41M->10M(106M) 9,553ms
[2026-07-22T11:34:59.540+0300] GC(176) User=0,01s Sys=0,00s Real=0,00s
[2026-07-22T11:34:59.575+0300] GC(177) Pause Young (Allocation Failure)
[2026-07-22T11:34:59.613+0300] GC(177) DefNew: 24666K(43712K)->10466K(43712K) Eden: 21888K(21888K)->0K(21888K) From: 2778K(21824K)->10466K(21824K)
[2026-07-22T11:34:59.613+0300] GC(177) Tenured: 8183K(65536K)->8183K(65536K)
[2026-07-22T11:34:59.613+0300] GC(177) Metaspace: 9460K(9920K)->9460K(9920K) NonClass: 8484K(8704K)->8484K(8704K) Class: 975K(1216K)->975K(1216K)
[2026-07-22T11:34:59.613+0300] GC(177) Pause Young (Allocation Failure) 32M->18M(106M) 37,581ms
[2026-07-22T11:34:59.613+0300] GC(177) User=0,03s Sys=0,00s Real=0,04s
[2026-07-22T11:34:59.751+0300] GC(178) Pause Young (Allocation Failure)
[2026-07-22T11:34:59.797+0300] GC(178) DefNew: 32354K(43712K)->14823K(43712K) Eden: 21888K(21888K)->0K(21888K) From: 10466K(21824K)->14823K(21824K)
[2026-07-22T11:34:59.798+0300] GC(178) Tenured: 8183K(65536K)->8183K(65536K)
[2026-07-22T11:34:59.798+0300] GC(178) Metaspace: 9460K(9920K)->9460K(9920K) NonClass: 8484K(8704K)->8484K(8704K) Class: 975K(1216K)->975K(1216K)
[2026-07-22T11:34:59.798+0300] GC(178) Pause Young (Allocation Failure) 39M->22M(106M) 46,800ms
[2026-07-22T11:34:59.798+0300] GC(178) User=0,04s Sys=0,00s Real=0,04s
[2026-07-22T11:34:59.946+0300] GC(179) Pause Young (Allocation Failure)
[2026-07-22T11:34:59.960+0300] GC(179) DefNew: 36711K(43712K)->5380K(43712K) Eden: 21888K(21888K)->0K(21888K) From: 14823K(21824K)->5380K(21824K)
[2026-07-22T11:34:59.960+0300] GC(179) Tenured: 8183K(65536K)->8217K(65536K)
[2026-07-22T11:34:59.960+0300] GC(179) Metaspace: 9460K(9920K)->9460K(9920K) NonClass: 8484K(8704K)->8484K(8704K) Class: 975K(1216K)->975K(1216K)
[2026-07-22T11:34:59.960+0300] GC(179) Pause Young (Allocation Failure) 43M->13M(106M) 14,527ms
[2026-07-22T11:34:59.960+0300] GC(179) User=0,01s Sys=0,00s Real=0,01s
[2026-07-22T11:34:59.997+0300] GC(180) Pause Young (Allocation Failure)
[2026-07-22T11:35:00.018+0300] GC(180) DefNew: 27268K(43712K)->6097K(43712K) Eden: 21888K(21888K)->0K(21888K) From: 5380K(21824K)->6097K(21824K)
[2026-07-22T11:35:00.018+0300] GC(180) Tenured: 8217K(65536K)->8217K(65536K)
[2026-07-22T11:35:00.018+0300] GC(180) Metaspace: 9460K(9920K)->9460K(9920K) NonClass: 8484K(8704K)->8484K(8704K) Class: 975K(1216K)->975K(1216K)
[2026-07-22T11:35:00.018+0300] GC(180) Pause Young (Allocation Failure) 34M->13M(106M) 21,063ms
[2026-07-22T11:35:00.018+0300] GC(180) User=0,02s Sys=0,00s Real=0,02s
[2026-07-22T11:35:00.153+0300] GC(181) Pause Young (Allocation Failure)
[2026-07-22T11:35:00.212+0300] GC(181) DefNew: 27985K(43712K)->17812K(43712K) Eden: 21888K(21888K)->0K(21888K) From: 6097K(21824K)->17812K(21824K)
[2026-07-22T11:35:00.212+0300] GC(181) Tenured: 8217K(65536K)->8217K(65536K)
[2026-07-22T11:35:00.212+0300] GC(181) Metaspace: 9460K(9920K)->9460K(9920K) NonClass: 8484K(8704K)->8484K(8704K) Class: 975K(1216K)->975K(1216K)
[2026-07-22T11:35:00.212+0300] GC(181) Pause Young (Allocation Failure) 35M->25M(106M) 59,481ms
[2026-07-22T11:35:00.212+0300] GC(181) User=0,06s Sys=0,00s Real=0,06s
[2026-07-22T11:35:00.359+0300] GC(182) Pause Young (Allocation Failure)
[2026-07-22T11:35:00.378+0300] GC(182) DefNew: 39700K(43712K)->8370K(43712K) Eden: 21888K(21888K)->0K(21888K) From: 17812K(21824K)->8370K(21824K)
[2026-07-22T11:35:00.378+0300] GC(182) Tenured: 8217K(65536K)->8250K(65536K)
[2026-07-22T11:35:00.379+0300] GC(182) Metaspace: 9460K(9920K)->9460K(9920K) NonClass: 8484K(8704K)->8484K(8704K) Class: 975K(1216K)->975K(1216K)
[2026-07-22T11:35:00.379+0300] GC(182) Pause Young (Allocation Failure) 46M->16M(106M) 19,123ms
[2026-07-22T11:35:00.379+0300] GC(182) User=0,02s Sys=0,00s Real=0,02s
[2026-07-22T11:35:00.420+0300] GC(183) Pause Young (Allocation Failure)
[2026-07-22T11:35:00.426+0300] GC(183) DefNew: 30258K(43712K)->1612K(43712K) Eden: 21888K(21888K)->0K(21888K) From: 8370K(21824K)->1612K(21824K)
[2026-07-22T11:35:00.426+0300] GC(183) Tenured: 8250K(65536K)->8250K(65536K)
[2026-07-22T11:35:00.426+0300] GC(183) Metaspace: 9460K(9920K)->9460K(9920K) NonClass: 8484K(8704K)->8484K(8704K) Class: 975K(1216K)->975K(1216K)
[2026-07-22T11:35:00.426+0300] GC(183) Pause Young (Allocation Failure) 37M->9M(106M) 6,486ms
[2026-07-22T11:35:00.426+0300] GC(183) User=0,01s Sys=0,00s Real=0,01s
[2026-07-22T11:35:00.558+0300] GC(184) Pause Young (Allocation Failure)
[2026-07-22T11:35:00.606+0300] GC(184) DefNew: 23500K(43712K)->15753K(43712K) Eden: 21888K(21888K)->0K(21888K) From: 1612K(21824K)->15753K(21824K)
[2026-07-22T11:35:00.606+0300] GC(184) Tenured: 8250K(65536K)->8250K(65536K)
[2026-07-22T11:35:00.606+0300] GC(184) Metaspace: 9460K(9920K)->9460K(9920K) NonClass: 8484K(8704K)->8484K(8704K) Class: 975K(1216K)->975K(1216K)
[2026-07-22T11:35:00.606+0300] GC(184) Pause Young (Allocation Failure) 31M->23M(106M) 48,014ms
[2026-07-22T11:35:00.606+0300] GC(184) User=0,05s Sys=0,00s Real=0,05s
[2026-07-22T11:35:00.753+0300] GC(185) Pause Young (Allocation Failure)
[2026-07-22T11:35:00.790+0300] GC(185) DefNew: 37641K(43712K)->11194K(43712K) Eden: 21888K(21888K)->0K(21888K) From: 15753K(21824K)->11194K(21824K)
[2026-07-22T11:35:00.790+0300] GC(185) Tenured: 8250K(65536K)->8283K(65536K)
[2026-07-22T11:35:00.790+0300] GC(185) Metaspace: 9468K(9920K)->9468K(9920K) NonClass: 8491K(8704K)->8491K(8704K) Class: 976K(1216K)->976K(1216K)
[2026-07-22T11:35:00.790+0300] GC(185) Pause Young (Allocation Failure) 44M->19M(106M) 36,981ms
[2026-07-22T11:35:00.790+0300] GC(185) User=0,03s Sys=0,00s Real=0,03s
[2026-07-22T11:35:00.936+0300] GC(186) Pause Young (Allocation Failure)
[2026-07-22T11:35:00.945+0300] GC(186) DefNew: 33082K(43712K)->1773K(43712K) Eden: 21888K(21888K)->0K(21888K) From: 11194K(21824K)->1773K(21824K)
[2026-07-22T11:35:00.945+0300] GC(186) Tenured: 8283K(65536K)->8295K(65536K)
[2026-07-22T11:35:00.945+0300] GC(186) Metaspace: 9468K(9920K)->9468K(9920K) NonClass: 8491K(8704K)->8491K(8704K) Class: 976K(1216K)->976K(1216K)
[2026-07-22T11:35:00.945+0300] GC(186) Pause Young (Allocation Failure) 40M->9M(106M) 8,537ms
[2026-07-22T11:35:00.945+0300] GC(186) User=0,01s Sys=0,00s Real=0,01s
[2026-07-22T11:35:00.979+0300] GC(187) Pause Young (Allocation Failure)
[2026-07-22T11:35:01.017+0300] GC(187) DefNew: 23661K(43712K)->11508K(43712K) Eden: 21888K(21888K)->0K(21888K) From: 1773K(21824K)->11508K(21824K)
[2026-07-22T11:35:01.017+0300] GC(187) Tenured: 8295K(65536K)->8295K(65536K)
[2026-07-22T11:35:01.017+0300] GC(187) Metaspace: 9468K(9920K)->9468K(9920K) NonClass: 8491K(8704K)->8491K(8704K) Class: 976K(1216K)->976K(1216K)
[2026-07-22T11:35:01.017+0300] GC(187) Pause Young (Allocation Failure) 31M->19M(106M) 37,980ms
[2026-07-22T11:35:01.017+0300] GC(187) User=0,04s Sys=0,00s Real=0,04s
[2026-07-22T11:35:01.159+0300] GC(188) Pause Young (Allocation Failure)
[2026-07-22T11:35:01.204+0300] GC(188) DefNew: 33396K(43712K)->14184K(43712K) Eden: 21888K(21888K)->0K(21888K) From: 11508K(21824K)->14184K(21824K)
[2026-07-22T11:35:01.204+0300] GC(188) Tenured: 8295K(65536K)->8317K(65536K)
[2026-07-22T11:35:01.204+0300] GC(188) Metaspace: 9468K(9920K)->9468K(9920K) NonClass: 8491K(8704K)->8491K(8704K) Class: 976K(1216K)->976K(1216K)
[2026-07-22T11:35:01.204+0300] GC(188) Pause Young (Allocation Failure) 40M->21M(106M) 45,346ms
[2026-07-22T11:35:01.204+0300] GC(188) User=0,05s Sys=0,00s Real=0,05s
[2026-07-22T11:35:01.351+0300] GC(189) Pause Young (Allocation Failure)
[2026-07-22T11:35:01.365+0300] GC(189) DefNew: 36072K(43712K)->4764K(43712K) Eden: 21888K(21888K)->0K(21888K) From: 14184K(21824K)->4764K(21824K)
[2026-07-22T11:35:01.365+0300] GC(189) Tenured: 8317K(65536K)->8328K(65536K)
[2026-07-22T11:35:01.365+0300] GC(189) Metaspace: 9468K(9920K)->9468K(9920K) NonClass: 8491K(8704K)->8491K(8704K) Class: 976K(1216K)->976K(1216K)
[2026-07-22T11:35:01.365+0300] GC(189) Pause Young (Allocation Failure) 43M->12M(106M) 14,414ms
[2026-07-22T11:35:01.365+0300] GC(189) User=0,02s Sys=0,00s Real=0,01s
[2026-07-22T11:35:01.403+0300] GC(190) Pause Young (Allocation Failure)
[2026-07-22T11:35:01.427+0300] GC(190) DefNew: 26652K(43712K)->7020K(43712K) Eden: 21888K(21888K)->0K(21888K) From: 4764K(21824K)->7020K(21824K)
[2026-07-22T11:35:01.427+0300] GC(190) Tenured: 8328K(65536K)->8328K(65536K)
[2026-07-22T11:35:01.427+0300] GC(190) Metaspace: 9468K(9920K)->9468K(9920K) NonClass: 8491K(8704K)->8491K(8704K) Class: 976K(1216K)->976K(1216K)
[2026-07-22T11:35:01.427+0300] GC(190) Pause Young (Allocation Failure) 34M->14M(106M) 23,956ms
[2026-07-22T11:35:01.427+0300] GC(190) User=0,02s Sys=0,00s Real=0,02s
[2026-07-22T11:35:01.562+0300] GC(191) Pause Young (Allocation Failure)
[2026-07-22T11:35:01.616+0300] GC(191) DefNew: 28908K(43712K)->17197K(43712K) Eden: 21888K(21888K)->0K(21888K) From: 7020K(21824K)->17197K(21824K)
[2026-07-22T11:35:01.616+0300] GC(191) Tenured: 8328K(65536K)->8328K(65536K)
[2026-07-22T11:35:01.616+0300] GC(191) Metaspace: 9468K(9920K)->9468K(9920K) NonClass: 8491K(8704K)->8491K(8704K) Class: 976K(1216K)->976K(1216K)
[2026-07-22T11:35:01.616+0300] GC(191) Pause Young (Allocation Failure) 36M->24M(106M) 53,751ms
[2026-07-22T11:35:01.616+0300] GC(191) User=0,05s Sys=0,00s Real=0,05s
[2026-07-22T11:35:01.764+0300] GC(192) Pause Young (Allocation Failure)
[2026-07-22T11:35:01.785+0300] GC(192) DefNew: 39085K(43712K)->7637K(43712K) Eden: 21888K(21888K)->0K(21888K) From: 17197K(21824K)->7637K(21824K)
[2026-07-22T11:35:01.785+0300] GC(192) Tenured: 8328K(65536K)->8361K(65536K)
[2026-07-22T11:35:01.785+0300] GC(192) Metaspace: 9476K(9920K)->9476K(9920K) NonClass: 8499K(8704K)->8499K(8704K) Class: 976K(1216K)->976K(1216K)
[2026-07-22T11:35:01.785+0300] GC(192) Pause Young (Allocation Failure) 46M->15M(106M) 21,095ms
[2026-07-22T11:35:01.785+0300] GC(192) User=0,02s Sys=0,00s Real=0,02s
[2026-07-22T11:35:01.827+0300] GC(193) Pause Young (Allocation Failure)
[2026-07-22T11:35:01.838+0300] GC(193) DefNew: 29525K(43712K)->2712K(43712K) Eden: 21888K(21888K)->0K(21888K) From: 7637K(21824K)->2712K(21824K)
[2026-07-22T11:35:01.838+0300] GC(193) Tenured: 8361K(65536K)->8361K(65536K)
[2026-07-22T11:35:01.838+0300] GC(193) Metaspace: 9476K(9920K)->9476K(9920K) NonClass: 8499K(8704K)->8499K(8704K) Class: 976K(1216K)->976K(1216K)
[2026-07-22T11:35:01.838+0300] GC(193) Pause Young (Allocation Failure) 36M->10M(106M) 10,687ms
[2026-07-22T11:35:01.838+0300] GC(193) User=0,01s Sys=0,00s Real=0,01s
[2026-07-22T11:35:01.957+0300] GC(194) Pause Young (Allocation Failure)
[2026-07-22T11:35:01.996+0300] GC(194) DefNew: 24600K(43712K)->16853K(43712K) Eden: 21888K(21888K)->0K(21888K) From: 2712K(21824K)->16853K(21824K)
[2026-07-22T11:35:01.997+0300] GC(194) Tenured: 8361K(65536K)->8361K(65536K)
[2026-07-22T11:35:01.997+0300] GC(194) Metaspace: 9476K(9920K)->9476K(9920K) NonClass: 8499K(8704K)->8499K(8704K) Class: 976K(1216K)->976K(1216K)
[2026-07-22T11:35:01.997+0300] GC(194) Pause Young (Allocation Failure) 32M->24M(106M) 39,750ms
[2026-07-22T11:35:01.997+0300] GC(194) User=0,04s Sys=0,00s Real=0,04s
[2026-07-22T11:35:02.138+0300] GC(195) Pause Young (Allocation Failure)
[2026-07-22T11:35:02.163+0300] GC(195) DefNew: 38741K(43712K)->10628K(43712K) Eden: 21888K(21888K)->0K(21888K) From: 16853K(21824K)->10628K(21824K)
[2026-07-22T11:35:02.163+0300] GC(195) Tenured: 8361K(65536K)->8394K(65536K)
[2026-07-22T11:35:02.163+0300] GC(195) Metaspace: 9476K(9920K)->9476K(9920K) NonClass: 8499K(8704K)->8499K(8704K) Class: 976K(1216K)->976K(1216K)
[2026-07-22T11:35:02.163+0300] GC(195) Pause Young (Allocation Failure) 45M->18M(106M) 25,061ms
[2026-07-22T11:35:02.163+0300] GC(195) User=0,02s Sys=0,00s Real=0,03s
[2026-07-22T11:35:02.307+0300] GC(196) Pause Young (Allocation Failure)
[2026-07-22T11:35:02.312+0300] GC(196) DefNew: 32516K(43712K)->1219K(43712K) Eden: 21888K(21888K)->0K(21888K) From: 10628K(21824K)->1219K(21824K)
[2026-07-22T11:35:02.312+0300] GC(196) Tenured: 8394K(65536K)->8394K(65536K)
[2026-07-22T11:35:02.312+0300] GC(196) Metaspace: 9476K(9920K)->9476K(9920K) NonClass: 8499K(8704K)->8499K(8704K) Class: 976K(1216K)->976K(1216K)
[2026-07-22T11:35:02.312+0300] GC(196) Pause Young (Allocation Failure) 39M->9M(106M) 5,279ms
[2026-07-22T11:35:02.312+0300] GC(196) User=0,00s Sys=0,00s Real=0,01s
[2026-07-22T11:35:02.340+0300] GC(197) Pause Young (Allocation Failure)
[2026-07-22T11:35:02.375+0300] GC(197) DefNew: 23107K(43712K)->12366K(43712K) Eden: 21888K(21888K)->0K(21888K) From: 1219K(21824K)->12366K(21824K)
[2026-07-22T11:35:02.375+0300] GC(197) Tenured: 8394K(65536K)->8394K(65536K)
[2026-07-22T11:35:02.375+0300] GC(197) Metaspace: 9476K(9920K)->9476K(9920K) NonClass: 8499K(8704K)->8499K(8704K) Class: 976K(1216K)->976K(1216K)
[2026-07-22T11:35:02.375+0300] GC(197) Pause Young (Allocation Failure) 30M->20M(106M) 35,665ms
[2026-07-22T11:35:02.375+0300] GC(197) User=0,03s Sys=0,00s Real=0,04s
[2026-07-22T11:35:02.513+0300] GC(198) Pause Young (Allocation Failure)
[2026-07-22T11:35:02.552+0300] GC(198) DefNew: 34254K(43712K)->13619K(43712K) Eden: 21888K(21888K)->0K(21888K) From: 12366K(21824K)->13619K(21824K)
[2026-07-22T11:35:02.552+0300] GC(198) Tenured: 8394K(65536K)->8427K(65536K)
[2026-07-22T11:35:02.552+0300] GC(198) Metaspace: 9476K(9920K)->9476K(9920K) NonClass: 8499K(8704K)->8499K(8704K) Class: 976K(1216K)->976K(1216K)
[2026-07-22T11:35:02.552+0300] GC(198) Pause Young (Allocation Failure) 41M->21M(106M) 39,529ms
[2026-07-22T11:35:02.552+0300] GC(198) User=0,04s Sys=0,00s Real=0,04s
[2026-07-22T11:35:02.701+0300] GC(199) Pause Young (Allocation Failure)
[2026-07-22T11:35:02.715+0300] GC(199) DefNew: 35507K(43712K)->4083K(43712K) Eden: 21888K(21888K)->0K(21888K) From: 13619K(21824K)->4083K(21824K)
[2026-07-22T11:35:02.715+0300] GC(199) Tenured: 8427K(65536K)->8438K(65536K)
[2026-07-22T11:35:02.715+0300] GC(199) Metaspace: 9479K(9920K)->9479K(9920K) NonClass: 8502K(8704K)->8502K(8704K) Class: 976K(1216K)->976K(1216K)
[2026-07-22T11:35:02.715+0300] GC(199) Pause Young (Allocation Failure) 42M->12M(106M) 14,244ms
[2026-07-22T11:35:02.715+0300] GC(199) User=0,02s Sys=0,00s Real=0,01s
[2026-07-22T11:35:02.753+0300] GC(200) Pause Young (Allocation Failure)
[2026-07-22T11:35:02.779+0300] GC(200) DefNew: 25971K(43712K)->8042K(43712K) Eden: 21888K(21888K)->0K(21888K) From: 4083K(21824K)->8042K(21824K)
[2026-07-22T11:35:02.779+0300] GC(200) Tenured: 8438K(65536K)->8438K(65536K)
[2026-07-22T11:35:02.779+0300] GC(200) Metaspace: 9479K(9920K)->9479K(9920K) NonClass: 8502K(8704K)->8502K(8704K) Class: 976K(1216K)->976K(1216K)
[2026-07-22T11:35:02.779+0300] GC(200) Pause Young (Allocation Failure) 33M->16M(106M) 26,242ms
[2026-07-22T11:35:02.779+0300] GC(200) User=0,02s Sys=0,00s Real=0,02s
[2026-07-22T11:35:02.914+0300] GC(201) Pause Young (Allocation Failure)
[2026-07-22T11:35:02.965+0300] GC(201) DefNew: 29930K(43712K)->16515K(43712K) Eden: 21888K(21888K)->0K(21888K) From: 8042K(21824K)->16515K(21824K)
[2026-07-22T11:35:02.965+0300] GC(201) Tenured: 8438K(65536K)->8438K(65536K)
[2026-07-22T11:35:02.965+0300] GC(201) Metaspace: 9479K(9920K)->9479K(9920K) NonClass: 8502K(8704K)->8502K(8704K) Class: 976K(1216K)->976K(1216K)
[2026-07-22T11:35:02.965+0300] GC(201) Pause Young (Allocation Failure) 37M->24M(106M) 50,993ms
[2026-07-22T11:35:02.965+0300] GC(201) User=0,05s Sys=0,00s Real=0,05s
[2026-07-22T11:35:03.112+0300] GC(202) Pause Young (Allocation Failure)
[2026-07-22T11:35:03.132+0300] GC(202) DefNew: 38403K(43712K)->7073K(43712K) Eden: 21888K(21888K)->0K(21888K) From: 16515K(21824K)->7073K(21824K)
[2026-07-22T11:35:03.132+0300] GC(202) Tenured: 8438K(65536K)->8471K(65536K)
[2026-07-22T11:35:03.132+0300] GC(202) Metaspace: 9479K(9920K)->9479K(9920K) NonClass: 8502K(8704K)->8502K(8704K) Class: 976K(1216K)->976K(1216K)
[2026-07-22T11:35:03.132+0300] GC(202) Pause Young (Allocation Failure) 45M->15M(106M) 19,587ms
[2026-07-22T11:35:03.132+0300] GC(202) User=0,02s Sys=0,00s Real=0,02s
[2026-07-22T11:35:03.174+0300] GC(203) Pause Young (Allocation Failure)
[2026-07-22T11:35:03.187+0300] GC(203) DefNew: 28961K(43712K)->3557K(43712K) Eden: 21888K(21888K)->0K(21888K) From: 7073K(21824K)->3557K(21824K)
[2026-07-22T11:35:03.187+0300] GC(203) Tenured: 8471K(65536K)->8471K(65536K)
[2026-07-22T11:35:03.187+0300] GC(203) Metaspace: 9479K(9920K)->9479K(9920K) NonClass: 8502K(8704K)->8502K(8704K) Class: 976K(1216K)->976K(1216K)
[2026-07-22T11:35:03.187+0300] GC(203) Pause Young (Allocation Failure) 36M->11M(106M) 13,294ms
[2026-07-22T11:35:03.187+0300] GC(203) User=0,01s Sys=0,00s Real=0,01s
[2026-07-22T11:35:03.317+0300] GC(204) Pause Young (Allocation Failure)
[2026-07-22T11:35:03.373+0300] GC(204) DefNew: 25445K(43712K)->17698K(43712K) Eden: 21888K(21888K)->0K(21888K) From: 3557K(21824K)->17698K(21824K)
[2026-07-22T11:35:03.373+0300] GC(204) Tenured: 8471K(65536K)->8471K(65536K)
[2026-07-22T11:35:03.373+0300] GC(204) Metaspace: 9479K(9920K)->9479K(9920K) NonClass: 8502K(8704K)->8502K(8704K) Class: 976K(1216K)->976K(1216K)
[2026-07-22T11:35:03.373+0300] GC(204) Pause Young (Allocation Failure) 33M->25M(106M) 56,103ms
[2026-07-22T11:35:03.373+0300] GC(204) User=0,06s Sys=0,00s Real=0,06s
[2026-07-22T11:35:03.522+0300] GC(205) Pause Young (Allocation Failure)
[2026-07-22T11:35:03.547+0300] GC(205) DefNew: 39586K(43712K)->10065K(43712K) Eden: 21888K(21888K)->0K(21888K) From: 17698K(21824K)->10065K(21824K)
[2026-07-22T11:35:03.547+0300] GC(205) Tenured: 8471K(65536K)->8504K(65536K)
[2026-07-22T11:35:03.547+0300] GC(205) Metaspace: 9479K(9920K)->9479K(9920K) NonClass: 8502K(8704K)->8502K(8704K) Class: 976K(1216K)->976K(1216K)
[2026-07-22T11:35:03.547+0300] GC(205) Pause Young (Allocation Failure) 46M->18M(106M) 24,609ms
[2026-07-22T11:35:03.547+0300] GC(205) User=0,02s Sys=0,00s Real=0,02s
[2026-07-22T11:35:03.693+0300] GC(206) Pause Young (Allocation Failure)
[2026-07-22T11:35:03.697+0300] GC(206) DefNew: 31953K(43712K)->540K(43712K) Eden: 21888K(21888K)->0K(21888K) From: 10065K(21824K)->540K(21824K)
[2026-07-22T11:35:03.697+0300] GC(206) Tenured: 8504K(65536K)->8504K(65536K)
[2026-07-22T11:35:03.697+0300] GC(206) Metaspace: 9484K(9920K)->9484K(9920K) NonClass: 8507K(8704K)->8507K(8704K) Class: 976K(1216K)->976K(1216K)
[2026-07-22T11:35:03.698+0300] GC(206) Pause Young (Allocation Failure) 39M->8M(106M) 4,948ms
[2026-07-22T11:35:03.698+0300] GC(206) User=0,01s Sys=0,00s Real=0,00s
[2026-07-22T11:35:03.731+0300] GC(207) Pause Young (Allocation Failure)
[2026-07-22T11:35:03.773+0300] GC(207) DefNew: 22428K(43712K)->13384K(43712K) Eden: 21888K(21888K)->0K(21888K) From: 540K(21824K)->13384K(21824K)
[2026-07-22T11:35:03.773+0300] GC(207) Tenured: 8504K(65536K)->8504K(65536K)
[2026-07-22T11:35:03.773+0300] GC(207) Metaspace: 9484K(9920K)->9484K(9920K) NonClass: 8507K(8704K)->8507K(8704K) Class: 976K(1216K)->976K(1216K)
[2026-07-22T11:35:03.773+0300] GC(207) Pause Young (Allocation Failure) 30M->21M(106M) 42,011ms
[2026-07-22T11:35:03.773+0300] GC(207) User=0,04s Sys=0,00s Real=0,04s
[2026-07-22T11:35:03.915+0300] GC(208) Pause Young (Allocation Failure)
[2026-07-22T11:35:03.955+0300] GC(208) DefNew: 35272K(43712K)->12940K(43712K) Eden: 21888K(21888K)->0K(21888K) From: 13384K(21824K)->12940K(21824K)
[2026-07-22T11:35:03.955+0300] GC(208) Tenured: 8504K(65536K)->8537K(65536K)
[2026-07-22T11:35:03.955+0300] GC(208) Metaspace: 9484K(9920K)->9484K(9920K) NonClass: 8507K(8704K)->8507K(8704K) Class: 976K(1216K)->976K(1216K)
[2026-07-22T11:35:03.955+0300] GC(208) Pause Young (Allocation Failure) 42M->20M(106M) 39,606ms
[2026-07-22T11:35:03.955+0300] GC(208) User=0,04s Sys=0,00s Real=0,04s
[2026-07-22T11:35:04.088+0300] GC(209) Pause Young (Allocation Failure)
[2026-07-22T11:35:04.099+0300] GC(209) DefNew: 34828K(43712K)->3520K(43712K) Eden: 21888K(21888K)->0K(21888K) From: 12940K(21824K)->3520K(21824K)
[2026-07-22T11:35:04.100+0300] GC(209) Tenured: 8537K(65536K)->8548K(65536K)
[2026-07-22T11:35:04.100+0300] GC(209) Metaspace: 9484K(9920K)->9484K(9920K) NonClass: 8507K(8704K)->8507K(8704K) Class: 976K(1216K)->976K(1216K)
[2026-07-22T11:35:04.100+0300] GC(209) Pause Young (Allocation Failure) 42M->11M(106M) 11,564ms
[2026-07-22T11:35:04.100+0300] GC(209) User=0,01s Sys=0,00s Real=0,01s
[2026-07-22T11:35:04.137+0300] GC(210) Pause Young (Allocation Failure)
[2026-07-22T11:35:04.165+0300] GC(210) DefNew: 25408K(43712K)->8888K(43712K) Eden: 21888K(21888K)->0K(21888K) From: 3520K(21824K)->8888K(21824K)
[2026-07-22T11:35:04.165+0300] GC(210) Tenured: 8548K(65536K)->8548K(65536K)
[2026-07-22T11:35:04.165+0300] GC(210) Metaspace: 9484K(9920K)->9484K(9920K) NonClass: 8507K(8704K)->8507K(8704K) Class: 976K(1216K)->976K(1216K)
[2026-07-22T11:35:04.165+0300] GC(210) Pause Young (Allocation Failure) 33M->17M(106M) 28,658ms
[2026-07-22T11:35:04.165+0300] GC(210) User=0,02s Sys=0,00s Real=0,03s
[2026-07-22T11:35:04.292+0300] GC(211) Pause Young (Allocation Failure)
[2026-07-22T11:35:04.342+0300] GC(211) DefNew: 30776K(43712K)->15952K(43712K) Eden: 21888K(21888K)->0K(21888K) From: 8888K(21824K)->15952K(21824K)
[2026-07-22T11:35:04.342+0300] GC(211) Tenured: 8548K(65536K)->8548K(65536K)
[2026-07-22T11:35:04.342+0300] GC(211) Metaspace: 9484K(9920K)->9484K(9920K) NonClass: 8507K(8704K)->8507K(8704K) Class: 976K(1216K)->976K(1216K)
[2026-07-22T11:35:04.343+0300] GC(211) Pause Young (Allocation Failure) 38M->23M(106M) 50,146ms
[2026-07-22T11:35:04.343+0300] GC(211) User=0,05s Sys=0,00s Real=0,05s
[2026-07-22T11:35:04.489+0300] GC(212) Pause Young (Allocation Failure)
[2026-07-22T11:35:04.507+0300] GC(212) DefNew: 37840K(43712K)->6511K(43712K) Eden: 21888K(21888K)->0K(21888K) From: 15952K(21824K)->6511K(21824K)
[2026-07-22T11:35:04.507+0300] GC(212) Tenured: 8548K(65536K)->8581K(65536K)
[2026-07-22T11:35:04.507+0300] GC(212) Metaspace: 9484K(9920K)->9484K(9920K) NonClass: 8507K(8704K)->8507K(8704K) Class: 976K(1216K)->976K(1216K)
[2026-07-22T11:35:04.507+0300] GC(212) Pause Young (Allocation Failure) 45M->14M(106M) 17,338ms
[2026-07-22T11:35:04.507+0300] GC(212) User=0,02s Sys=0,00s Real=0,02s
[2026-07-22T11:35:04.547+0300] GC(213) Pause Young (Allocation Failure)
[2026-07-22T11:35:04.562+0300] GC(213) DefNew: 28399K(43712K)->4400K(43712K) Eden: 21888K(21888K)->0K(21888K) From: 6511K(21824K)->4400K(21824K)
[2026-07-22T11:35:04.562+0300] GC(213) Tenured: 8581K(65536K)->8581K(65536K)
[2026-07-22T11:35:04.562+0300] GC(213) Metaspace: 9484K(9920K)->9484K(9920K) NonClass: 8507K(8704K)->8507K(8704K) Class: 976K(1216K)->976K(1216K)
[2026-07-22T11:35:04.562+0300] GC(213) Pause Young (Allocation Failure) 36M->12M(106M) 14,646ms
[2026-07-22T11:35:04.562+0300] GC(213) User=0,02s Sys=0,00s Real=0,02s
[2026-07-22T11:35:04.693+0300] GC(214) Pause Young (Allocation Failure)
[2026-07-22T11:35:04.751+0300] GC(214) DefNew: 26288K(43712K)->18715K(43712K) Eden: 21888K(21888K)->0K(21888K) From: 4400K(21824K)->18715K(21824K)
[2026-07-22T11:35:04.751+0300] GC(214) Tenured: 8581K(65536K)->8581K(65536K)
[2026-07-22T11:35:04.751+0300] GC(214) Metaspace: 9497K(9920K)->9497K(9920K) NonClass: 8520K(8704K)->8520K(8704K) Class: 976K(1216K)->976K(1216K)
[2026-07-22T11:35:04.751+0300] GC(214) Pause Young (Allocation Failure) 34M->26M(106M) 57,940ms
[2026-07-22T11:35:04.751+0300] GC(214) User=0,06s Sys=0,00s Real=0,06s
[2026-07-22T11:35:04.889+0300] Heap
[2026-07-22T11:35:04.889+0300]  def new generation   total 43712K, used 31819K [0x00000000f8000000, 0x00000000fc000000, 0x00000000fc000000)
[2026-07-22T11:35:04.889+0300]   eden space 21888K,  59% used [0x00000000f8000000, 0x00000000f8ccc270, 0x00000000f9560000)
[2026-07-22T11:35:04.889+0300]   from space 21824K,  85% used [0x00000000faab0000, 0x00000000fbcf6d20, 0x00000000fc000000)
[2026-07-22T11:35:04.889+0300]   to   space 21824K,   0% used [0x00000000f9560000, 0x00000000f9560000, 0x00000000faab0000)
[2026-07-22T11:35:04.889+0300]  tenured generation   total 65536K, used 8581K [0x00000000fc000000, 0x0000000100000000, 0x0000000100000000)
[2026-07-22T11:35:04.889+0300]    the space 65536K,  13% used [0x00000000fc000000, 0x00000000fc861500, 0x00000000fc861600, 0x0000000100000000)
[2026-07-22T11:35:04.889+0300]  Metaspace       used 9498K, committed 9920K, reserved 1114112K
[2026-07-22T11:35:04.889+0300]   class space    used 976K, committed 1216K, reserved 1048576K
