[0.006s][info][gc,init] CardTable entry size: 512
[0.006s][info][gc     ] Using G1
[0.017s][info][gc,init] Version: 21.0.3+10-LTS (release)
[0.017s][info][gc,init] CPUs: 24 total, 24 available
[0.017s][info][gc,init] Memory: 31993M
[0.017s][info][gc,init] Large Page Support: Disabled
[0.017s][info][gc,init] NUMA Support: Disabled
[0.017s][info][gc,init] Compressed Oops: Enabled (32-bit)
[0.017s][info][gc,init] Heap Region Size: 2M
[0.017s][info][gc,init] Heap Min Capacity: 2G
[0.017s][info][gc,init] Heap Initial Capacity: 2G
[0.017s][info][gc,init] Heap Max Capacity: 2G
[0.017s][info][gc,init] Pre-touch: Disabled
[0.017s][info][gc,init] Parallel Workers: 18
[0.017s][info][gc,init] Concurrent Workers: 5
[0.017s][info][gc,init] Concurrent Refinement Workers: 18
[0.017s][info][gc,init] Periodic GC: Disabled
[0.029s][info][gc,metaspace] CDS archive(s) mapped at: [0x000073a25f000000-0x000073a25fcaa000-0x000073a25fcaa000), size 13279232, SharedBaseAddress: 0x000073a25f000000, ArchiveRelocationMode: 1.
[0.029s][info][gc,metaspace] Compressed class space mapped at: 0x000073a260000000-0x000073a2a0000000, reserved size: 1073741824
[0.029s][info][gc,metaspace] Narrow klass base: 0x000073a25f000000, Narrow klass shift: 0, Narrow klass range: 0x100000000
[0,103s][info][gc,start    ] GC(0) Pause Young (Normal) (G1 Evacuation Pause)
[0,106s][info][gc,task     ] GC(0) Using 18 workers of 18 for evacuation
[0,114s][info][gc,phases   ] GC(0)   Pre Evacuate Collection Set: 0,2ms
[0,114s][info][gc,phases   ] GC(0)   Merge Heap Roots: 0,1ms
[0,114s][info][gc,phases   ] GC(0)   Evacuate Collection Set: 7,0ms
[0,114s][info][gc,phases   ] GC(0)   Post Evacuate Collection Set: 0,3ms
[0,114s][info][gc,phases   ] GC(0)   Other: 3,2ms
[0,114s][info][gc,heap     ] GC(0) Eden regions: 51->0(44)
[0,114s][info][gc,heap     ] GC(0) Survivor regions: 0->7(7)
[0,114s][info][gc,heap     ] GC(0) Old regions: 1->45
[0,114s][info][gc,heap     ] GC(0) Humongous regions: 0->0
[0,114s][info][gc,metaspace] GC(0) Metaspace: 76K(320K)->76K(320K) NonClass: 72K(192K)->72K(192K) Class: 3K(128K)->3K(128K)
[0,114s][info][gc          ] GC(0) Pause Young (Normal) (G1 Evacuation Pause) 102M->102M(2048M) 11,054ms
[0,114s][info][gc,cpu      ] GC(0) User=0,04s Sys=0,09s Real=0,01s
[0,122s][info][gc,start    ] GC(1) Pause Young (Normal) (G1 Evacuation Pause)
[0,122s][info][gc,task     ] GC(1) Using 18 workers of 18 for evacuation
[0,130s][info][gc,phases   ] GC(1)   Pre Evacuate Collection Set: 0,2ms
[0,130s][info][gc,phases   ] GC(1)   Merge Heap Roots: 0,1ms
[0,130s][info][gc,phases   ] GC(1)   Evacuate Collection Set: 7,6ms
[0,130s][info][gc,phases   ] GC(1)   Post Evacuate Collection Set: 0,2ms
[0,130s][info][gc,phases   ] GC(1)   Other: 0,1ms
[0,130s][info][gc,heap     ] GC(1) Eden regions: 44->0(44)
[0,130s][info][gc,heap     ] GC(1) Survivor regions: 7->7(7)
[0,130s][info][gc,heap     ] GC(1) Old regions: 45->88
[0,130s][info][gc,heap     ] GC(1) Humongous regions: 0->0
[0,130s][info][gc,metaspace] GC(1) Metaspace: 78K(320K)->78K(320K) NonClass: 74K(192K)->74K(192K) Class: 3K(128K)->3K(128K)
[0,130s][info][gc          ] GC(1) Pause Young (Normal) (G1 Evacuation Pause) 189M->188M(2048M) 8,286ms
[0,130s][info][gc,cpu      ] GC(1) User=0,06s Sys=0,06s Real=0,01s
[0,137s][info][gc,start    ] GC(2) Pause Young (Normal) (G1 Evacuation Pause)
[0,137s][info][gc,task     ] GC(2) Using 18 workers of 18 for evacuation
[0,146s][info][gc,phases   ] GC(2)   Pre Evacuate Collection Set: 0,2ms
[0,146s][info][gc,phases   ] GC(2)   Merge Heap Roots: 0,1ms
[0,146s][info][gc,phases   ] GC(2)   Evacuate Collection Set: 7,7ms
[0,146s][info][gc,phases   ] GC(2)   Post Evacuate Collection Set: 0,2ms
[0,146s][info][gc,phases   ] GC(2)   Other: 0,1ms
[0,146s][info][gc,heap     ] GC(2) Eden regions: 44->0(44)
[0,146s][info][gc,heap     ] GC(2) Survivor regions: 7->7(7)
[0,146s][info][gc,heap     ] GC(2) Old regions: 88->132
[0,146s][info][gc,heap     ] GC(2) Humongous regions: 0->0
[0,146s][info][gc,metaspace] GC(2) Metaspace: 78K(320K)->78K(320K) NonClass: 74K(192K)->74K(192K) Class: 3K(128K)->3K(128K)
[0,146s][info][gc          ] GC(2) Pause Young (Normal) (G1 Evacuation Pause) 276M->276M(2048M) 8,546ms
[0,146s][info][gc,cpu      ] GC(2) User=0,06s Sys=0,08s Real=0,01s
[0,153s][info][gc,start    ] GC(3) Pause Young (Normal) (G1 Evacuation Pause)
[0,153s][info][gc,task     ] GC(3) Using 18 workers of 18 for evacuation
[0,162s][info][gc,phases   ] GC(3)   Pre Evacuate Collection Set: 0,2ms
[0,162s][info][gc,phases   ] GC(3)   Merge Heap Roots: 0,1ms
[0,162s][info][gc,phases   ] GC(3)   Evacuate Collection Set: 8,1ms
[0,162s][info][gc,phases   ] GC(3)   Post Evacuate Collection Set: 0,2ms
[0,162s][info][gc,phases   ] GC(3)   Other: 0,1ms
[0,162s][info][gc,heap     ] GC(3) Eden regions: 44->0(44)
[0,162s][info][gc,heap     ] GC(3) Survivor regions: 7->7(7)
[0,162s][info][gc,heap     ] GC(3) Old regions: 132->176
[0,162s][info][gc,heap     ] GC(3) Humongous regions: 0->0
[0,162s][info][gc,metaspace] GC(3) Metaspace: 78K(320K)->78K(320K) NonClass: 74K(192K)->74K(192K) Class: 3K(128K)->3K(128K)
[0,162s][info][gc          ] GC(3) Pause Young (Normal) (G1 Evacuation Pause) 363M->363M(2048M) 8,915ms
[0,162s][info][gc,cpu      ] GC(3) User=0,06s Sys=0,08s Real=0,01s
[0,169s][info][gc,start    ] GC(4) Pause Young (Normal) (G1 Evacuation Pause)
[0,169s][info][gc,task     ] GC(4) Using 18 workers of 18 for evacuation
[0,178s][info][gc,phases   ] GC(4)   Pre Evacuate Collection Set: 0,2ms
[0,178s][info][gc,phases   ] GC(4)   Merge Heap Roots: 0,1ms
[0,178s][info][gc,phases   ] GC(4)   Evacuate Collection Set: 8,6ms
[0,178s][info][gc,phases   ] GC(4)   Post Evacuate Collection Set: 0,2ms
[0,178s][info][gc,phases   ] GC(4)   Other: 0,1ms
[0,178s][info][gc,heap     ] GC(4) Eden regions: 44->0(44)
[0,178s][info][gc,heap     ] GC(4) Survivor regions: 7->7(7)
[0,178s][info][gc,heap     ] GC(4) Old regions: 176->223
[0,178s][info][gc,heap     ] GC(4) Humongous regions: 0->0
[0,178s][info][gc,metaspace] GC(4) Metaspace: 78K(320K)->78K(320K) NonClass: 74K(192K)->74K(192K) Class: 3K(128K)->3K(128K)
[0,178s][info][gc          ] GC(4) Pause Young (Normal) (G1 Evacuation Pause) 451M->458M(2048M) 9,308ms
[0,178s][info][gc,cpu      ] GC(4) User=0,05s Sys=0,10s Real=0,01s
[0,186s][info][gc,start    ] GC(5) Pause Young (Normal) (G1 Evacuation Pause)
[0,186s][info][gc,task     ] GC(5) Using 18 workers of 18 for evacuation
[0,195s][info][gc,phases   ] GC(5)   Pre Evacuate Collection Set: 0,2ms
[0,195s][info][gc,phases   ] GC(5)   Merge Heap Roots: 0,0ms
[0,195s][info][gc,phases   ] GC(5)   Evacuate Collection Set: 8,5ms
[0,195s][info][gc,phases   ] GC(5)   Post Evacuate Collection Set: 0,2ms
[0,195s][info][gc,phases   ] GC(5)   Other: 0,1ms
[0,195s][info][gc,heap     ] GC(5) Eden regions: 44->0(44)
[0,195s][info][gc,heap     ] GC(5) Survivor regions: 7->7(7)
[0,195s][info][gc,heap     ] GC(5) Old regions: 223->268
[0,195s][info][gc,heap     ] GC(5) Humongous regions: 0->0
[0,195s][info][gc,metaspace] GC(5) Metaspace: 78K(320K)->78K(320K) NonClass: 74K(192K)->74K(192K) Class: 3K(128K)->3K(128K)
[0,195s][info][gc          ] GC(5) Pause Young (Normal) (G1 Evacuation Pause) 545M->548M(2048M) 9,197ms
[0,195s][info][gc,cpu      ] GC(5) User=0,05s Sys=0,10s Real=0,00s
[0,202s][info][gc,start    ] GC(6) Pause Young (Normal) (G1 Evacuation Pause)
[0,202s][info][gc,task     ] GC(6) Using 18 workers of 18 for evacuation
[0,211s][info][gc,phases   ] GC(6)   Pre Evacuate Collection Set: 0,2ms
[0,211s][info][gc,phases   ] GC(6)   Merge Heap Roots: 0,1ms
[0,211s][info][gc,phases   ] GC(6)   Evacuate Collection Set: 8,5ms
[0,211s][info][gc,phases   ] GC(6)   Post Evacuate Collection Set: 0,2ms
[0,211s][info][gc,phases   ] GC(6)   Other: 0,1ms
[0,211s][info][gc,heap     ] GC(6) Eden regions: 44->0(56)
[0,211s][info][gc,heap     ] GC(6) Survivor regions: 7->7(7)
[0,211s][info][gc,heap     ] GC(6) Old regions: 268->314
[0,211s][info][gc,heap     ] GC(6) Humongous regions: 0->0
[0,211s][info][gc,metaspace] GC(6) Metaspace: 78K(320K)->78K(320K) NonClass: 74K(192K)->74K(192K) Class: 3K(128K)->3K(128K)
[0,211s][info][gc          ] GC(6) Pause Young (Normal) (G1 Evacuation Pause) 636M->639M(2048M) 9,289ms
[0,211s][info][gc,cpu      ] GC(6) User=0,05s Sys=0,09s Real=0,01s
[0,225s][info][gc,start    ] GC(7) Pause Young (Normal) (G1 Evacuation Pause)
[0,225s][info][gc,task     ] GC(7) Using 18 workers of 18 for evacuation
[0,236s][info][gc,phases   ] GC(7)   Pre Evacuate Collection Set: 0,2ms
[0,236s][info][gc,phases   ] GC(7)   Merge Heap Roots: 0,1ms
[0,236s][info][gc,phases   ] GC(7)   Evacuate Collection Set: 10,5ms
[0,236s][info][gc,phases   ] GC(7)   Post Evacuate Collection Set: 0,2ms
[0,236s][info][gc,phases   ] GC(7)   Other: 0,1ms
[0,236s][info][gc,heap     ] GC(7) Eden regions: 56->0(64)
[0,236s][info][gc,heap     ] GC(7) Survivor regions: 7->8(8)
[0,236s][info][gc,heap     ] GC(7) Old regions: 314->369
[0,236s][info][gc,heap     ] GC(7) Humongous regions: 0->0
[0,236s][info][gc,metaspace] GC(7) Metaspace: 78K(320K)->78K(320K) NonClass: 74K(192K)->74K(192K) Class: 3K(128K)->3K(128K)
[0,236s][info][gc          ] GC(7) Pause Young (Normal) (G1 Evacuation Pause) 751M->751M(2048M) 11,353ms
[0,236s][info][gc,cpu      ] GC(7) User=0,06s Sys=0,13s Real=0,02s
[0,247s][info][gc,start    ] GC(8) Pause Young (Normal) (G1 Evacuation Pause)
[0,247s][info][gc,task     ] GC(8) Using 18 workers of 18 for evacuation
[0,262s][info][gc,phases   ] GC(8)   Pre Evacuate Collection Set: 0,3ms
[0,262s][info][gc,phases   ] GC(8)   Merge Heap Roots: 0,1ms
[0,262s][info][gc,phases   ] GC(8)   Evacuate Collection Set: 13,4ms
[0,262s][info][gc,phases   ] GC(8)   Post Evacuate Collection Set: 0,2ms
[0,262s][info][gc,phases   ] GC(8)   Other: 0,1ms
[0,262s][info][gc,heap     ] GC(8) Eden regions: 64->0(76)
[0,262s][info][gc,heap     ] GC(8) Survivor regions: 8->9(9)
[0,262s][info][gc,heap     ] GC(8) Old regions: 369->440
[0,262s][info][gc,heap     ] GC(8) Humongous regions: 0->0
[0,262s][info][gc,metaspace] GC(8) Metaspace: 78K(320K)->78K(320K) NonClass: 74K(192K)->74K(192K) Class: 3K(128K)->3K(128K)
[0,262s][info][gc          ] GC(8) Pause Young (Normal) (G1 Evacuation Pause) 879M->896M(2048M) 14,381ms
[0,262s][info][gc,cpu      ] GC(8) User=0,07s Sys=0,17s Real=0,01s
[0,277s][info][gc,start    ] GC(9) Pause Young (Normal) (G1 Evacuation Pause)
[0,277s][info][gc,task     ] GC(9) Using 18 workers of 18 for evacuation
[0,292s][info][gc,phases   ] GC(9)   Pre Evacuate Collection Set: 0,2ms
[0,292s][info][gc,phases   ] GC(9)   Merge Heap Roots: 0,1ms
[0,292s][info][gc,phases   ] GC(9)   Evacuate Collection Set: 14,3ms
[0,292s][info][gc,phases   ] GC(9)   Post Evacuate Collection Set: 0,3ms
[0,292s][info][gc,phases   ] GC(9)   Other: 0,1ms
[0,292s][info][gc,heap     ] GC(9) Eden regions: 76->0(90)
[0,292s][info][gc,heap     ] GC(9) Survivor regions: 9->11(11)
[0,292s][info][gc,heap     ] GC(9) Old regions: 440->516
[0,292s][info][gc,heap     ] GC(9) Humongous regions: 0->0
[0,292s][info][gc,metaspace] GC(9) Metaspace: 78K(320K)->78K(320K) NonClass: 74K(192K)->74K(192K) Class: 3K(128K)->3K(128K)
[0,292s][info][gc          ] GC(9) Pause Young (Normal) (G1 Evacuation Pause) 1048M->1052M(2048M) 15,244ms
[0,292s][info][gc,cpu      ] GC(9) User=0,08s Sys=0,18s Real=0,01s
[0,309s][info][gc,start    ] GC(10) Pause Young (Concurrent Start) (G1 Evacuation Pause)
[0,309s][info][gc,task     ] GC(10) Using 18 workers of 18 for evacuation
[0,326s][info][gc,phases   ] GC(10)   Pre Evacuate Collection Set: 0,4ms
[0,326s][info][gc,phases   ] GC(10)   Merge Heap Roots: 0,2ms
[0,326s][info][gc,phases   ] GC(10)   Evacuate Collection Set: 16,0ms
[0,326s][info][gc,phases   ] GC(10)   Post Evacuate Collection Set: 0,3ms
[0,326s][info][gc,phases   ] GC(10)   Other: 0,1ms
[0,326s][info][gc,heap     ] GC(10) Eden regions: 90->0(107)
[0,326s][info][gc,heap     ] GC(10) Survivor regions: 11->13(13)
[0,326s][info][gc,heap     ] GC(10) Old regions: 516->604
[0,327s][info][gc,heap     ] GC(10) Humongous regions: 0->0
[0,327s][info][gc,metaspace] GC(10) Metaspace: 78K(320K)->78K(320K) NonClass: 74K(192K)->74K(192K) Class: 3K(128K)->3K(128K)
[0,327s][info][gc          ] GC(10) Pause Young (Concurrent Start) (G1 Evacuation Pause) 1232M->1232M(2048M) 17,329ms
[0,327s][info][gc,cpu      ] GC(10) User=0,10s Sys=0,18s Real=0,02s
[0,327s][info][gc          ] GC(11) Concurrent Mark Cycle
[0,327s][info][gc,marking  ] GC(11) Concurrent Scan Root Regions
[0,328s][info][gc,marking  ] GC(11) Concurrent Scan Root Regions 0,908ms
[0,328s][info][gc,marking  ] GC(11) Concurrent Mark
[0,328s][info][gc,marking  ] GC(11) Concurrent Mark From Roots
[0,328s][info][gc,task     ] GC(11) Using 5 workers of 5 for marking
[0,338s][info][gc,marking  ] GC(11) Concurrent Mark From Roots 10,216ms
[0,338s][info][gc,marking  ] GC(11) Concurrent Preclean
[0,338s][info][gc,marking  ] GC(11) Concurrent Preclean 0,017ms
[0,338s][info][gc,start    ] GC(11) Pause Remark
[0,339s][info][gc          ] GC(11) Pause Remark 1369M->1361M(2048M) 0,550ms
[0,339s][info][gc,cpu      ] GC(11) User=0,00s Sys=0,00s Real=0,00s
[0,339s][info][gc,marking  ] GC(11) Concurrent Mark 11,022ms
[0,339s][info][gc,marking  ] GC(11) Concurrent Rebuild Remembered Sets and Scrub Regions
[0,340s][info][gc,marking  ] GC(11) Concurrent Rebuild Remembered Sets and Scrub Regions 0,983ms
[0,340s][info][gc,start    ] GC(11) Pause Cleanup
[0,340s][info][gc          ] GC(11) Pause Cleanup 1377M->1377M(2048M) 0,489ms
[0,340s][info][gc,cpu      ] GC(11) User=0,00s Sys=0,00s Real=0,00s
[0,340s][info][gc,marking  ] GC(11) Concurrent Clear Claimed Marks
[0,340s][info][gc,marking  ] GC(11) Concurrent Clear Claimed Marks 0,028ms
[0,340s][info][gc,marking  ] GC(11) Concurrent Cleanup for Next Mark
[0,349s][info][gc,marking  ] GC(11) Concurrent Cleanup for Next Mark 8,113ms
[0,349s][info][gc          ] GC(11) Concurrent Mark Cycle 21,940ms
[0,351s][info][gc,start    ] GC(12) Pause Young (Prepare Mixed) (G1 Evacuation Pause)
[0,351s][info][gc,task     ] GC(12) Using 18 workers of 18 for evacuation
[0,370s][info][gc,phases   ] GC(12)   Pre Evacuate Collection Set: 0,2ms
[0,370s][info][gc,phases   ] GC(12)   Merge Heap Roots: 0,1ms
[0,370s][info][gc,phases   ] GC(12)   Evacuate Collection Set: 17,6ms
[0,370s][info][gc,phases   ] GC(12)   Post Evacuate Collection Set: 0,3ms
[0,370s][info][gc,phases   ] GC(12)   Other: 0,1ms
[0,370s][info][gc,heap     ] GC(12) Eden regions: 107->0(96)
[0,370s][info][gc,heap     ] GC(12) Survivor regions: 13->15(15)
[0,370s][info][gc,heap     ] GC(12) Old regions: 600->707
[0,370s][info][gc,heap     ] GC(12) Humongous regions: 0->0
[0,370s][info][gc,metaspace] GC(12) Metaspace: 78K(320K)->78K(320K) NonClass: 74K(192K)->74K(192K) Class: 3K(128K)->3K(128K)
[0,370s][info][gc          ] GC(12) Pause Young (Prepare Mixed) (G1 Evacuation Pause) 1437M->1442M(2048M) 18,462ms
[0,370s][info][gc,cpu      ] GC(12) User=0,11s Sys=0,20s Real=0,02s
[0,383s][info][gc,start    ] GC(13) Pause Young (Mixed) (G1 Evacuation Pause)
[0,383s][info][gc,task     ] GC(13) Using 18 workers of 18 for evacuation
[0,406s][info][gc,phases   ] GC(13)   Pre Evacuate Collection Set: 0,3ms
[0,407s][info][gc,phases   ] GC(13)   Merge Heap Roots: 0,1ms
[0,407s][info][gc,phases   ] GC(13)   Evacuate Collection Set: 22,6ms
[0,407s][info][gc,phases   ] GC(13)   Post Evacuate Collection Set: 0,4ms
[0,407s][info][gc,phases   ] GC(13)   Other: 0,1ms
[0,407s][info][gc,heap     ] GC(13) Eden regions: 96->0(77)
[0,407s][info][gc,heap     ] GC(13) Survivor regions: 15->14(14)
[0,407s][info][gc,heap     ] GC(13) Old regions: 707->797
[0,407s][info][gc,heap     ] GC(13) Humongous regions: 0->0
[0,407s][info][gc,metaspace] GC(13) Metaspace: 80K(320K)->80K(320K) NonClass: 77K(192K)->77K(192K) Class: 3K(128K)->3K(128K)
[0,407s][info][gc          ] GC(13) Pause Young (Mixed) (G1 Evacuation Pause) 1634M->1621M(2048M) 23,889ms
[0,407s][info][gc,cpu      ] GC(13) User=0,13s Sys=0,27s Real=0,03s
[0,418s][info][gc,start    ] GC(14) Pause Young (Mixed) (G1 Evacuation Pause)
[0,418s][info][gc,task     ] GC(14) Using 18 workers of 18 for evacuation
[0,444s][info][gc,phases   ] GC(14)   Pre Evacuate Collection Set: 0,3ms
[0,444s][info][gc,phases   ] GC(14)   Merge Heap Roots: 0,1ms
[0,444s][info][gc,phases   ] GC(14)   Evacuate Collection Set: 25,0ms
[0,444s][info][gc,phases   ] GC(14)   Merge Optional Heap Roots: 0,1ms
[0,444s][info][gc,phases   ] GC(14)   Evacuate Optional Collection Set: 0,5ms
[0,444s][info][gc,phases   ] GC(14)   Post Evacuate Collection Set: 0,4ms
[0,444s][info][gc,phases   ] GC(14)   Other: 0,1ms
[0,444s][info][gc,heap     ] GC(14) Eden regions: 77->0(49)
[0,444s][info][gc,heap     ] GC(14) Survivor regions: 14->12(12)
[0,444s][info][gc,heap     ] GC(14) Old regions: 797->878
[0,444s][info][gc,heap     ] GC(14) Humongous regions: 0->0
[0,444s][info][gc,metaspace] GC(14) Metaspace: 80K(320K)->80K(320K) NonClass: 77K(192K)->77K(192K) Class: 3K(128K)->3K(128K)
[0,444s][info][gc          ] GC(14) Pause Young (Mixed) (G1 Evacuation Pause) (Evacuation Failure) 1775M->1780M(2048M) 26,920ms
[0,444s][info][gc,cpu      ] GC(14) User=0,26s Sys=0,15s Real=0,02s
[0,451s][info][gc,start    ] GC(15) Pause Young (Mixed) (G1 Evacuation Pause)
[0,451s][info][gc,task     ] GC(15) Using 18 workers of 18 for evacuation
[0,467s][info][gc,phases   ] GC(15)   Pre Evacuate Collection Set: 0,2ms
[0,467s][info][gc,phases   ] GC(15)   Merge Heap Roots: 0,1ms
[0,467s][info][gc,phases   ] GC(15)   Evacuate Collection Set: 15,1ms
[0,467s][info][gc,phases   ] GC(15)   Post Evacuate Collection Set: 0,7ms
[0,467s][info][gc,phases   ] GC(15)   Other: 0,1ms
[0,467s][info][gc,heap     ] GC(15) Eden regions: 49->0(43)
[0,467s][info][gc,heap     ] GC(15) Survivor regions: 12->8(8)
[0,467s][info][gc,heap     ] GC(15) Old regions: 878->942
[0,468s][info][gc,heap     ] GC(15) Humongous regions: 0->0
[0,468s][info][gc,metaspace] GC(15) Metaspace: 80K(320K)->80K(320K) NonClass: 77K(192K)->77K(192K) Class: 3K(128K)->3K(128K)
[0,468s][info][gc          ] GC(15) Pause Young (Mixed) (G1 Evacuation Pause) (Evacuation Failure) 1877M->1900M(2048M) 16,666ms
[0,468s][info][gc,cpu      ] GC(15) User=0,27s Sys=0,00s Real=0,02s
[0,473s][info][gc,start    ] GC(16) Pause Young (Mixed) (G1 Evacuation Pause)
[0,473s][info][gc,task     ] GC(16) Using 18 workers of 18 for evacuation
[0,481s][info][gc,phases   ] GC(16)   Pre Evacuate Collection Set: 0,3ms
[0,481s][info][gc,phases   ] GC(16)   Merge Heap Roots: 0,1ms
[0,481s][info][gc,phases   ] GC(16)   Evacuate Collection Set: 6,0ms
[0,481s][info][gc,phases   ] GC(16)   Post Evacuate Collection Set: 1,0ms
[0,481s][info][gc,phases   ] GC(16)   Other: 0,1ms
[0,481s][info][gc,heap     ] GC(16) Eden regions: 43->0(21)
[0,481s][info][gc,heap     ] GC(16) Survivor regions: 8->2(7)
[0,481s][info][gc,heap     ] GC(16) Old regions: 942->999
[0,481s][info][gc,heap     ] GC(16) Humongous regions: 0->0
[0,481s][info][gc,metaspace] GC(16) Metaspace: 80K(320K)->80K(320K) NonClass: 77K(192K)->77K(192K) Class: 3K(128K)->3K(128K)
[0,481s][info][gc          ] GC(16) Pause Young (Mixed) (G1 Evacuation Pause) (Evacuation Failure) 1985M->2001M(2048M) 7,721ms
[0,481s][info][gc,cpu      ] GC(16) User=0,12s Sys=0,00s Real=0,01s
[0,483s][info][gc,start    ] GC(17) Pause Young (Mixed) (G1 Evacuation Pause)
[0,484s][info][gc,task     ] GC(17) Using 18 workers of 18 for evacuation
[0,485s][info][gc,phases   ] GC(17)   Pre Evacuate Collection Set: 0,2ms
[0,485s][info][gc,phases   ] GC(17)   Merge Heap Roots: 0,1ms
[0,485s][info][gc,phases   ] GC(17)   Evacuate Collection Set: 0,5ms
[0,485s][info][gc,phases   ] GC(17)   Post Evacuate Collection Set: 0,9ms
[0,485s][info][gc,phases   ] GC(17)   Other: 0,1ms
[0,485s][info][gc,heap     ] GC(17) Eden regions: 21->0(0)
[0,485s][info][gc,heap     ] GC(17) Survivor regions: 2->0(2)
[0,485s][info][gc,heap     ] GC(17) Old regions: 999->1024
[0,485s][info][gc,heap     ] GC(17) Humongous regions: 0->0
[0,485s][info][gc,metaspace] GC(17) Metaspace: 80K(320K)->80K(320K) NonClass: 77K(192K)->77K(192K) Class: 3K(128K)->3K(128K)
[0,485s][info][gc          ] GC(17) Pause Young (Mixed) (G1 Evacuation Pause) (Evacuation Failure) 2043M->2047M(2048M) 1,982ms
[0,485s][info][gc,cpu      ] GC(17) User=0,01s Sys=0,00s Real=0,01s
[0,485s][info][gc,ergo     ] Attempting full compaction
[0,485s][info][gc,start    ] GC(18) Pause Full (G1 Compaction Pause)
[0,486s][info][gc,task     ] GC(18) Using 18 workers of 18 for full compaction
[0,486s][info][gc,phases,start] GC(18) Phase 1: Mark live objects
[0,487s][info][gc,phases      ] GC(18) Phase 1: Mark live objects 0,986ms
[0,487s][info][gc,phases,start] GC(18) Phase 2: Prepare compaction
[0,489s][info][gc,phases      ] GC(18) Phase 2: Prepare compaction 1,248ms
[0,489s][info][gc,phases,start] GC(18) Phase 3: Adjust pointers
[0,489s][info][gc,phases      ] GC(18) Phase 3: Adjust pointers 0,532ms
[0,489s][info][gc,phases,start] GC(18) Phase 4: Compact heap
[0,582s][info][gc,phases      ] GC(18) Phase 4: Compact heap 92,990ms
[0,582s][info][gc,phases,start] GC(18) Phase 5: Reset Metadata
[0,583s][info][gc,phases      ] GC(18) Phase 5: Reset Metadata 0,394ms
[0,584s][info][gc,heap        ] GC(18) Eden regions: 0->0(121)
[0,584s][info][gc,heap        ] GC(18) Survivor regions: 0->0(2)
[0,584s][info][gc,heap        ] GC(18) Old regions: 1024->690
[0,584s][info][gc,heap        ] GC(18) Humongous regions: 0->0
[0,584s][info][gc,metaspace   ] GC(18) Metaspace: 80K(320K)->80K(320K) NonClass: 77K(192K)->77K(192K) Class: 3K(128K)->3K(128K)
[0,584s][info][gc             ] GC(18) Pause Full (G1 Compaction Pause) 2047M->1024M(2048M) 98,771ms
[0,584s][info][gc,cpu         ] GC(18) User=1,53s Sys=0,03s Real=0,09s
[0,601s][info][gc,start       ] GC(19) Pause Young (Concurrent Start) (G1 Evacuation Pause)
[0,601s][info][gc,task        ] GC(19) Using 18 workers of 18 for evacuation
[0,623s][info][gc,phases      ] GC(19)   Pre Evacuate Collection Set: 0,3ms
[0,623s][info][gc,phases      ] GC(19)   Merge Heap Roots: 0,1ms
[0,623s][info][gc,phases      ] GC(19)   Evacuate Collection Set: 21,1ms
[0,623s][info][gc,phases      ] GC(19)   Post Evacuate Collection Set: 0,2ms
[0,623s][info][gc,phases      ] GC(19)   Other: 0,1ms
[0,623s][info][gc,heap        ] GC(19) Eden regions: 121->0(81)
[0,623s][info][gc,heap        ] GC(19) Survivor regions: 0->16(16)
[0,623s][info][gc,heap        ] GC(19) Old regions: 690->795
[0,623s][info][gc,heap        ] GC(19) Humongous regions: 0->0
[0,623s][info][gc,metaspace   ] GC(19) Metaspace: 80K(320K)->80K(320K) NonClass: 77K(192K)->77K(192K) Class: 3K(128K)->3K(128K)
[0,623s][info][gc             ] GC(19) Pause Young (Concurrent Start) (G1 Evacuation Pause) 1266M->1266M(2048M) 22,019ms
[0,623s][info][gc,cpu         ] GC(19) User=0,37s Sys=0,01s Real=0,02s
[0,623s][info][gc             ] GC(20) Concurrent Mark Cycle
[0,623s][info][gc,marking     ] GC(20) Concurrent Scan Root Regions
[0,623s][info][gc,marking     ] GC(20) Concurrent Scan Root Regions 0,068ms
[0,623s][info][gc,marking     ] GC(20) Concurrent Mark
[0,623s][info][gc,marking     ] GC(20) Concurrent Mark From Roots
[0,623s][info][gc,task        ] GC(20) Using 5 workers of 5 for marking
[0,625s][info][gc,marking     ] GC(20) Concurrent Mark From Roots 1,978ms
[0,625s][info][gc,marking     ] GC(20) Concurrent Preclean
[0,625s][info][gc,marking     ] GC(20) Concurrent Preclean 0,018ms
[0,626s][info][gc,start       ] GC(20) Pause Remark
[0,626s][info][gc             ] GC(20) Pause Remark 1283M->1148M(2048M) 0,610ms
[0,626s][info][gc,cpu         ] GC(20) User=0,00s Sys=0,00s Real=0,00s
[0,626s][info][gc,marking     ] GC(20) Concurrent Mark 2,810ms
[0,626s][info][gc,marking     ] GC(20) Concurrent Rebuild Remembered Sets and Scrub Regions
[0,627s][info][gc,marking     ] GC(20) Concurrent Rebuild Remembered Sets and Scrub Regions 1,123ms
[0,628s][info][gc,start       ] GC(20) Pause Cleanup
[0,628s][info][gc             ] GC(20) Pause Cleanup 1166M->1166M(2048M) 0,444ms
[0,628s][info][gc,cpu         ] GC(20) User=0,01s Sys=0,00s Real=0,00s
[0,628s][info][gc,marking     ] GC(20) Concurrent Clear Claimed Marks
[0,628s][info][gc,marking     ] GC(20) Concurrent Clear Claimed Marks 0,018ms
[0,628s][info][gc,marking     ] GC(20) Concurrent Cleanup for Next Mark
[0,630s][info][gc,marking     ] GC(20) Concurrent Cleanup for Next Mark 1,490ms
[0,630s][info][gc             ] GC(20) Concurrent Mark Cycle 6,279ms
[0,637s][info][gc,start       ] GC(21) Pause Young (Prepare Mixed) (G1 Evacuation Pause)
[0,637s][info][gc,task        ] GC(21) Using 18 workers of 18 for evacuation
[0,655s][info][gc,phases      ] GC(21)   Pre Evacuate Collection Set: 0,2ms
[0,655s][info][gc,phases      ] GC(21)   Merge Heap Roots: 0,1ms
[0,655s][info][gc,phases      ] GC(21)   Evacuate Collection Set: 16,8ms
[0,655s][info][gc,phases      ] GC(21)   Post Evacuate Collection Set: 0,3ms
[0,655s][info][gc,phases      ] GC(21)   Other: 0,1ms
[0,655s][info][gc,heap        ] GC(21) Eden regions: 81->0(83)
[0,655s][info][gc,heap        ] GC(21) Survivor regions: 16->13(13)
[0,655s][info][gc,heap        ] GC(21) Old regions: 705->789
[0,655s][info][gc,heap        ] GC(21) Humongous regions: 0->0
[0,655s][info][gc,metaspace   ] GC(21) Metaspace: 80K(320K)->80K(320K) NonClass: 77K(192K)->77K(192K) Class: 3K(128K)->3K(128K)
[0,655s][info][gc             ] GC(21) Pause Young (Prepare Mixed) (G1 Evacuation Pause) 1292M->1292M(2048M) 17,616ms
[0,655s][info][gc,cpu         ] GC(21) User=0,30s Sys=0,00s Real=0,01s
[0,666s][info][gc,start       ] GC(22) Pause Young (Mixed) (G1 Evacuation Pause)
[0,666s][info][gc,task        ] GC(22) Using 18 workers of 18 for evacuation
[0,688s][info][gc,phases      ] GC(22)   Pre Evacuate Collection Set: 0,3ms
[0,688s][info][gc,phases      ] GC(22)   Merge Heap Roots: 0,1ms
[0,688s][info][gc,phases      ] GC(22)   Evacuate Collection Set: 21,4ms
[0,688s][info][gc,phases      ] GC(22)   Merge Optional Heap Roots: 0,0ms
[0,688s][info][gc,phases      ] GC(22)   Evacuate Optional Collection Set: 0,1ms
[0,688s][info][gc,phases      ] GC(22)   Post Evacuate Collection Set: 0,3ms
[0,688s][info][gc,phases      ] GC(22)   Other: 0,2ms
[0,688s][info][gc,heap        ] GC(22) Eden regions: 83->0(79)
[0,688s][info][gc,heap        ] GC(22) Survivor regions: 13->12(12)
[0,688s][info][gc,heap        ] GC(22) Old regions: 789->798
[0,688s][info][gc,heap        ] GC(22) Humongous regions: 0->0
[0,688s][info][gc,metaspace   ] GC(22) Metaspace: 80K(320K)->80K(320K) NonClass: 77K(192K)->77K(192K) Class: 3K(128K)->3K(128K)
[0,688s][info][gc             ] GC(22) Pause Young (Mixed) (G1 Evacuation Pause) 1458M->1371M(2048M) 22,537ms
[0,688s][info][gc,cpu         ] GC(22) User=0,38s Sys=0,00s Real=0,02s
[0,699s][info][gc,start       ] GC(23) Pause Young (Mixed) (G1 Evacuation Pause)
[0,699s][info][gc,task        ] GC(23) Using 18 workers of 18 for evacuation
[0,720s][info][gc,phases      ] GC(23)   Pre Evacuate Collection Set: 0,2ms
[0,720s][info][gc,phases      ] GC(23)   Merge Heap Roots: 0,1ms
[0,720s][info][gc,phases      ] GC(23)   Evacuate Collection Set: 20,3ms
[0,720s][info][gc,phases      ] GC(23)   Merge Optional Heap Roots: 0,0ms
[0,720s][info][gc,phases      ] GC(23)   Evacuate Optional Collection Set: 0,3ms
[0,720s][info][gc,phases      ] GC(23)   Post Evacuate Collection Set: 0,3ms
[0,720s][info][gc,phases      ] GC(23)   Other: 0,1ms
[0,720s][info][gc,heap        ] GC(23) Eden regions: 79->0(76)
[0,720s][info][gc,heap        ] GC(23) Survivor regions: 12->12(12)
[0,720s][info][gc,heap        ] GC(23) Old regions: 798->803
[0,720s][info][gc,heap        ] GC(23) Humongous regions: 0->0
[0,720s][info][gc,metaspace   ] GC(23) Metaspace: 80K(320K)->80K(320K) NonClass: 77K(192K)->77K(192K) Class: 3K(128K)->3K(128K)
[0,720s][info][gc             ] GC(23) Pause Young (Mixed) (G1 Evacuation Pause) 1529M->1432M(2048M) 21,454ms
[0,720s][info][gc,cpu         ] GC(23) User=0,37s Sys=0,01s Real=0,02s
[0,730s][info][gc,start       ] GC(24) Pause Young (Mixed) (G1 Evacuation Pause)
[0,730s][info][gc,task        ] GC(24) Using 18 workers of 18 for evacuation
[0,750s][info][gc,phases      ] GC(24)   Pre Evacuate Collection Set: 0,2ms
[0,750s][info][gc,phases      ] GC(24)   Merge Heap Roots: 0,1ms
[0,750s][info][gc,phases      ] GC(24)   Evacuate Collection Set: 19,4ms
[0,750s][info][gc,phases      ] GC(24)   Post Evacuate Collection Set: 0,3ms
[0,750s][info][gc,phases      ] GC(24)   Other: 0,1ms
[0,750s][info][gc,heap        ] GC(24) Eden regions: 76->0(77)
[0,750s][info][gc,heap        ] GC(24) Survivor regions: 12->11(11)
[0,750s][info][gc,heap        ] GC(24) Old regions: 803->801
[0,750s][info][gc,heap        ] GC(24) Humongous regions: 0->0
[0,750s][info][gc,metaspace   ] GC(24) Metaspace: 80K(320K)->80K(320K) NonClass: 77K(192K)->77K(192K) Class: 3K(128K)->3K(128K)
[0,751s][info][gc             ] GC(24) Pause Young (Mixed) (G1 Evacuation Pause) 1583M->1478M(2048M) 20,242ms
[0,751s][info][gc,cpu         ] GC(24) User=0,34s Sys=0,00s Real=0,02s
[0,763s][info][gc,start       ] GC(25) Pause Young (Mixed) (G1 Evacuation Pause)
[0,763s][info][gc,task        ] GC(25) Using 18 workers of 18 for evacuation
[0,782s][info][gc,phases      ] GC(25)   Pre Evacuate Collection Set: 0,2ms
[0,782s][info][gc,phases      ] GC(25)   Merge Heap Roots: 0,1ms
[0,782s][info][gc,phases      ] GC(25)   Evacuate Collection Set: 18,3ms
[0,782s][info][gc,phases      ] GC(25)   Post Evacuate Collection Set: 0,3ms
[0,782s][info][gc,phases      ] GC(25)   Other: 0,1ms
[0,782s][info][gc,heap        ] GC(25) Eden regions: 77->0(74)
[0,782s][info][gc,heap        ] GC(25) Survivor regions: 11->11(11)
[0,782s][info][gc,heap        ] GC(25) Old regions: 801->811
[0,782s][info][gc,heap        ] GC(25) Humongous regions: 0->0
[0,782s][info][gc,metaspace   ] GC(25) Metaspace: 80K(320K)->80K(320K) NonClass: 77K(192K)->77K(192K) Class: 3K(128K)->3K(128K)
[0,782s][info][gc             ] GC(25) Pause Young (Mixed) (G1 Evacuation Pause) 1632M->1541M(2048M) 19,147ms
[0,782s][info][gc,cpu         ] GC(25) User=0,32s Sys=0,00s Real=0,02s
[0,793s][info][gc,start       ] GC(26) Pause Young (Concurrent Start) (G1 Evacuation Pause)
[0,793s][info][gc,task        ] GC(26) Using 18 workers of 18 for evacuation
[0,808s][info][gc,phases      ] GC(26)   Pre Evacuate Collection Set: 0,3ms
[0,808s][info][gc,phases      ] GC(26)   Merge Heap Roots: 0,1ms
[0,808s][info][gc,phases      ] GC(26)   Evacuate Collection Set: 14,7ms
[0,808s][info][gc,phases      ] GC(26)   Post Evacuate Collection Set: 0,2ms
[0,808s][info][gc,phases      ] GC(26)   Other: 0,1ms
[0,808s][info][gc,heap        ] GC(26) Eden regions: 74->0(46)
[0,808s][info][gc,heap        ] GC(26) Survivor regions: 11->11(11)
[0,808s][info][gc,heap        ] GC(26) Old regions: 811->885
[0,808s][info][gc,heap        ] GC(26) Humongous regions: 0->0
[0,808s][info][gc,metaspace   ] GC(26) Metaspace: 80K(320K)->80K(320K) NonClass: 77K(192K)->77K(192K) Class: 3K(128K)->3K(128K)
[0,808s][info][gc             ] GC(26) Pause Young (Concurrent Start) (G1 Evacuation Pause) 1688M->1688M(2048M) 15,492ms
[0,808s][info][gc,cpu         ] GC(26) User=0,26s Sys=0,00s Real=0,02s
[0,808s][info][gc             ] GC(27) Concurrent Mark Cycle
[0,808s][info][gc,marking     ] GC(27) Concurrent Scan Root Regions
[0,808s][info][gc,marking     ] GC(27) Concurrent Scan Root Regions 0,054ms
[0,808s][info][gc,marking     ] GC(27) Concurrent Mark
[0,808s][info][gc,marking     ] GC(27) Concurrent Mark From Roots
[0,808s][info][gc,task        ] GC(27) Using 5 workers of 5 for marking
[0,810s][info][gc,marking     ] GC(27) Concurrent Mark From Roots 2,196ms
[0,810s][info][gc,marking     ] GC(27) Concurrent Preclean
[0,810s][info][gc,marking     ] GC(27) Concurrent Preclean 0,012ms
[0,811s][info][gc,start       ] GC(27) Pause Remark
[0,811s][info][gc             ] GC(27) Pause Remark 1705M->1408M(2048M) 0,570ms
[0,811s][info][gc,cpu         ] GC(27) User=0,00s Sys=0,00s Real=0,00s
[0,811s][info][gc,marking     ] GC(27) Concurrent Mark 2,916ms
[0,811s][info][gc,marking     ] GC(27) Concurrent Rebuild Remembered Sets and Scrub Regions
[0,813s][info][gc,marking     ] GC(27) Concurrent Rebuild Remembered Sets and Scrub Regions 1,618ms
[0,813s][info][gc,start       ] GC(27) Pause Cleanup
[0,813s][info][gc             ] GC(27) Pause Cleanup 1432M->1432M(2048M) 0,472ms
[0,813s][info][gc,cpu         ] GC(27) User=0,00s Sys=0,00s Real=0,00s
[0,813s][info][gc,marking     ] GC(27) Concurrent Clear Claimed Marks
[0,813s][info][gc,marking     ] GC(27) Concurrent Clear Claimed Marks 0,017ms
[0,813s][info][gc,marking     ] GC(27) Concurrent Cleanup for Next Mark
[0,815s][info][gc,marking     ] GC(27) Concurrent Cleanup for Next Mark 1,552ms
[0,815s][info][gc             ] GC(27) Concurrent Mark Cycle 6,937ms
[0,817s][info][gc,start       ] GC(28) Pause Young (Prepare Mixed) (G1 Evacuation Pause)
[0,817s][info][gc,task        ] GC(28) Using 18 workers of 18 for evacuation
[0,828s][info][gc,phases      ] GC(28)   Pre Evacuate Collection Set: 0,2ms
[0,828s][info][gc,phases      ] GC(28)   Merge Heap Roots: 0,1ms
[0,828s][info][gc,phases      ] GC(28)   Evacuate Collection Set: 10,1ms
[0,828s][info][gc,phases      ] GC(28)   Post Evacuate Collection Set: 0,3ms
[0,828s][info][gc,phases      ] GC(28)   Other: 0,1ms
[0,828s][info][gc,heap        ] GC(28) Eden regions: 46->0(102)
[0,828s][info][gc,heap        ] GC(28) Survivor regions: 11->8(8)
[0,828s][info][gc,heap        ] GC(28) Old regions: 700->748
[0,828s][info][gc,heap        ] GC(28) Humongous regions: 0->0
[0,828s][info][gc,metaspace   ] GC(28) Metaspace: 80K(320K)->80K(320K) NonClass: 77K(192K)->77K(192K) Class: 3K(128K)->3K(128K)
[0,828s][info][gc             ] GC(28) Pause Young (Prepare Mixed) (G1 Evacuation Pause) 1483M->1482M(2048M) 10,992ms
[0,828s][info][gc,cpu         ] GC(28) User=0,17s Sys=0,01s Real=0,01s
[0,842s][info][gc,start       ] GC(29) Pause Young (Mixed) (G1 Evacuation Pause)
[0,842s][info][gc,task        ] GC(29) Using 18 workers of 18 for evacuation
[0,868s][info][gc,phases      ] GC(29)   Pre Evacuate Collection Set: 0,3ms
[0,868s][info][gc,phases      ] GC(29)   Merge Heap Roots: 0,1ms
[0,868s][info][gc,phases      ] GC(29)   Evacuate Collection Set: 25,1ms
[0,868s][info][gc,phases      ] GC(29)   Post Evacuate Collection Set: 0,3ms
[0,868s][info][gc,phases      ] GC(29)   Other: 0,1ms
[0,868s][info][gc,heap        ] GC(29) Eden regions: 102->0(86)
[0,868s][info][gc,heap        ] GC(29) Survivor regions: 8->14(14)
[0,868s][info][gc,heap        ] GC(29) Old regions: 748->778
[0,868s][info][gc,heap        ] GC(29) Humongous regions: 0->0
[0,868s][info][gc,metaspace   ] GC(29) Metaspace: 80K(320K)->80K(320K) NonClass: 77K(192K)->77K(192K) Class: 3K(128K)->3K(128K)
[0,868s][info][gc             ] GC(29) Pause Young (Mixed) (G1 Evacuation Pause) 1686M->1562M(2048M) 26,124ms
[0,868s][info][gc,cpu         ] GC(29) User=0,44s Sys=0,00s Real=0,03s
[0,879s][info][gc,start       ] GC(30) Pause Young (Mixed) (G1 Evacuation Pause)
[0,880s][info][gc,task        ] GC(30) Using 18 workers of 18 for evacuation
[0,905s][info][gc,phases      ] GC(30)   Pre Evacuate Collection Set: 0,3ms
[0,905s][info][gc,phases      ] GC(30)   Merge Heap Roots: 0,1ms
[0,905s][info][gc,phases      ] GC(30)   Evacuate Collection Set: 24,9ms
[0,905s][info][gc,phases      ] GC(30)   Post Evacuate Collection Set: 0,4ms
[0,905s][info][gc,phases      ] GC(30)   Other: 0,1ms
[0,905s][info][gc,heap        ] GC(30) Eden regions: 86->0(63)
[0,905s][info][gc,heap        ] GC(30) Survivor regions: 14->13(13)
[0,905s][info][gc,heap        ] GC(30) Old regions: 778->845
[0,905s][info][gc,heap        ] GC(30) Humongous regions: 0->0
[0,905s][info][gc,metaspace   ] GC(30) Metaspace: 80K(320K)->80K(320K) NonClass: 77K(192K)->77K(192K) Class: 3K(128K)->3K(128K)
[0,905s][info][gc             ] GC(30) Pause Young (Mixed) (G1 Evacuation Pause) (Evacuation Failure) 1734M->1695M(2048M) 26,031ms
[0,905s][info][gc,cpu         ] GC(30) User=0,44s Sys=0,02s Real=0,03s
[0,914s][info][gc,start       ] GC(31) Pause Young (Mixed) (G1 Evacuation Pause)
[0,914s][info][gc,task        ] GC(31) Using 18 workers of 18 for evacuation
[0,933s][info][gc,phases      ] GC(31)   Pre Evacuate Collection Set: 0,3ms
[0,933s][info][gc,phases      ] GC(31)   Merge Heap Roots: 0,1ms
[0,933s][info][gc,phases      ] GC(31)   Evacuate Collection Set: 17,9ms
[0,933s][info][gc,phases      ] GC(31)   Post Evacuate Collection Set: 0,6ms
[0,933s][info][gc,phases      ] GC(31)   Other: 0,1ms
[0,933s][info][gc,heap        ] GC(31) Eden regions: 63->0(46)
[0,933s][info][gc,heap        ] GC(31) Survivor regions: 13->5(10)
[0,933s][info][gc,heap        ] GC(31) Old regions: 845->911
[0,933s][info][gc,heap        ] GC(31) Humongous regions: 0->0
[0,933s][info][gc,metaspace   ] GC(31) Metaspace: 80K(320K)->80K(320K) NonClass: 77K(192K)->77K(192K) Class: 3K(128K)->3K(128K)
[0,933s][info][gc             ] GC(31) Pause Young (Mixed) (G1 Evacuation Pause) (Evacuation Failure) 1821M->1811M(2048M) 19,220ms
[0,933s][info][gc,cpu         ] GC(31) User=0,32s Sys=0,00s Real=0,02s
[0,939s][info][gc,start       ] GC(32) Pause Young (Mixed) (G1 Evacuation Pause)
[0,939s][info][gc,task        ] GC(32) Using 18 workers of 18 for evacuation
[0,951s][info][gc,phases      ] GC(32)   Pre Evacuate Collection Set: 0,2ms
[0,951s][info][gc,phases      ] GC(32)   Merge Heap Roots: 0,1ms
[0,951s][info][gc,phases      ] GC(32)   Evacuate Collection Set: 11,1ms
[0,951s][info][gc,phases      ] GC(32)   Post Evacuate Collection Set: 0,4ms
[0,951s][info][gc,phases      ] GC(32)   Other: 0,1ms
[0,951s][info][gc,heap        ] GC(32) Eden regions: 46->0(51)
[0,951s][info][gc,heap        ] GC(32) Survivor regions: 5->3(7)
[0,951s][info][gc,heap        ] GC(32) Old regions: 911->913
[0,951s][info][gc,heap        ] GC(32) Humongous regions: 0->0
[0,951s][info][gc,metaspace   ] GC(32) Metaspace: 80K(320K)->80K(320K) NonClass: 77K(192K)->77K(192K) Class: 3K(128K)->3K(128K)
[0,951s][info][gc             ] GC(32) Pause Young (Mixed) (G1 Evacuation Pause) (Evacuation Failure) 1902M->1820M(2048M) 12,109ms
[0,951s][info][gc,cpu         ] GC(32) User=0,20s Sys=0,00s Real=0,01s
[0,957s][info][gc,start       ] GC(33) Pause Young (Mixed) (G1 Evacuation Pause)
[0,958s][info][gc,task        ] GC(33) Using 18 workers of 18 for evacuation
[0,968s][info][gc,phases      ] GC(33)   Pre Evacuate Collection Set: 0,2ms
[0,968s][info][gc,phases      ] GC(33)   Merge Heap Roots: 0,1ms
[0,968s][info][gc,phases      ] GC(33)   Evacuate Collection Set: 10,0ms
[0,968s][info][gc,phases      ] GC(33)   Post Evacuate Collection Set: 0,2ms
[0,968s][info][gc,phases      ] GC(33)   Other: 0,1ms
[0,968s][info][gc,heap        ] GC(33) Eden regions: 51->0(44)
[0,968s][info][gc,heap        ] GC(33) Survivor regions: 3->7(7)
[0,968s][info][gc,heap        ] GC(33) Old regions: 913->950
[0,968s][info][gc,heap        ] GC(33) Humongous regions: 0->0
[0,968s][info][gc,metaspace   ] GC(33) Metaspace: 80K(320K)->80K(320K) NonClass: 77K(192K)->77K(192K) Class: 3K(128K)->3K(128K)
[0,968s][info][gc             ] GC(33) Pause Young (Mixed) (G1 Evacuation Pause) 1922M->1904M(2048M) 10,715ms
[0,968s][info][gc,cpu         ] GC(33) User=0,16s Sys=0,01s Real=0,01s
[0,974s][info][gc,start       ] GC(34) Pause Young (Concurrent Start) (G1 Evacuation Pause)
[0,974s][info][gc,task        ] GC(34) Using 18 workers of 18 for evacuation
[0,979s][info][gc,phases      ] GC(34)   Pre Evacuate Collection Set: 0,2ms
[0,979s][info][gc,phases      ] GC(34)   Merge Heap Roots: 0,0ms
[0,979s][info][gc,phases      ] GC(34)   Evacuate Collection Set: 4,6ms
[0,979s][info][gc,phases      ] GC(34)   Post Evacuate Collection Set: 0,4ms
[0,979s][info][gc,phases      ] GC(34)   Other: 0,1ms
[0,979s][info][gc,heap        ] GC(34) Eden regions: 44->0(16)
[0,979s][info][gc,heap        ] GC(34) Survivor regions: 7->7(7)
[0,979s][info][gc,heap        ] GC(34) Old regions: 950->994
[0,979s][info][gc,heap        ] GC(34) Humongous regions: 0->0
[0,979s][info][gc,metaspace   ] GC(34) Metaspace: 80K(320K)->80K(320K) NonClass: 77K(192K)->77K(192K) Class: 3K(128K)->3K(128K)
[0,980s][info][gc             ] GC(34) Pause Young (Concurrent Start) (G1 Evacuation Pause) (Evacuation Failure) 1992M->1993M(2048M) 5,624ms
[0,980s][info][gc,cpu         ] GC(34) User=0,08s Sys=0,01s Real=0,01s
[0,980s][info][gc             ] GC(35) Concurrent Mark Cycle
[0,980s][info][gc,marking     ] GC(35) Concurrent Scan Root Regions
[0,980s][info][gc,marking     ] GC(35) Concurrent Scan Root Regions 0,050ms
[0,980s][info][gc,marking     ] GC(35) Concurrent Mark
[0,980s][info][gc,marking     ] GC(35) Concurrent Mark From Roots
[0,980s][info][gc,task        ] GC(35) Using 5 workers of 5 for marking
[0,982s][info][gc,marking     ] GC(35) Concurrent Mark From Roots 2,303ms
[0,982s][info][gc,marking     ] GC(35) Concurrent Preclean
[0,982s][info][gc,marking     ] GC(35) Concurrent Preclean 0,038ms
[0,982s][info][gc,start       ] GC(35) Pause Remark
[0,983s][info][gc             ] GC(35) Pause Remark 2014M->1417M(2048M) 0,777ms
[0,983s][info][gc,cpu         ] GC(35) User=0,00s Sys=0,01s Real=0,00s
[0,983s][info][gc,marking     ] GC(35) Concurrent Mark 3,428ms
[0,983s][info][gc,marking     ] GC(35) Concurrent Rebuild Remembered Sets and Scrub Regions
[0,985s][info][gc,start       ] GC(36) Pause Young (Normal) (G1 Evacuation Pause)
[0,985s][info][gc,task        ] GC(36) Using 18 workers of 18 for evacuation
[0,990s][info][gc,phases      ] GC(36)   Pre Evacuate Collection Set: 0,2ms
[0,990s][info][gc,phases      ] GC(36)   Merge Heap Roots: 0,1ms
[0,990s][info][gc,phases      ] GC(36)   Evacuate Collection Set: 4,1ms
[0,990s][info][gc,phases      ] GC(36)   Post Evacuate Collection Set: 0,2ms
[0,990s][info][gc,phases      ] GC(36)   Other: 0,1ms
[0,990s][info][gc,heap        ] GC(36) Eden regions: 16->0(128)
[0,990s][info][gc,heap        ] GC(36) Survivor regions: 7->3(3)
[0,990s][info][gc,heap        ] GC(36) Old regions: 692->712
[0,990s][info][gc,heap        ] GC(36) Humongous regions: 0->0
[0,990s][info][gc,metaspace   ] GC(36) Metaspace: 80K(320K)->80K(320K) NonClass: 77K(192K)->77K(192K) Class: 3K(128K)->3K(128K)
[0,990s][info][gc             ] GC(36) Pause Young (Normal) (G1 Evacuation Pause) 1428M->1427M(2048M) 4,764ms
[0,990s][info][gc,cpu         ] GC(36) User=0,07s Sys=0,00s Real=0,00s
[0,990s][info][gc,marking     ] GC(35) Concurrent Rebuild Remembered Sets and Scrub Regions 6,916ms
[0,990s][info][gc,start       ] GC(35) Pause Cleanup
[0,991s][info][gc             ] GC(35) Pause Cleanup 1434M->1434M(2048M) 0,521ms
[0,991s][info][gc,cpu         ] GC(35) User=0,00s Sys=0,00s Real=0,00s
[0,991s][info][gc,marking     ] GC(35) Concurrent Clear Claimed Marks
[0,991s][info][gc,marking     ] GC(35) Concurrent Clear Claimed Marks 0,014ms
[0,991s][info][gc,marking     ] GC(35) Concurrent Cleanup for Next Mark
[0,992s][info][gc,marking     ] GC(35) Concurrent Cleanup for Next Mark 1,442ms
[0,992s][info][gc             ] GC(35) Concurrent Mark Cycle 12,729ms
[1,008s][info][gc,start       ] GC(37) Pause Young (Prepare Mixed) (G1 Evacuation Pause)
[1,008s][info][gc,task        ] GC(37) Using 18 workers of 18 for evacuation
[1,032s][info][gc,phases      ] GC(37)   Pre Evacuate Collection Set: 0,2ms
[1,032s][info][gc,phases      ] GC(37)   Merge Heap Roots: 0,1ms
[1,032s][info][gc,phases      ] GC(37)   Evacuate Collection Set: 22,6ms
[1,032s][info][gc,phases      ] GC(37)   Post Evacuate Collection Set: 0,4ms
[1,032s][info][gc,phases      ] GC(37)   Other: 0,1ms
[1,032s][info][gc,heap        ] GC(37) Eden regions: 128->0(70)
[1,032s][info][gc,heap        ] GC(37) Survivor regions: 3->17(17)
[1,032s][info][gc,heap        ] GC(37) Old regions: 712->826
[1,032s][info][gc,heap        ] GC(37) Humongous regions: 0->0
[1,032s][info][gc,metaspace   ] GC(37) Metaspace: 80K(320K)->80K(320K) NonClass: 77K(192K)->77K(192K) Class: 3K(128K)->3K(128K)
[1,032s][info][gc             ] GC(37) Pause Young (Prepare Mixed) (G1 Evacuation Pause) 1683M->1683M(2048M) 23,708ms
[1,032s][info][gc,cpu         ] GC(37) User=0,39s Sys=0,01s Real=0,02s
[1,042s][info][gc,start       ] GC(38) Pause Young (Mixed) (G1 Evacuation Pause)
[1,042s][info][gc,task        ] GC(38) Using 18 workers of 18 for evacuation
[1,062s][info][gc,phases      ] GC(38)   Pre Evacuate Collection Set: 0,3ms
[1,062s][info][gc,phases      ] GC(38)   Merge Heap Roots: 0,1ms
[1,062s][info][gc,phases      ] GC(38)   Evacuate Collection Set: 19,3ms
[1,062s][info][gc,phases      ] GC(38)   Post Evacuate Collection Set: 0,3ms
[1,062s][info][gc,phases      ] GC(38)   Other: 0,1ms
[1,062s][info][gc,heap        ] GC(38) Eden regions: 70->0(69)
[1,062s][info][gc,heap        ] GC(38) Survivor regions: 17->11(11)
[1,062s][info][gc,heap        ] GC(38) Old regions: 826->833
[1,062s][info][gc,heap        ] GC(38) Humongous regions: 0->0
[1,062s][info][gc,metaspace   ] GC(38) Metaspace: 80K(320K)->80K(320K) NonClass: 77K(192K)->77K(192K) Class: 3K(128K)->3K(128K)
[1,062s][info][gc             ] GC(38) Pause Young (Mixed) (G1 Evacuation Pause) (Evacuation Failure) 1822M->1687M(2048M) 20,418ms
[1,062s][info][gc,cpu         ] GC(38) User=0,33s Sys=0,00s Real=0,02s
[1,071s][info][gc,start       ] GC(39) Pause Young (Mixed) (G1 Evacuation Pause)
[1,071s][info][gc,task        ] GC(39) Using 18 workers of 18 for evacuation
[1,089s][info][gc,phases      ] GC(39)   Pre Evacuate Collection Set: 0,2ms
[1,089s][info][gc,phases      ] GC(39)   Merge Heap Roots: 0,1ms
[1,089s][info][gc,phases      ] GC(39)   Evacuate Collection Set: 16,6ms
[1,089s][info][gc,phases      ] GC(39)   Post Evacuate Collection Set: 0,3ms
[1,089s][info][gc,phases      ] GC(39)   Other: 0,1ms
[1,089s][info][gc,heap        ] GC(39) Eden regions: 69->0(74)
[1,089s][info][gc,heap        ] GC(39) Survivor regions: 11->10(10)
[1,089s][info][gc,heap        ] GC(39) Old regions: 833->814
[1,089s][info][gc,heap        ] GC(39) Humongous regions: 0->0
[1,089s][info][gc,metaspace   ] GC(39) Metaspace: 80K(320K)->80K(320K) NonClass: 77K(192K)->77K(192K) Class: 3K(128K)->3K(128K)
[1,089s][info][gc             ] GC(39) Pause Young (Mixed) (G1 Evacuation Pause) 1825M->1646M(2048M) 17,536ms
[1,089s][info][gc,cpu         ] GC(39) User=0,30s Sys=0,00s Real=0,02s
[1,099s][info][gc,start       ] GC(40) Pause Young (Mixed) (G1 Evacuation Pause)
[1,099s][info][gc,task        ] GC(40) Using 18 workers of 18 for evacuation
[1,122s][info][gc,phases      ] GC(40)   Pre Evacuate Collection Set: 0,3ms
[1,122s][info][gc,phases      ] GC(40)   Merge Heap Roots: 0,1ms
[1,122s][info][gc,phases      ] GC(40)   Evacuate Collection Set: 22,1ms
[1,122s][info][gc,phases      ] GC(40)   Post Evacuate Collection Set: 0,3ms
[1,122s][info][gc,phases      ] GC(40)   Other: 0,1ms
[1,122s][info][gc,heap        ] GC(40) Eden regions: 74->0(66)
[1,122s][info][gc,heap        ] GC(40) Survivor regions: 10->11(11)
[1,122s][info][gc,heap        ] GC(40) Old regions: 814->837
[1,122s][info][gc,heap        ] GC(40) Humongous regions: 0->0
[1,122s][info][gc,metaspace   ] GC(40) Metaspace: 80K(320K)->80K(320K) NonClass: 77K(192K)->77K(192K) Class: 3K(128K)->3K(128K)
[1,122s][info][gc             ] GC(40) Pause Young (Mixed) (G1 Evacuation Pause) (Evacuation Failure) 1794M->1695M(2048M) 23,116ms
[1,122s][info][gc,cpu         ] GC(40) User=0,39s Sys=0,00s Real=0,02s
[1,131s][info][gc,start       ] GC(41) Pause Young (Mixed) (G1 Evacuation Pause)
[1,131s][info][gc,task        ] GC(41) Using 18 workers of 18 for evacuation
[1,150s][info][gc,phases      ] GC(41)   Pre Evacuate Collection Set: 0,3ms
[1,150s][info][gc,phases      ] GC(41)   Merge Heap Roots: 0,1ms
[1,150s][info][gc,phases      ] GC(41)   Evacuate Collection Set: 18,0ms
[1,150s][info][gc,phases      ] GC(41)   Post Evacuate Collection Set: 0,3ms
[1,150s][info][gc,phases      ] GC(41)   Other: 0,1ms
[1,150s][info][gc,heap        ] GC(41) Eden regions: 66->0(68)
[1,150s][info][gc,heap        ] GC(41) Survivor regions: 11->10(10)
[1,150s][info][gc,heap        ] GC(41) Old regions: 837->828
[1,150s][info][gc,heap        ] GC(41) Humongous regions: 0->0
[1,150s][info][gc,metaspace   ] GC(41) Metaspace: 80K(320K)->80K(320K) NonClass: 77K(192K)->77K(192K) Class: 3K(128K)->3K(128K)
[1,150s][info][gc             ] GC(41) Pause Young (Mixed) (G1 Evacuation Pause) 1827M->1674M(2048M) 19,017ms
[1,150s][info][gc,cpu         ] GC(41) User=0,32s Sys=0,01s Real=0,02s
[1,159s][info][gc,start       ] GC(42) Pause Young (Mixed) (G1 Evacuation Pause)
[1,159s][info][gc,task        ] GC(42) Using 18 workers of 18 for evacuation
[1,173s][info][gc,phases      ] GC(42)   Pre Evacuate Collection Set: 0,2ms
[1,173s][info][gc,phases      ] GC(42)   Merge Heap Roots: 0,1ms
[1,173s][info][gc,phases      ] GC(42)   Evacuate Collection Set: 13,4ms
[1,173s][info][gc,phases      ] GC(42)   Post Evacuate Collection Set: 0,3ms
[1,173s][info][gc,phases      ] GC(42)   Other: 0,1ms
[1,173s][info][gc,heap        ] GC(42) Eden regions: 68->0(66)
[1,173s][info][gc,heap        ] GC(42) Survivor regions: 10->10(10)
[1,173s][info][gc,heap        ] GC(42) Old regions: 828->832
[1,173s][info][gc,heap        ] GC(42) Humongous regions: 0->0
[1,173s][info][gc,metaspace   ] GC(42) Metaspace: 80K(320K)->80K(320K) NonClass: 77K(192K)->77K(192K) Class: 3K(128K)->3K(128K)
[1,173s][info][gc             ] GC(42) Pause Young (Mixed) (G1 Evacuation Pause) 1810M->1682M(2048M) 14,382ms
[1,173s][info][gc,cpu         ] GC(42) User=0,23s Sys=0,01s Real=0,01s
[1,182s][info][gc,start       ] GC(43) Pause Young (Concurrent Start) (G1 Evacuation Pause)
[1,182s][info][gc,task        ] GC(43) Using 18 workers of 18 for evacuation
[1,196s][info][gc,phases      ] GC(43)   Pre Evacuate Collection Set: 0,3ms
[1,196s][info][gc,phases      ] GC(43)   Merge Heap Roots: 0,1ms
[1,196s][info][gc,phases      ] GC(43)   Evacuate Collection Set: 13,3ms
[1,196s][info][gc,phases      ] GC(43)   Post Evacuate Collection Set: 0,2ms
[1,196s][info][gc,phases      ] GC(43)   Other: 0,1ms
[1,196s][info][gc,heap        ] GC(43) Eden regions: 66->0(42)
[1,196s][info][gc,heap        ] GC(43) Survivor regions: 10->10(10)
[1,196s][info][gc,heap        ] GC(43) Old regions: 832->897
[1,196s][info][gc,heap        ] GC(43) Humongous regions: 0->0
[1,196s][info][gc,metaspace   ] GC(43) Metaspace: 80K(320K)->80K(320K) NonClass: 77K(192K)->77K(192K) Class: 3K(128K)->3K(128K)
[1,196s][info][gc             ] GC(43) Pause Young (Concurrent Start) (G1 Evacuation Pause) 1813M->1813M(2048M) 14,109ms
[1,196s][info][gc,cpu         ] GC(43) User=0,23s Sys=0,00s Real=0,02s
[1,196s][info][gc             ] GC(44) Concurrent Mark Cycle
[1,196s][info][gc,marking     ] GC(44) Concurrent Scan Root Regions
[1,196s][info][gc,marking     ] GC(44) Concurrent Scan Root Regions 0,046ms
[1,196s][info][gc,marking     ] GC(44) Concurrent Mark
[1,196s][info][gc,marking     ] GC(44) Concurrent Mark From Roots
[1,196s][info][gc,task        ] GC(44) Using 5 workers of 5 for marking
[1,199s][info][gc,marking     ] GC(44) Concurrent Mark From Roots 2,422ms
[1,199s][info][gc,marking     ] GC(44) Concurrent Preclean
[1,199s][info][gc,marking     ] GC(44) Concurrent Preclean 0,012ms
[1,199s][info][gc,start       ] GC(44) Pause Remark
[1,200s][info][gc             ] GC(44) Pause Remark 1833M->1421M(2048M) 0,707ms
[1,200s][info][gc,cpu         ] GC(44) User=0,00s Sys=0,00s Real=0,00s
[1,200s][info][gc,marking     ] GC(44) Concurrent Mark 3,360ms
[1,200s][info][gc,marking     ] GC(44) Concurrent Rebuild Remembered Sets and Scrub Regions
[1,201s][info][gc,marking     ] GC(44) Concurrent Rebuild Remembered Sets and Scrub Regions 1,233ms
[1,201s][info][gc,start       ] GC(44) Pause Cleanup
[1,202s][info][gc             ] GC(44) Pause Cleanup 1440M->1440M(2048M) 0,557ms
[1,202s][info][gc,cpu         ] GC(44) User=0,00s Sys=0,00s Real=0,00s
[1,202s][info][gc,marking     ] GC(44) Concurrent Clear Claimed Marks
[1,202s][info][gc,marking     ] GC(44) Concurrent Clear Claimed Marks 0,020ms
[1,202s][info][gc,marking     ] GC(44) Concurrent Cleanup for Next Mark
[1,203s][info][gc,marking     ] GC(44) Concurrent Cleanup for Next Mark 1,412ms
[1,203s][info][gc             ] GC(44) Concurrent Mark Cycle 6,918ms
[1,205s][info][gc,start       ] GC(45) Pause Young (Prepare Mixed) (G1 Evacuation Pause)
[1,205s][info][gc,task        ] GC(45) Using 18 workers of 18 for evacuation
[1,215s][info][gc,phases      ] GC(45)   Pre Evacuate Collection Set: 0,2ms
[1,215s][info][gc,phases      ] GC(45)   Merge Heap Roots: 0,1ms
[1,215s][info][gc,phases      ] GC(45)   Evacuate Collection Set: 9,5ms
[1,215s][info][gc,phases      ] GC(45)   Post Evacuate Collection Set: 0,3ms
[1,215s][info][gc,phases      ] GC(45)   Other: 0,1ms
[1,215s][info][gc,heap        ] GC(45) Eden regions: 42->0(109)
[1,215s][info][gc,heap        ] GC(45) Survivor regions: 10->7(7)
[1,215s][info][gc,heap        ] GC(45) Old regions: 691->736
[1,215s][info][gc,heap        ] GC(45) Humongous regions: 0->0
[1,215s][info][gc,metaspace   ] GC(45) Metaspace: 80K(320K)->80K(320K) NonClass: 77K(192K)->77K(192K) Class: 3K(128K)->3K(128K)
[1,215s][info][gc             ] GC(45) Pause Young (Prepare Mixed) (G1 Evacuation Pause) 1484M->1484M(2048M) 10,329ms
[1,215s][info][gc,cpu         ] GC(45) User=0,16s Sys=0,01s Real=0,01s
[1,230s][info][gc,start       ] GC(46) Pause Young (Mixed) (G1 Evacuation Pause)
[1,230s][info][gc,task        ] GC(46) Using 18 workers of 18 for evacuation
[1,260s][info][gc,phases      ] GC(46)   Pre Evacuate Collection Set: 0,3ms
[1,260s][info][gc,phases      ] GC(46)   Merge Heap Roots: 0,1ms
[1,260s][info][gc,phases      ] GC(46)   Evacuate Collection Set: 28,9ms
[1,260s][info][gc,phases      ] GC(46)   Post Evacuate Collection Set: 0,3ms
[1,260s][info][gc,phases      ] GC(46)   Other: 0,1ms
[1,260s][info][gc,heap        ] GC(46) Eden regions: 109->0(83)
[1,260s][info][gc,heap        ] GC(46) Survivor regions: 7->15(15)
[1,260s][info][gc,heap        ] GC(46) Old regions: 736->785
[1,260s][info][gc,heap        ] GC(46) Humongous regions: 0->0
[1,260s][info][gc,metaspace   ] GC(46) Metaspace: 80K(320K)->80K(320K) NonClass: 77K(192K)->77K(192K) Class: 3K(128K)->3K(128K)
[1,260s][info][gc             ] GC(46) Pause Young (Mixed) (G1 Evacuation Pause) 1702M->1599M(2048M) 29,827ms
[1,260s][info][gc,cpu         ] GC(46) User=0,52s Sys=0,00s Real=0,03s
[1,271s][info][gc,start       ] GC(47) Pause Young (Mixed) (G1 Evacuation Pause)
[1,271s][info][gc,task        ] GC(47) Using 18 workers of 18 for evacuation
[1,296s][info][gc,phases      ] GC(47)   Pre Evacuate Collection Set: 0,3ms
[1,296s][info][gc,phases      ] GC(47)   Merge Heap Roots: 0,1ms
[1,296s][info][gc,phases      ] GC(47)   Evacuate Collection Set: 24,7ms
[1,296s][info][gc,phases      ] GC(47)   Post Evacuate Collection Set: 0,3ms
[1,296s][info][gc,phases      ] GC(47)   Other: 0,1ms
[1,296s][info][gc,heap        ] GC(47) Eden regions: 83->0(73)
[1,296s][info][gc,heap        ] GC(47) Survivor regions: 15->13(13)
[1,296s][info][gc,heap        ] GC(47) Old regions: 785->812
[1,296s][info][gc,heap        ] GC(47) Humongous regions: 0->0
[1,296s][info][gc,metaspace   ] GC(47) Metaspace: 80K(320K)->80K(320K) NonClass: 77K(192K)->77K(192K) Class: 3K(128K)->3K(128K)
[1,296s][info][gc             ] GC(47) Pause Young (Mixed) (G1 Evacuation Pause) (Evacuation Failure) 1765M->1650M(2048M) 25,637ms
[1,296s][info][gc,cpu         ] GC(47) User=0,44s Sys=0,00s Real=0,03s
[1,306s][info][gc,start       ] GC(48) Pause Young (Mixed) (G1 Evacuation Pause)
[1,306s][info][gc,task        ] GC(48) Using 18 workers of 18 for evacuation
[1,328s][info][gc,phases      ] GC(48)   Pre Evacuate Collection Set: 0,2ms
[1,328s][info][gc,phases      ] GC(48)   Merge Heap Roots: 0,1ms
[1,328s][info][gc,phases      ] GC(48)   Evacuate Collection Set: 21,6ms
[1,328s][info][gc,phases      ] GC(48)   Post Evacuate Collection Set: 0,3ms
[1,328s][info][gc,phases      ] GC(48)   Other: 0,1ms
[1,328s][info][gc,heap        ] GC(48) Eden regions: 73->0(64)
[1,328s][info][gc,heap        ] GC(48) Survivor regions: 13->11(11)
[1,328s][info][gc,heap        ] GC(48) Old regions: 812->842
[1,328s][info][gc,heap        ] GC(48) Humongous regions: 0->0
[1,328s][info][gc,metaspace   ] GC(48) Metaspace: 80K(320K)->80K(320K) NonClass: 77K(192K)->77K(192K) Class: 3K(128K)->3K(128K)
[1,328s][info][gc             ] GC(48) Pause Young (Mixed) (G1 Evacuation Pause) (Evacuation Failure) 1795M->1706M(2048M) 22,445ms
[1,328s][info][gc,cpu         ] GC(48) User=0,38s Sys=0,01s Real=0,02s
[1,337s][info][gc,start       ] GC(49) Pause Young (Mixed) (G1 Evacuation Pause)
[1,337s][info][gc,task        ] GC(49) Using 18 workers of 18 for evacuation
[1,356s][info][gc,phases      ] GC(49)   Pre Evacuate Collection Set: 0,3ms
[1,356s][info][gc,phases      ] GC(49)   Merge Heap Roots: 0,1ms
[1,356s][info][gc,phases      ] GC(49)   Evacuate Collection Set: 18,3ms
[1,356s][info][gc,phases      ] GC(49)   Post Evacuate Collection Set: 0,5ms
[1,356s][info][gc,phases      ] GC(49)   Other: 0,1ms
[1,356s][info][gc,heap        ] GC(49) Eden regions: 64->0(47)
[1,356s][info][gc,heap        ] GC(49) Survivor regions: 11->9(10)
[1,356s][info][gc,heap        ] GC(49) Old regions: 842->899
[1,356s][info][gc,heap        ] GC(49) Humongous regions: 0->0
[1,356s][info][gc,metaspace   ] GC(49) Metaspace: 80K(320K)->80K(320K) NonClass: 77K(192K)->77K(192K) Class: 3K(128K)->3K(128K)
[1,356s][info][gc             ] GC(49) Pause Young (Mixed) (G1 Evacuation Pause) (Evacuation Failure) 1833M->1815M(2048M) 19,503ms
[1,356s][info][gc,cpu         ] GC(49) User=0,34s Sys=0,00s Real=0,02s
[1,362s][info][gc,start       ] GC(50) Pause Young (Mixed) (G1 Evacuation Pause)
[1,362s][info][gc,task        ] GC(50) Using 18 workers of 18 for evacuation
[1,374s][info][gc,phases      ] GC(50)   Pre Evacuate Collection Set: 0,2ms
[1,374s][info][gc,phases      ] GC(50)   Merge Heap Roots: 0,1ms
[1,374s][info][gc,phases      ] GC(50)   Evacuate Collection Set: 11,6ms
[1,374s][info][gc,phases      ] GC(50)   Post Evacuate Collection Set: 0,2ms
[1,374s][info][gc,phases      ] GC(50)   Other: 0,1ms
[1,374s][info][gc,heap        ] GC(50) Eden regions: 47->0(44)
[1,374s][info][gc,heap        ] GC(50) Survivor regions: 9->7(7)
[1,374s][info][gc,heap        ] GC(50) Old regions: 899->948
[1,374s][info][gc,heap        ] GC(50) Humongous regions: 0->0
[1,374s][info][gc,metaspace   ] GC(50) Metaspace: 80K(320K)->80K(320K) NonClass: 77K(192K)->77K(192K) Class: 3K(128K)->3K(128K)
[1,374s][info][gc             ] GC(50) Pause Young (Mixed) (G1 Evacuation Pause) 1909M->1908M(2048M) 12,286ms
[1,375s][info][gc,cpu         ] GC(50) User=0,21s Sys=0,00s Real=0,01s
[1,380s][info][gc,start       ] GC(51) Pause Young (Concurrent Start) (G1 Evacuation Pause)
[1,380s][info][gc,task        ] GC(51) Using 18 workers of 18 for evacuation
[1,386s][info][gc,phases      ] GC(51)   Pre Evacuate Collection Set: 0,3ms
[1,386s][info][gc,phases      ] GC(51)   Merge Heap Roots: 0,0ms
[1,386s][info][gc,phases      ] GC(51)   Evacuate Collection Set: 4,6ms
[1,386s][info][gc,phases      ] GC(51)   Post Evacuate Collection Set: 0,3ms
[1,386s][info][gc,phases      ] GC(51)   Other: 0,1ms
[1,386s][info][gc,heap        ] GC(51) Eden regions: 44->0(18)
[1,386s][info][gc,heap        ] GC(51) Survivor regions: 7->7(7)
[1,386s][info][gc,heap        ] GC(51) Old regions: 948->992
[1,386s][info][gc,heap        ] GC(51) Humongous regions: 0->0
[1,386s][info][gc,metaspace   ] GC(51) Metaspace: 80K(320K)->80K(320K) NonClass: 77K(192K)->77K(192K) Class: 3K(128K)->3K(128K)
[1,386s][info][gc             ] GC(51) Pause Young (Concurrent Start) (G1 Evacuation Pause) (Evacuation Failure) 1996M->1997M(2048M) 5,539ms
[1,386s][info][gc,cpu         ] GC(51) User=0,09s Sys=0,00s Real=0,01s
[1,386s][info][gc             ] GC(52) Concurrent Mark Cycle
[1,386s][info][gc,marking     ] GC(52) Concurrent Scan Root Regions
[1,386s][info][gc,marking     ] GC(52) Concurrent Scan Root Regions 0,044ms
[1,386s][info][gc,marking     ] GC(52) Concurrent Mark
[1,386s][info][gc,marking     ] GC(52) Concurrent Mark From Roots
[1,386s][info][gc,task        ] GC(52) Using 5 workers of 5 for marking
[1,388s][info][gc,marking     ] GC(52) Concurrent Mark From Roots 2,284ms
[1,388s][info][gc,marking     ] GC(52) Concurrent Preclean
[1,388s][info][gc,marking     ] GC(52) Concurrent Preclean 0,026ms
[1,388s][info][gc,start       ] GC(52) Pause Remark
[1,389s][info][gc             ] GC(52) Pause Remark 2018M->1416M(2048M) 0,674ms
[1,389s][info][gc,cpu         ] GC(52) User=0,00s Sys=0,00s Real=0,00s
[1,389s][info][gc,marking     ] GC(52) Concurrent Mark 3,267ms
[1,389s][info][gc,marking     ] GC(52) Concurrent Rebuild Remembered Sets and Scrub Regions
[1,390s][info][gc,start       ] GC(53) Pause Young (Normal) (G1 Evacuation Pause)
[1,390s][info][gc,task        ] GC(53) Using 18 workers of 18 for evacuation
[1,395s][info][gc,phases      ] GC(53)   Pre Evacuate Collection Set: 0,2ms
[1,395s][info][gc,phases      ] GC(53)   Merge Heap Roots: 0,0ms
[1,395s][info][gc,phases      ] GC(53)   Evacuate Collection Set: 4,4ms
[1,395s][info][gc,phases      ] GC(53)   Post Evacuate Collection Set: 0,2ms
[1,395s][info][gc,phases      ] GC(53)   Other: 0,1ms
[1,395s][info][gc,heap        ] GC(53) Eden regions: 18->0(125)
[1,395s][info][gc,heap        ] GC(53) Survivor regions: 7->4(4)
[1,395s][info][gc,heap        ] GC(53) Old regions: 691->712
[1,395s][info][gc,heap        ] GC(53) Humongous regions: 0->0
[1,395s][info][gc,metaspace   ] GC(53) Metaspace: 80K(320K)->80K(320K) NonClass: 77K(192K)->77K(192K) Class: 3K(128K)->3K(128K)
[1,395s][info][gc             ] GC(53) Pause Young (Normal) (G1 Evacuation Pause) 1431M->1430M(2048M) 5,046ms
[1,395s][info][gc,cpu         ] GC(53) User=0,08s Sys=0,00s Real=0,01s
[1,395s][info][gc,marking     ] GC(52) Concurrent Rebuild Remembered Sets and Scrub Regions 6,427ms
[1,396s][info][gc,start       ] GC(52) Pause Cleanup
[1,396s][info][gc             ] GC(52) Pause Cleanup 1432M->1432M(2048M) 0,600ms
[1,396s][info][gc,cpu         ] GC(52) User=0,00s Sys=0,00s Real=0,00s
[1,396s][info][gc,marking     ] GC(52) Concurrent Clear Claimed Marks
[1,396s][info][gc,marking     ] GC(52) Concurrent Clear Claimed Marks 0,017ms
[1,396s][info][gc,marking     ] GC(52) Concurrent Cleanup for Next Mark
[1,398s][info][gc,marking     ] GC(52) Concurrent Cleanup for Next Mark 1,256ms
[1,398s][info][gc             ] GC(52) Concurrent Mark Cycle 11,888ms
[1,413s][info][gc,start       ] GC(54) Pause Young (Prepare Mixed) (G1 Evacuation Pause)
[1,413s][info][gc,task        ] GC(54) Using 18 workers of 18 for evacuation
[1,436s][info][gc,phases      ] GC(54)   Pre Evacuate Collection Set: 0,2ms
[1,436s][info][gc,phases      ] GC(54)   Merge Heap Roots: 0,1ms
[1,436s][info][gc,phases      ] GC(54)   Evacuate Collection Set: 22,2ms
[1,436s][info][gc,phases      ] GC(54)   Post Evacuate Collection Set: 0,4ms
[1,436s][info][gc,phases      ] GC(54)   Other: 0,1ms
[1,436s][info][gc,heap        ] GC(54) Eden regions: 125->0(69)
[1,436s][info][gc,heap        ] GC(54) Survivor regions: 4->17(17)
[1,436s][info][gc,heap        ] GC(54) Old regions: 712->824
[1,436s][info][gc,heap        ] GC(54) Humongous regions: 0->0
[1,436s][info][gc,metaspace   ] GC(54) Metaspace: 80K(320K)->80K(320K) NonClass: 77K(192K)->77K(192K) Class: 3K(128K)->3K(128K)
[1,436s][info][gc             ] GC(54) Pause Young (Prepare Mixed) (G1 Evacuation Pause) 1680M->1680M(2048M) 23,098ms
[1,436s][info][gc,cpu         ] GC(54) User=0,40s Sys=0,01s Real=0,03s
[1,445s][info][gc,start       ] GC(55) Pause Young (Mixed) (G1 Evacuation Pause)
[1,446s][info][gc,task        ] GC(55) Using 18 workers of 18 for evacuation
[1,466s][info][gc,phases      ] GC(55)   Pre Evacuate Collection Set: 0,3ms
[1,466s][info][gc,phases      ] GC(55)   Merge Heap Roots: 0,1ms
[1,466s][info][gc,phases      ] GC(55)   Evacuate Collection Set: 19,9ms
[1,466s][info][gc,phases      ] GC(55)   Post Evacuate Collection Set: 0,4ms
[1,466s][info][gc,phases      ] GC(55)   Other: 0,1ms
[1,466s][info][gc,heap        ] GC(55) Eden regions: 69->0(67)
[1,466s][info][gc,heap        ] GC(55) Survivor regions: 17->11(11)
[1,466s][info][gc,heap        ] GC(55) Old regions: 824->838
[1,466s][info][gc,heap        ] GC(55) Humongous regions: 0->0
[1,466s][info][gc,metaspace   ] GC(55) Metaspace: 80K(320K)->80K(320K) NonClass: 77K(192K)->77K(192K) Class: 3K(128K)->3K(128K)
[1,466s][info][gc             ] GC(55) Pause Young (Mixed) (G1 Evacuation Pause) (Evacuation Failure) 1817M->1698M(2048M) 20,971ms
[1,466s][info][gc,cpu         ] GC(55) User=0,35s Sys=0,00s Real=0,02s
[1,476s][info][gc,start       ] GC(56) Pause Young (Mixed) (G1 Evacuation Pause)
[1,476s][info][gc,task        ] GC(56) Using 18 workers of 18 for evacuation
[1,495s][info][gc,phases      ] GC(56)   Pre Evacuate Collection Set: 0,3ms
[1,495s][info][gc,phases      ] GC(56)   Merge Heap Roots: 0,1ms
[1,495s][info][gc,phases      ] GC(56)   Evacuate Collection Set: 18,7ms
[1,495s][info][gc,phases      ] GC(56)   Post Evacuate Collection Set: 0,3ms
[1,495s][info][gc,phases      ] GC(56)   Other: 0,1ms
[1,495s][info][gc,heap        ] GC(56) Eden regions: 67->0(65)
[1,495s][info][gc,heap        ] GC(56) Survivor regions: 11->10(10)
[1,495s][info][gc,heap        ] GC(56) Old regions: 838->842
[1,495s][info][gc,heap        ] GC(56) Humongous regions: 0->0
[1,495s][info][gc,metaspace   ] GC(56) Metaspace: 80K(320K)->80K(320K) NonClass: 77K(192K)->77K(192K) Class: 3K(128K)->3K(128K)
[1,495s][info][gc             ] GC(56) Pause Young (Mixed) (G1 Evacuation Pause) (Evacuation Failure) 1831M->1704M(2048M) 19,608ms
[1,495s][info][gc,cpu         ] GC(56) User=0,33s Sys=0,01s Real=0,02s
[1,504s][info][gc,start       ] GC(57) Pause Young (Mixed) (G1 Evacuation Pause)
[1,504s][info][gc,task        ] GC(57) Using 18 workers of 18 for evacuation
[1,523s][info][gc,phases      ] GC(57)   Pre Evacuate Collection Set: 0,3ms
[1,523s][info][gc,phases      ] GC(57)   Merge Heap Roots: 0,1ms
[1,523s][info][gc,phases      ] GC(57)   Evacuate Collection Set: 18,5ms
[1,523s][info][gc,phases      ] GC(57)   Post Evacuate Collection Set: 0,4ms
[1,523s][info][gc,phases      ] GC(57)   Other: 0,1ms
[1,523s][info][gc,heap        ] GC(57) Eden regions: 65->0(57)
[1,523s][info][gc,heap        ] GC(57) Survivor regions: 10->10(10)
[1,523s][info][gc,heap        ] GC(57) Old regions: 842->873
[1,523s][info][gc,heap        ] GC(57) Humongous regions: 0->0
[1,523s][info][gc,metaspace   ] GC(57) Metaspace: 80K(320K)->80K(320K) NonClass: 77K(192K)->77K(192K) Class: 3K(128K)->3K(128K)
[1,523s][info][gc             ] GC(57) Pause Young (Mixed) (G1 Evacuation Pause) (Evacuation Failure) 1833M->1766M(2048M) 19,646ms
[1,524s][info][gc,cpu         ] GC(57) User=0,33s Sys=0,00s Real=0,02s
[1,531s][info][gc,start       ] GC(58) Pause Young (Mixed) (G1 Evacuation Pause)
[1,531s][info][gc,task        ] GC(58) Using 18 workers of 18 for evacuation
[1,546s][info][gc,phases      ] GC(58)   Pre Evacuate Collection Set: 0,3ms
[1,546s][info][gc,phases      ] GC(58)   Merge Heap Roots: 0,1ms
[1,546s][info][gc,phases      ] GC(58)   Evacuate Collection Set: 14,6ms
[1,546s][info][gc,phases      ] GC(58)   Post Evacuate Collection Set: 0,3ms
[1,546s][info][gc,phases      ] GC(58)   Other: 0,1ms
[1,546s][info][gc,heap        ] GC(58) Eden regions: 57->0(63)
[1,546s][info][gc,heap        ] GC(58) Survivor regions: 10->9(9)
[1,546s][info][gc,heap        ] GC(58) Old regions: 873->854
[1,546s][info][gc,heap        ] GC(58) Humongous regions: 0->0
[1,546s][info][gc,metaspace   ] GC(58) Metaspace: 80K(320K)->80K(320K) NonClass: 77K(192K)->77K(192K) Class: 3K(128K)->3K(128K)
[1,546s][info][gc             ] GC(58) Pause Young (Mixed) (G1 Evacuation Pause) (Evacuation Failure) 1879M->1726M(2048M) 15,605ms
[1,547s][info][gc,cpu         ] GC(58) User=0,26s Sys=0,00s Real=0,02s
[1,555s][info][gc,start       ] GC(59) Pause Young (Mixed) (G1 Evacuation Pause)
[1,555s][info][gc,task        ] GC(59) Using 18 workers of 18 for evacuation
[1,570s][info][gc,phases      ] GC(59)   Pre Evacuate Collection Set: 0,3ms
[1,570s][info][gc,phases      ] GC(59)   Merge Heap Roots: 0,1ms
[1,570s][info][gc,phases      ] GC(59)   Evacuate Collection Set: 14,6ms
[1,570s][info][gc,phases      ] GC(59)   Post Evacuate Collection Set: 0,2ms
[1,570s][info][gc,phases      ] GC(59)   Other: 0,1ms
[1,570s][info][gc,heap        ] GC(59) Eden regions: 63->0(55)
[1,570s][info][gc,heap        ] GC(59) Survivor regions: 9->9(9)
[1,570s][info][gc,heap        ] GC(59) Old regions: 854->869
[1,570s][info][gc,heap        ] GC(59) Humongous regions: 0->0
[1,570s][info][gc,metaspace   ] GC(59) Metaspace: 80K(320K)->80K(320K) NonClass: 77K(192K)->77K(192K) Class: 3K(128K)->3K(128K)
[1,570s][info][gc             ] GC(59) Pause Young (Mixed) (G1 Evacuation Pause) 1851M->1755M(2048M) 15,443ms
[1,570s][info][gc,cpu         ] GC(59) User=0,24s Sys=0,01s Real=0,02s
[1,577s][info][gc,start       ] GC(60) Pause Young (Concurrent Start) (G1 Evacuation Pause)
[1,577s][info][gc,task        ] GC(60) Using 18 workers of 18 for evacuation
[1,589s][info][gc,phases      ] GC(60)   Pre Evacuate Collection Set: 0,3ms
[1,589s][info][gc,phases      ] GC(60)   Merge Heap Roots: 0,0ms
[1,589s][info][gc,phases      ] GC(60)   Evacuate Collection Set: 11,3ms
[1,589s][info][gc,phases      ] GC(60)   Post Evacuate Collection Set: 0,2ms
[1,589s][info][gc,phases      ] GC(60)   Other: 0,1ms
[1,589s][info][gc,heap        ] GC(60) Eden regions: 55->0(43)
[1,589s][info][gc,heap        ] GC(60) Survivor regions: 9->8(8)
[1,589s][info][gc,heap        ] GC(60) Old regions: 869->925
[1,589s][info][gc,heap        ] GC(60) Humongous regions: 0->0
[1,589s][info][gc,metaspace   ] GC(60) Metaspace: 80K(320K)->80K(320K) NonClass: 77K(192K)->77K(192K) Class: 3K(128K)->3K(128K)
[1,589s][info][gc             ] GC(60) Pause Young (Concurrent Start) (G1 Evacuation Pause) 1864M->1864M(2048M) 12,126ms
[1,589s][info][gc,cpu         ] GC(60) User=0,20s Sys=0,01s Real=0,01s
[1,589s][info][gc             ] GC(61) Concurrent Mark Cycle
[1,590s][info][gc,marking     ] GC(61) Concurrent Scan Root Regions
[1,590s][info][gc,marking     ] GC(61) Concurrent Scan Root Regions 0,050ms
[1,590s][info][gc,marking     ] GC(61) Concurrent Mark
[1,590s][info][gc,marking     ] GC(61) Concurrent Mark From Roots
[1,590s][info][gc,task        ] GC(61) Using 5 workers of 5 for marking
[1,592s][info][gc,marking     ] GC(61) Concurrent Mark From Roots 2,345ms
[1,592s][info][gc,marking     ] GC(61) Concurrent Preclean
[1,592s][info][gc,marking     ] GC(61) Concurrent Preclean 0,021ms
[1,592s][info][gc,start       ] GC(61) Pause Remark
[1,593s][info][gc             ] GC(61) Pause Remark 1885M->1425M(2048M) 0,753ms
[1,593s][info][gc,cpu         ] GC(61) User=0,01s Sys=0,00s Real=0,00s
[1,593s][info][gc,marking     ] GC(61) Concurrent Mark 3,416ms
[1,593s][info][gc,marking     ] GC(61) Concurrent Rebuild Remembered Sets and Scrub Regions
[1,595s][info][gc,marking     ] GC(61) Concurrent Rebuild Remembered Sets and Scrub Regions 1,520ms
[1,595s][info][gc,start       ] GC(61) Pause Cleanup
[1,595s][info][gc             ] GC(61) Pause Cleanup 1449M->1449M(2048M) 0,702ms
[1,595s][info][gc,cpu         ] GC(61) User=0,00s Sys=0,00s Real=0,01s
[1,595s][info][gc,marking     ] GC(61) Concurrent Clear Claimed Marks
[1,595s][info][gc,marking     ] GC(61) Concurrent Clear Claimed Marks 0,032ms
[1,595s][info][gc,marking     ] GC(61) Concurrent Cleanup for Next Mark
[1,597s][info][gc,marking     ] GC(61) Concurrent Cleanup for Next Mark 1,638ms
[1,597s][info][gc             ] GC(61) Concurrent Mark Cycle 7,707ms
[1,599s][info][gc,start       ] GC(62) Pause Young (Prepare Mixed) (G1 Evacuation Pause)
[1,599s][info][gc,task        ] GC(62) Using 18 workers of 18 for evacuation
[1,609s][info][gc,phases      ] GC(62)   Pre Evacuate Collection Set: 0,2ms
[1,609s][info][gc,phases      ] GC(62)   Merge Heap Roots: 0,1ms
[1,609s][info][gc,phases      ] GC(62)   Evacuate Collection Set: 9,3ms
[1,609s][info][gc,phases      ] GC(62)   Post Evacuate Collection Set: 0,3ms
[1,609s][info][gc,phases      ] GC(62)   Other: 0,1ms
[1,609s][info][gc,heap        ] GC(62) Eden regions: 43->0(109)
[1,609s][info][gc,heap        ] GC(62) Survivor regions: 8->7(7)
[1,609s][info][gc,heap        ] GC(62) Old regions: 695->738
[1,609s][info][gc,heap        ] GC(62) Humongous regions: 0->0
[1,609s][info][gc,metaspace   ] GC(62) Metaspace: 80K(320K)->80K(320K) NonClass: 77K(192K)->77K(192K) Class: 3K(128K)->3K(128K)
[1,609s][info][gc             ] GC(62) Pause Young (Prepare Mixed) (G1 Evacuation Pause) 1490M->1489M(2048M) 10,115ms
[1,609s][info][gc,cpu         ] GC(62) User=0,16s Sys=0,01s Real=0,01s
[1,623s][info][gc,start       ] GC(63) Pause Young (Mixed) (G1 Evacuation Pause)
[1,623s][info][gc,task        ] GC(63) Using 18 workers of 18 for evacuation
[1,654s][info][gc,phases      ] GC(63)   Pre Evacuate Collection Set: 0,3ms
[1,654s][info][gc,phases      ] GC(63)   Merge Heap Roots: 0,1ms
[1,654s][info][gc,phases      ] GC(63)   Evacuate Collection Set: 29,5ms
[1,654s][info][gc,phases      ] GC(63)   Post Evacuate Collection Set: 0,3ms
[1,654s][info][gc,phases      ] GC(63)   Other: 0,1ms
[1,654s][info][gc,heap        ] GC(63) Eden regions: 109->0(81)
[1,654s][info][gc,heap        ] GC(63) Survivor regions: 7->15(15)
[1,654s][info][gc,heap        ] GC(63) Old regions: 738->793
[1,654s][info][gc,heap        ] GC(63) Humongous regions: 0->0
[1,654s][info][gc,metaspace   ] GC(63) Metaspace: 80K(320K)->80K(320K) NonClass: 77K(192K)->77K(192K) Class: 3K(128K)->3K(128K)
[1,654s][info][gc             ] GC(63) Pause Young (Mixed) (G1 Evacuation Pause) (Evacuation Failure) 1707M->1616M(2048M) 30,516ms
[1,654s][info][gc,cpu         ] GC(63) User=0,51s Sys=0,01s Real=0,03s
[1,665s][info][gc,start       ] GC(64) Pause Young (Mixed) (G1 Evacuation Pause)
[1,665s][info][gc,task        ] GC(64) Using 18 workers of 18 for evacuation
[1,689s][info][gc,phases      ] GC(64)   Pre Evacuate Collection Set: 0,3ms
[1,689s][info][gc,phases      ] GC(64)   Merge Heap Roots: 0,1ms
[1,689s][info][gc,phases      ] GC(64)   Evacuate Collection Set: 23,5ms
[1,689s][info][gc,phases      ] GC(64)   Post Evacuate Collection Set: 0,4ms
[1,689s][info][gc,phases      ] GC(64)   Other: 0,1ms
[1,689s][info][gc,heap        ] GC(64) Eden regions: 81->0(67)
[1,689s][info][gc,heap        ] GC(64) Survivor regions: 15->12(12)
[1,689s][info][gc,heap        ] GC(64) Old regions: 793->836
[1,689s][info][gc,heap        ] GC(64) Humongous regions: 0->0
[1,689s][info][gc,metaspace   ] GC(64) Metaspace: 80K(320K)->80K(320K) NonClass: 77K(192K)->77K(192K) Class: 3K(128K)->3K(128K)
[1,689s][info][gc             ] GC(64) Pause Young (Mixed) (G1 Evacuation Pause) (Evacuation Failure) 1777M->1696M(2048M) 24,583ms
[1,689s][info][gc,cpu         ] GC(64) User=0,42s Sys=0,01s Real=0,03s
[1,698s][info][gc,start       ] GC(65) Pause Young (Mixed) (G1 Evacuation Pause)
[1,698s][info][gc,task        ] GC(65) Using 18 workers of 18 for evacuation
[1,718s][info][gc,phases      ] GC(65)   Pre Evacuate Collection Set: 0,2ms
[1,718s][info][gc,phases      ] GC(65)   Merge Heap Roots: 0,1ms
[1,718s][info][gc,phases      ] GC(65)   Evacuate Collection Set: 18,9ms
[1,718s][info][gc,phases      ] GC(65)   Post Evacuate Collection Set: 0,4ms
[1,718s][info][gc,phases      ] GC(65)   Other: 0,1ms
[1,718s][info][gc,heap        ] GC(65) Eden regions: 67->0(62)
[1,718s][info][gc,heap        ] GC(65) Survivor regions: 12->10(10)
[1,718s][info][gc,heap        ] GC(65) Old regions: 836->859
[1,718s][info][gc,heap        ] GC(65) Humongous regions: 0->0
[1,718s][info][gc,metaspace   ] GC(65) Metaspace: 80K(320K)->80K(320K) NonClass: 77K(192K)->77K(192K) Class: 3K(128K)->3K(128K)
[1,718s][info][gc             ] GC(65) Pause Young (Mixed) (G1 Evacuation Pause) (Evacuation Failure) 1829M->1738M(2048M) 20,080ms
[1,718s][info][gc,cpu         ] GC(65) User=0,34s Sys=0,00s Real=0,02s
[1,726s][info][gc,start       ] GC(66) Pause Young (Mixed) (G1 Evacuation Pause)
[1,726s][info][gc,task        ] GC(66) Using 18 workers of 18 for evacuation
[1,743s][info][gc,phases      ] GC(66)   Pre Evacuate Collection Set: 0,2ms
[1,743s][info][gc,phases      ] GC(66)   Merge Heap Roots: 0,1ms
[1,743s][info][gc,phases      ] GC(66)   Evacuate Collection Set: 16,0ms
[1,743s][info][gc,phases      ] GC(66)   Post Evacuate Collection Set: 0,5ms
[1,743s][info][gc,phases      ] GC(66)   Other: 0,1ms
[1,743s][info][gc,heap        ] GC(66) Eden regions: 62->0(56)
[1,744s][info][gc,heap        ] GC(66) Survivor regions: 10->9(9)
[1,744s][info][gc,heap        ] GC(66) Old regions: 859->887
[1,744s][info][gc,heap        ] GC(66) Humongous regions: 0->0
[1,744s][info][gc,metaspace   ] GC(66) Metaspace: 80K(320K)->80K(320K) NonClass: 77K(192K)->77K(192K) Class: 3K(128K)->3K(128K)
[1,744s][info][gc             ] GC(66) Pause Young (Mixed) (G1 Evacuation Pause) (Evacuation Failure) 1861M->1792M(2048M) 17,301ms
[1,744s][info][gc,cpu         ] GC(66) User=0,29s Sys=0,00s Real=0,01s
[1,751s][info][gc,start       ] GC(67) Pause Young (Mixed) (G1 Evacuation Pause)
[1,751s][info][gc,task        ] GC(67) Using 18 workers of 18 for evacuation
[1,764s][info][gc,phases      ] GC(67)   Pre Evacuate Collection Set: 0,2ms
[1,764s][info][gc,phases      ] GC(67)   Merge Heap Roots: 0,1ms
[1,764s][info][gc,phases      ] GC(67)   Evacuate Collection Set: 12,6ms
[1,764s][info][gc,phases      ] GC(67)   Post Evacuate Collection Set: 0,3ms
[1,764s][info][gc,phases      ] GC(67)   Other: 0,1ms
[1,764s][info][gc,heap        ] GC(67) Eden regions: 56->0(42)
[1,764s][info][gc,heap        ] GC(67) Survivor regions: 9->9(9)
[1,764s][info][gc,heap        ] GC(67) Old regions: 887->931
[1,764s][info][gc,heap        ] GC(67) Humongous regions: 0->0
[1,764s][info][gc,metaspace   ] GC(67) Metaspace: 80K(320K)->80K(320K) NonClass: 77K(192K)->77K(192K) Class: 3K(128K)->3K(128K)
[1,764s][info][gc             ] GC(67) Pause Young (Mixed) (G1 Evacuation Pause) (Evacuation Failure) 1903M->1880M(2048M) 13,684ms
[1,764s][info][gc,cpu         ] GC(67) User=0,22s Sys=0,01s Real=0,01s
[1,770s][info][gc,start       ] GC(68) Pause Young (Concurrent Start) (G1 Evacuation Pause)
[1,770s][info][gc,task        ] GC(68) Using 18 workers of 18 for evacuation
[1,779s][info][gc,phases      ] GC(68)   Pre Evacuate Collection Set: 0,3ms
[1,779s][info][gc,phases      ] GC(68)   Merge Heap Roots: 0,1ms
[1,779s][info][gc,phases      ] GC(68)   Evacuate Collection Set: 7,7ms
[1,779s][info][gc,phases      ] GC(68)   Post Evacuate Collection Set: 0,3ms
[1,779s][info][gc,phases      ] GC(68)   Other: 0,1ms
[1,779s][info][gc,heap        ] GC(68) Eden regions: 42->0(35)
[1,779s][info][gc,heap        ] GC(68) Survivor regions: 9->7(7)
[1,779s][info][gc,heap        ] GC(68) Old regions: 931->975
[1,779s][info][gc,heap        ] GC(68) Humongous regions: 0->0
[1,779s][info][gc,metaspace   ] GC(68) Metaspace: 80K(320K)->80K(320K) NonClass: 77K(192K)->77K(192K) Class: 3K(128K)->3K(128K)
[1,779s][info][gc             ] GC(68) Pause Young (Concurrent Start) (G1 Evacuation Pause) (Evacuation Failure) 1963M->1964M(2048M) 8,720ms
[1,779s][info][gc,cpu         ] GC(68) User=0,13s Sys=0,00s Real=0,01s
[1,779s][info][gc             ] GC(69) Concurrent Mark Cycle
[1,779s][info][gc,marking     ] GC(69) Concurrent Scan Root Regions
[1,779s][info][gc,marking     ] GC(69) Concurrent Scan Root Regions 0,049ms
[1,779s][info][gc,marking     ] GC(69) Concurrent Mark
[1,779s][info][gc,marking     ] GC(69) Concurrent Mark From Roots
[1,779s][info][gc,task        ] GC(69) Using 5 workers of 5 for marking
[1,782s][info][gc,marking     ] GC(69) Concurrent Mark From Roots 2,891ms
[1,782s][info][gc,marking     ] GC(69) Concurrent Preclean
[1,782s][info][gc,marking     ] GC(69) Concurrent Preclean 0,018ms
[1,782s][info][gc,start       ] GC(69) Pause Remark
[1,783s][info][gc             ] GC(69) Pause Remark 1988M->1418M(2048M) 0,901ms
[1,783s][info][gc,cpu         ] GC(69) User=0,01s Sys=0,00s Real=0,00s
[1,783s][info][gc,marking     ] GC(69) Concurrent Mark 4,102ms
[1,783s][info][gc,marking     ] GC(69) Concurrent Rebuild Remembered Sets and Scrub Regions
[1,785s][info][gc,marking     ] GC(69) Concurrent Rebuild Remembered Sets and Scrub Regions 1,908ms
[1,785s][info][gc,start       ] GC(69) Pause Cleanup
[1,786s][info][gc             ] GC(69) Pause Cleanup 1447M->1447M(2048M) 0,757ms
[1,786s][info][gc,cpu         ] GC(69) User=0,01s Sys=0,00s Real=0,00s
[1,786s][info][gc,marking     ] GC(69) Concurrent Clear Claimed Marks
[1,786s][info][gc,marking     ] GC(69) Concurrent Clear Claimed Marks 0,040ms
[1,786s][info][gc,marking     ] GC(69) Concurrent Cleanup for Next Mark
[1,788s][info][gc,marking     ] GC(69) Concurrent Cleanup for Next Mark 1,632ms
[1,788s][info][gc             ] GC(69) Concurrent Mark Cycle 8,882ms
[1,788s][info][gc,start       ] GC(70) Pause Young (Prepare Mixed) (G1 Evacuation Pause)
[1,788s][info][gc,task        ] GC(70) Using 18 workers of 18 for evacuation
[1,797s][info][gc,phases      ] GC(70)   Pre Evacuate Collection Set: 0,2ms
[1,797s][info][gc,phases      ] GC(70)   Merge Heap Roots: 0,1ms
[1,797s][info][gc,phases      ] GC(70)   Evacuate Collection Set: 7,7ms
[1,797s][info][gc,phases      ] GC(70)   Post Evacuate Collection Set: 0,4ms
[1,797s][info][gc,phases      ] GC(70)   Other: 0,1ms
[1,797s][info][gc,heap        ] GC(70) Eden regions: 35->0(119)
[1,797s][info][gc,heap        ] GC(70) Survivor regions: 7->6(6)
[1,797s][info][gc,heap        ] GC(70) Old regions: 690->726
[1,797s][info][gc,heap        ] GC(70) Humongous regions: 0->0
[1,797s][info][gc,metaspace   ] GC(70) Metaspace: 80K(320K)->80K(320K) NonClass: 77K(192K)->77K(192K) Class: 3K(128K)->3K(128K)
[1,797s][info][gc             ] GC(70) Pause Young (Prepare Mixed) (G1 Evacuation Pause) 1463M->1463M(2048M) 8,799ms
[1,797s][info][gc,cpu         ] GC(70) User=0,14s Sys=0,00s Real=0,01s
[1,814s][info][gc,start       ] GC(71) Pause Young (Mixed) (G1 Evacuation Pause)
[1,814s][info][gc,task        ] GC(71) Using 18 workers of 18 for evacuation
[1,844s][info][gc,phases      ] GC(71)   Pre Evacuate Collection Set: 0,3ms
[1,844s][info][gc,phases      ] GC(71)   Merge Heap Roots: 0,1ms
[1,844s][info][gc,phases      ] GC(71)   Evacuate Collection Set: 28,9ms
[1,844s][info][gc,phases      ] GC(71)   Post Evacuate Collection Set: 0,4ms
[1,844s][info][gc,phases      ] GC(71)   Other: 0,1ms
[1,844s][info][gc,heap        ] GC(71) Eden regions: 119->0(89)
[1,844s][info][gc,heap        ] GC(71) Survivor regions: 6->16(16)
[1,844s][info][gc,heap        ] GC(71) Old regions: 726->776
[1,844s][info][gc,heap        ] GC(71) Humongous regions: 0->0
[1,844s][info][gc,metaspace   ] GC(71) Metaspace: 80K(320K)->80K(320K) NonClass: 77K(192K)->77K(192K) Class: 3K(128K)->3K(128K)
[1,844s][info][gc             ] GC(71) Pause Young (Mixed) (G1 Evacuation Pause) 1700M->1582M(2048M) 30,109ms
[1,844s][info][gc,cpu         ] GC(71) User=0,51s Sys=0,01s Real=0,03s
[1,859s][info][gc,start       ] GC(72) Pause Young (Mixed) (G1 Evacuation Pause)
[1,859s][info][gc,task        ] GC(72) Using 18 workers of 18 for evacuation
[1,884s][info][gc,phases      ] GC(72)   Pre Evacuate Collection Set: 0,3ms
[1,884s][info][gc,phases      ] GC(72)   Merge Heap Roots: 0,1ms
[1,884s][info][gc,phases      ] GC(72)   Evacuate Collection Set: 24,8ms
[1,884s][info][gc,phases      ] GC(72)   Post Evacuate Collection Set: 0,4ms
[1,884s][info][gc,phases      ] GC(72)   Other: 0,1ms
[1,884s][info][gc,heap        ] GC(72) Eden regions: 89->0(77)
[1,884s][info][gc,heap        ] GC(72) Survivor regions: 16->14(14)
[1,884s][info][gc,heap        ] GC(72) Old regions: 776->804
[1,884s][info][gc,heap        ] GC(72) Humongous regions: 0->0
[1,884s][info][gc,metaspace   ] GC(72) Metaspace: 80K(320K)->80K(320K) NonClass: 77K(192K)->77K(192K) Class: 3K(128K)->3K(128K)
[1,885s][info][gc             ] GC(72) Pause Young (Mixed) (G1 Evacuation Pause) (Evacuation Failure) 1760M->1636M(2048M) 25,957ms
[1,885s][info][gc,cpu         ] GC(72) User=0,44s Sys=0,01s Real=0,02s
[1,897s][info][gc,start       ] GC(73) Pause Young (Mixed) (G1 Evacuation Pause)
[1,897s][info][gc,task        ] GC(73) Using 18 workers of 18 for evacuation
[1,920s][info][gc,phases      ] GC(73)   Pre Evacuate Collection Set: 0,3ms
[1,920s][info][gc,phases      ] GC(73)   Merge Heap Roots: 0,1ms
[1,920s][info][gc,phases      ] GC(73)   Evacuate Collection Set: 22,2ms
[1,920s][info][gc,phases      ] GC(73)   Post Evacuate Collection Set: 0,4ms
[1,920s][info][gc,phases      ] GC(73)   Other: 0,1ms
[1,920s][info][gc,heap        ] GC(73) Eden regions: 77->0(66)
[1,920s][info][gc,heap        ] GC(73) Survivor regions: 14->12(12)
[1,920s][info][gc,heap        ] GC(73) Old regions: 804->837
[1,920s][info][gc,heap        ] GC(73) Humongous regions: 0->0
[1,920s][info][gc,metaspace   ] GC(73) Metaspace: 80K(320K)->80K(320K) NonClass: 77K(192K)->77K(192K) Class: 3K(128K)->3K(128K)
[1,920s][info][gc             ] GC(73) Pause Young (Mixed) (G1 Evacuation Pause) (Evacuation Failure) 1789M->1698M(2048M) 23,350ms
[1,920s][info][gc,cpu         ] GC(73) User=0,40s Sys=0,00s Real=0,02s
[1,931s][info][gc,start       ] GC(74) Pause Young (Mixed) (G1 Evacuation Pause)
[1,931s][info][gc,task        ] GC(74) Using 18 workers of 18 for evacuation
[1,951s][info][gc,phases      ] GC(74)   Pre Evacuate Collection Set: 0,3ms
[1,951s][info][gc,phases      ] GC(74)   Merge Heap Roots: 0,1ms
[1,951s][info][gc,phases      ] GC(74)   Evacuate Collection Set: 18,8ms
[1,951s][info][gc,phases      ] GC(74)   Post Evacuate Collection Set: 0,4ms
[1,951s][info][gc,phases      ] GC(74)   Other: 0,1ms
[1,951s][info][gc,heap        ] GC(74) Eden regions: 66->0(65)
[1,951s][info][gc,heap        ] GC(74) Survivor regions: 12->10(10)
[1,951s][info][gc,heap        ] GC(74) Old regions: 837->845
[1,951s][info][gc,heap        ] GC(74) Humongous regions: 0->0
[1,951s][info][gc,metaspace   ] GC(74) Metaspace: 80K(320K)->80K(320K) NonClass: 77K(192K)->77K(192K) Class: 3K(128K)->3K(128K)
[1,951s][info][gc             ] GC(74) Pause Young (Mixed) (G1 Evacuation Pause) (Evacuation Failure) 1829M->1710M(2048M) 19,846ms
[1,951s][info][gc,cpu         ] GC(74) User=0,34s Sys=0,00s Real=0,02s
[1,961s][info][gc,start       ] GC(75) Pause Young (Mixed) (G1 Evacuation Pause)
[1,961s][info][gc,task        ] GC(75) Using 18 workers of 18 for evacuation
[1,976s][info][gc,phases      ] GC(75)   Pre Evacuate Collection Set: 0,2ms
[1,976s][info][gc,phases      ] GC(75)   Merge Heap Roots: 0,1ms
[1,976s][info][gc,phases      ] GC(75)   Evacuate Collection Set: 14,2ms
[1,976s][info][gc,phases      ] GC(75)   Post Evacuate Collection Set: 0,3ms
[1,976s][info][gc,phases      ] GC(75)   Other: 0,1ms
[1,976s][info][gc,heap        ] GC(75) Eden regions: 65->0(53)
[1,976s][info][gc,heap        ] GC(75) Survivor regions: 10->10(10)
[1,976s][info][gc,heap        ] GC(75) Old regions: 845->872
[1,976s][info][gc,heap        ] GC(75) Humongous regions: 0->0
[1,976s][info][gc,metaspace   ] GC(75) Metaspace: 80K(320K)->80K(320K) NonClass: 77K(192K)->77K(192K) Class: 3K(128K)->3K(128K)
[1,976s][info][gc             ] GC(75) Pause Young (Mixed) (G1 Evacuation Pause) 1839M->1763M(2048M) 15,172ms
[1,976s][info][gc,cpu         ] GC(75) User=0,25s Sys=0,00s Real=0,02s
[1,984s][info][gc,start       ] GC(76) Pause Young (Concurrent Start) (G1 Evacuation Pause)
[1,985s][info][gc,task        ] GC(76) Using 18 workers of 18 for evacuation
[1,997s][info][gc,phases      ] GC(76)   Pre Evacuate Collection Set: 0,4ms
[1,997s][info][gc,phases      ] GC(76)   Merge Heap Roots: 0,1ms
[1,997s][info][gc,phases      ] GC(76)   Evacuate Collection Set: 11,1ms
[1,997s][info][gc,phases      ] GC(76)   Post Evacuate Collection Set: 0,3ms
[1,997s][info][gc,phases      ] GC(76)   Other: 0,1ms
[1,997s][info][gc,heap        ] GC(76) Eden regions: 53->0(43)
[1,997s][info][gc,heap        ] GC(76) Survivor regions: 10->8(8)
[1,997s][info][gc,heap        ] GC(76) Old regions: 872->927
[1,997s][info][gc,heap        ] GC(76) Humongous regions: 0->0
[1,997s][info][gc,metaspace   ] GC(76) Metaspace: 80K(320K)->80K(320K) NonClass: 77K(192K)->77K(192K) Class: 3K(128K)->3K(128K)
[1,997s][info][gc             ] GC(76) Pause Young (Concurrent Start) (G1 Evacuation Pause) 1868M->1868M(2048M) 12,223ms
[1,997s][info][gc,cpu         ] GC(76) User=0,20s Sys=0,00s Real=0,02s
[1,997s][info][gc             ] GC(77) Concurrent Mark Cycle
[1,997s][info][gc,marking     ] GC(77) Concurrent Scan Root Regions
[1,997s][info][gc,marking     ] GC(77) Concurrent Scan Root Regions 0,082ms
[1,997s][info][gc,marking     ] GC(77) Concurrent Mark
[1,997s][info][gc,marking     ] GC(77) Concurrent Mark From Roots
[1,997s][info][gc,task        ] GC(77) Using 5 workers of 5 for marking
[2,000s][info][gc,marking     ] GC(77) Concurrent Mark From Roots 3,099ms
[2,000s][info][gc,marking     ] GC(77) Concurrent Preclean
[2,000s][info][gc,marking     ] GC(77) Concurrent Preclean 0,020ms
[2,000s][info][gc,start       ] GC(77) Pause Remark
[2,001s][info][gc             ] GC(77) Pause Remark 1893M->1437M(2048M) 0,902ms
[2,001s][info][gc,cpu         ] GC(77) User=0,00s Sys=0,00s Real=0,00s
[2,001s][info][gc,marking     ] GC(77) Concurrent Mark 4,351ms
[2,001s][info][gc,marking     ] GC(77) Concurrent Rebuild Remembered Sets and Scrub Regions
[2,004s][info][gc,marking     ] GC(77) Concurrent Rebuild Remembered Sets and Scrub Regions 2,377ms
[2,004s][info][gc,start       ] GC(77) Pause Cleanup
[2,005s][info][gc             ] GC(77) Pause Cleanup 1469M->1469M(2048M) 0,708ms
[2,005s][info][gc,cpu         ] GC(77) User=0,00s Sys=0,00s Real=0,00s
[2,005s][info][gc,marking     ] GC(77) Concurrent Clear Claimed Marks
[2,005s][info][gc,marking     ] GC(77) Concurrent Clear Claimed Marks 0,052ms
[2,005s][info][gc,marking     ] GC(77) Concurrent Cleanup for Next Mark
[2,007s][info][gc,marking     ] GC(77) Concurrent Cleanup for Next Mark 1,730ms
[2,007s][info][gc             ] GC(77) Concurrent Mark Cycle 9,872ms
[2,008s][info][gc,start       ] GC(78) Pause Young (Prepare Mixed) (G1 Evacuation Pause)
[2,008s][info][gc,task        ] GC(78) Using 18 workers of 18 for evacuation
[2,018s][info][gc,phases      ] GC(78)   Pre Evacuate Collection Set: 0,2ms
[2,018s][info][gc,phases      ] GC(78)   Merge Heap Roots: 0,1ms
[2,018s][info][gc,phases      ] GC(78)   Evacuate Collection Set: 9,2ms
[2,018s][info][gc,phases      ] GC(78)   Post Evacuate Collection Set: 0,4ms
[2,018s][info][gc,phases      ] GC(78)   Other: 0,1ms
[2,018s][info][gc,heap        ] GC(78) Eden regions: 43->0(108)
[2,018s][info][gc,heap        ] GC(78) Survivor regions: 8->7(7)
[2,018s][info][gc,heap        ] GC(78) Old regions: 699->742
[2,018s][info][gc,heap        ] GC(78) Humongous regions: 0->0
[2,018s][info][gc,metaspace   ] GC(78) Metaspace: 80K(320K)->80K(320K) NonClass: 77K(192K)->77K(192K) Class: 3K(128K)->3K(128K)
[2,018s][info][gc             ] GC(78) Pause Young (Prepare Mixed) (G1 Evacuation Pause) 1498M->1497M(2048M) 10,308ms
[2,018s][info][gc,cpu         ] GC(78) User=0,16s Sys=0,00s Real=0,01s
[2,035s][info][gc,start       ] GC(79) Pause Young (Mixed) (G1 Evacuation Pause)
[2,036s][info][gc,task        ] GC(79) Using 18 workers of 18 for evacuation
[2,065s][info][gc,phases      ] GC(79)   Pre Evacuate Collection Set: 0,3ms
[2,065s][info][gc,phases      ] GC(79)   Merge Heap Roots: 0,1ms
[2,065s][info][gc,phases      ] GC(79)   Evacuate Collection Set: 28,2ms
[2,065s][info][gc,phases      ] GC(79)   Post Evacuate Collection Set: 0,4ms
[2,065s][info][gc,phases      ] GC(79)   Other: 0,1ms
[2,065s][info][gc,heap        ] GC(79) Eden regions: 108->0(82)
[2,065s][info][gc,heap        ] GC(79) Survivor regions: 7->15(15)
[2,065s][info][gc,heap        ] GC(79) Old regions: 742->789
[2,065s][info][gc,heap        ] GC(79) Humongous regions: 0->0
[2,065s][info][gc,metaspace   ] GC(79) Metaspace: 80K(320K)->80K(320K) NonClass: 77K(192K)->77K(192K) Class: 3K(128K)->3K(128K)
[2,065s][info][gc             ] GC(79) Pause Young (Mixed) (G1 Evacuation Pause) 1713M->1606M(2048M) 29,551ms
[2,065s][info][gc,cpu         ] GC(79) User=0,50s Sys=0,00s Real=0,03s
[2,078s][info][gc,start       ] GC(80) Pause Young (Mixed) (G1 Evacuation Pause)
[2,078s][info][gc,task        ] GC(80) Using 18 workers of 18 for evacuation
[2,103s][info][gc,phases      ] GC(80)   Pre Evacuate Collection Set: 0,3ms
[2,103s][info][gc,phases      ] GC(80)   Merge Heap Roots: 0,1ms
[2,103s][info][gc,phases      ] GC(80)   Evacuate Collection Set: 23,9ms
[2,103s][info][gc,phases      ] GC(80)   Post Evacuate Collection Set: 0,5ms
[2,103s][info][gc,phases      ] GC(80)   Other: 0,1ms
[2,103s][info][gc,heap        ] GC(80) Eden regions: 82->0(67)
[2,103s][info][gc,heap        ] GC(80) Survivor regions: 15->13(13)
[2,103s][info][gc,heap        ] GC(80) Old regions: 789->835
[2,103s][info][gc,heap        ] GC(80) Humongous regions: 0->0
[2,103s][info][gc,metaspace   ] GC(80) Metaspace: 80K(320K)->80K(320K) NonClass: 77K(192K)->77K(192K) Class: 3K(128K)->3K(128K)
[2,103s][info][gc             ] GC(80) Pause Young (Mixed) (G1 Evacuation Pause) (Evacuation Failure) 1770M->1696M(2048M) 25,274ms
[2,103s][info][gc,cpu         ] GC(80) User=0,43s Sys=0,00s Real=0,02s
[2,114s][info][gc,start       ] GC(81) Pause Young (Mixed) (G1 Evacuation Pause)
[2,114s][info][gc,task        ] GC(81) Using 18 workers of 18 for evacuation
[2,134s][info][gc,phases      ] GC(81)   Pre Evacuate Collection Set: 0,3ms
[2,134s][info][gc,phases      ] GC(81)   Merge Heap Roots: 0,1ms
[2,134s][info][gc,phases      ] GC(81)   Evacuate Collection Set: 18,9ms
[2,134s][info][gc,phases      ] GC(81)   Post Evacuate Collection Set: 0,3ms
[2,134s][info][gc,phases      ] GC(81)   Other: 0,1ms
[2,134s][info][gc,heap        ] GC(81) Eden regions: 67->0(67)
[2,134s][info][gc,heap        ] GC(81) Survivor regions: 13->10(10)
[2,134s][info][gc,heap        ] GC(81) Old regions: 835->838
[2,134s][info][gc,heap        ] GC(81) Humongous regions: 0->0
[2,134s][info][gc,metaspace   ] GC(81) Metaspace: 80K(320K)->80K(320K) NonClass: 77K(192K)->77K(192K) Class: 3K(128K)->3K(128K)
[2,134s][info][gc             ] GC(81) Pause Young (Mixed) (G1 Evacuation Pause) (Evacuation Failure) 1829M->1696M(2048M) 20,026ms
[2,134s][info][gc,cpu         ] GC(81) User=0,35s Sys=0,00s Real=0,02s
[2,145s][info][gc,start       ] GC(82) Pause Young (Mixed) (G1 Evacuation Pause)
[2,145s][info][gc,task        ] GC(82) Using 18 workers of 18 for evacuation
[2,165s][info][gc,phases      ] GC(82)   Pre Evacuate Collection Set: 0,3ms
[2,165s][info][gc,phases      ] GC(82)   Merge Heap Roots: 0,1ms
[2,165s][info][gc,phases      ] GC(82)   Evacuate Collection Set: 18,6ms
[2,165s][info][gc,phases      ] GC(82)   Post Evacuate Collection Set: 0,5ms
[2,165s][info][gc,phases      ] GC(82)   Other: 0,1ms
[2,165s][info][gc,heap        ] GC(82) Eden regions: 67->0(60)
[2,165s][info][gc,heap        ] GC(82) Survivor regions: 10->10(10)
[2,165s][info][gc,heap        ] GC(82) Old regions: 838->863
[2,165s][info][gc,heap        ] GC(82) Humongous regions: 0->0
[2,165s][info][gc,metaspace   ] GC(82) Metaspace: 80K(320K)->80K(320K) NonClass: 77K(192K)->77K(192K) Class: 3K(128K)->3K(128K)
[2,165s][info][gc             ] GC(82) Pause Young (Mixed) (G1 Evacuation Pause) (Evacuation Failure) 1829M->1746M(2048M) 19,988ms
[2,165s][info][gc,cpu         ] GC(82) User=0,33s Sys=0,01s Real=0,02s
[2,174s][info][gc,start       ] GC(83) Pause Young (Mixed) (G1 Evacuation Pause)
[2,175s][info][gc,task        ] GC(83) Using 18 workers of 18 for evacuation
[2,189s][info][gc,phases      ] GC(83)   Pre Evacuate Collection Set: 0,3ms
[2,189s][info][gc,phases      ] GC(83)   Merge Heap Roots: 0,1ms
[2,189s][info][gc,phases      ] GC(83)   Evacuate Collection Set: 14,1ms
[2,190s][info][gc,phases      ] GC(83)   Post Evacuate Collection Set: 0,3ms
[2,190s][info][gc,phases      ] GC(83)   Other: 0,1ms
[2,190s][info][gc,heap        ] GC(83) Eden regions: 60->0(43)
[2,190s][info][gc,heap        ] GC(83) Survivor regions: 10->9(9)
[2,190s][info][gc,heap        ] GC(83) Old regions: 863->903
[2,190s][info][gc,heap        ] GC(83) Humongous regions: 0->0
[2,190s][info][gc,metaspace   ] GC(83) Metaspace: 80K(320K)->80K(320K) NonClass: 77K(192K)->77K(192K) Class: 3K(128K)->3K(128K)
[2,190s][info][gc             ] GC(83) Pause Young (Mixed) (G1 Evacuation Pause) 1865M->1823M(2048M) 15,199ms
[2,190s][info][gc,cpu         ] GC(83) User=0,25s Sys=0,00s Real=0,02s
[2,196s][info][gc,start       ] GC(84) Pause Young (Concurrent Start) (G1 Evacuation Pause)
[2,196s][info][gc,task        ] GC(84) Using 18 workers of 18 for evacuation
[2,206s][info][gc,phases      ] GC(84)   Pre Evacuate Collection Set: 0,3ms
[2,206s][info][gc,phases      ] GC(84)   Merge Heap Roots: 0,1ms
[2,206s][info][gc,phases      ] GC(84)   Evacuate Collection Set: 9,4ms
[2,206s][info][gc,phases      ] GC(84)   Post Evacuate Collection Set: 0,2ms
[2,206s][info][gc,phases      ] GC(84)   Other: 0,1ms
[2,206s][info][gc,heap        ] GC(84) Eden regions: 43->0(44)
[2,206s][info][gc,heap        ] GC(84) Survivor regions: 9->7(7)
[2,206s][info][gc,heap        ] GC(84) Old regions: 903->948
[2,206s][info][gc,heap        ] GC(84) Humongous regions: 0->0
[2,206s][info][gc,metaspace   ] GC(84) Metaspace: 80K(320K)->80K(320K) NonClass: 77K(192K)->77K(192K) Class: 3K(128K)->3K(128K)
[2,206s][info][gc             ] GC(84) Pause Young (Concurrent Start) (G1 Evacuation Pause) 1908M->1908M(2048M) 10,355ms
[2,206s][info][gc,cpu         ] GC(84) User=0,16s Sys=0,00s Real=0,01s
[2,206s][info][gc             ] GC(85) Concurrent Mark Cycle
[2,207s][info][gc,marking     ] GC(85) Concurrent Scan Root Regions
[2,207s][info][gc,marking     ] GC(85) Concurrent Scan Root Regions 0,047ms
[2,207s][info][gc,marking     ] GC(85) Concurrent Mark
[2,207s][info][gc,marking     ] GC(85) Concurrent Mark From Roots
[2,207s][info][gc,task        ] GC(85) Using 5 workers of 5 for marking
[2,210s][info][gc,marking     ] GC(85) Concurrent Mark From Roots 2,989ms
[2,210s][info][gc,marking     ] GC(85) Concurrent Preclean
[2,210s][info][gc,marking     ] GC(85) Concurrent Preclean 0,035ms
[2,210s][info][gc,start       ] GC(85) Pause Remark
[2,211s][info][gc             ] GC(85) Pause Remark 1933M->1427M(2048M) 0,872ms
[2,211s][info][gc,cpu         ] GC(85) User=0,00s Sys=0,00s Real=0,00s
[2,211s][info][gc,marking     ] GC(85) Concurrent Mark 4,125ms
[2,211s][info][gc,marking     ] GC(85) Concurrent Rebuild Remembered Sets and Scrub Regions
[2,213s][info][gc,marking     ] GC(85) Concurrent Rebuild Remembered Sets and Scrub Regions 2,223ms
[2,213s][info][gc,start       ] GC(85) Pause Cleanup
[2,214s][info][gc             ] GC(85) Pause Cleanup 1459M->1459M(2048M) 0,812ms
[2,214s][info][gc,cpu         ] GC(85) User=0,00s Sys=0,00s Real=0,00s
[2,214s][info][gc,marking     ] GC(85) Concurrent Clear Claimed Marks
[2,214s][info][gc,marking     ] GC(85) Concurrent Clear Claimed Marks 0,049ms
[2,214s][info][gc,marking     ] GC(85) Concurrent Cleanup for Next Mark
[2,216s][info][gc,marking     ] GC(85) Concurrent Cleanup for Next Mark 1,748ms
[2,216s][info][gc             ] GC(85) Concurrent Mark Cycle 9,515ms
[2,217s][info][gc,start       ] GC(86) Pause Young (Prepare Mixed) (G1 Evacuation Pause)
[2,217s][info][gc,task        ] GC(86) Using 18 workers of 18 for evacuation
[2,227s][info][gc,phases      ] GC(86)   Pre Evacuate Collection Set: 0,3ms
[2,227s][info][gc,phases      ] GC(86)   Merge Heap Roots: 0,1ms
[2,227s][info][gc,phases      ] GC(86)   Evacuate Collection Set: 9,4ms
[2,227s][info][gc,phases      ] GC(86)   Post Evacuate Collection Set: 0,4ms
[2,228s][info][gc,phases      ] GC(86)   Other: 0,1ms
[2,228s][info][gc,heap        ] GC(86) Eden regions: 44->0(110)
[2,228s][info][gc,heap        ] GC(86) Survivor regions: 7->7(7)
[2,228s][info][gc,heap        ] GC(86) Old regions: 695->738
[2,228s][info][gc,heap        ] GC(86) Humongous regions: 0->0
[2,228s][info][gc,metaspace   ] GC(86) Metaspace: 80K(320K)->80K(320K) NonClass: 77K(192K)->77K(192K) Class: 3K(128K)->3K(128K)
[2,228s][info][gc             ] GC(86) Pause Young (Prepare Mixed) (G1 Evacuation Pause) 1490M->1489M(2048M) 10,559ms
[2,228s][info][gc,cpu         ] GC(86) User=0,17s Sys=0,00s Real=0,01s
[2,243s][info][gc,start       ] GC(87) Pause Young (Mixed) (G1 Evacuation Pause)
[2,243s][info][gc,task        ] GC(87) Using 18 workers of 18 for evacuation
[2,273s][info][gc,phases      ] GC(87)   Pre Evacuate Collection Set: 0,3ms
[2,273s][info][gc,phases      ] GC(87)   Merge Heap Roots: 0,1ms
[2,273s][info][gc,phases      ] GC(87)   Evacuate Collection Set: 29,0ms
[2,273s][info][gc,phases      ] GC(87)   Post Evacuate Collection Set: 0,4ms
[2,273s][info][gc,phases      ] GC(87)   Other: 0,1ms
[2,273s][info][gc,heap        ] GC(87) Eden regions: 110->0(81)
[2,273s][info][gc,heap        ] GC(87) Survivor regions: 7->15(15)
[2,273s][info][gc,heap        ] GC(87) Old regions: 738->796
[2,273s][info][gc,heap        ] GC(87) Humongous regions: 0->0
[2,273s][info][gc,metaspace   ] GC(87) Metaspace: 80K(320K)->80K(320K) NonClass: 77K(192K)->77K(192K) Class: 3K(128K)->3K(128K)
[2,273s][info][gc             ] GC(87) Pause Young (Mixed) (G1 Evacuation Pause) (Evacuation Failure) 1709M->1622M(2048M) 30,241ms
[2,273s][info][gc,cpu         ] GC(87) User=0,52s Sys=0,01s Real=0,03s
[2,284s][info][gc,start       ] GC(88) Pause Young (Mixed) (G1 Evacuation Pause)
[2,284s][info][gc,task        ] GC(88) Using 18 workers of 18 for evacuation
[2,308s][info][gc,phases      ] GC(88)   Pre Evacuate Collection Set: 0,3ms
[2,308s][info][gc,phases      ] GC(88)   Merge Heap Roots: 0,1ms
[2,308s][info][gc,phases      ] GC(88)   Evacuate Collection Set: 22,8ms
[2,308s][info][gc,phases      ] GC(88)   Post Evacuate Collection Set: 0,6ms
[2,308s][info][gc,phases      ] GC(88)   Other: 0,1ms
[2,308s][info][gc,heap        ] GC(88) Eden regions: 81->0(63)
[2,308s][info][gc,heap        ] GC(88) Survivor regions: 15->12(12)
[2,308s][info][gc,heap        ] GC(88) Old regions: 796->854
[2,308s][info][gc,heap        ] GC(88) Humongous regions: 0->0
[2,308s][info][gc,metaspace   ] GC(88) Metaspace: 80K(320K)->80K(320K) NonClass: 77K(192K)->77K(192K) Class: 3K(128K)->3K(128K)
[2,308s][info][gc             ] GC(88) Pause Young (Mixed) (G1 Evacuation Pause) (Evacuation Failure) 1783M->1732M(2048M) 24,187ms
[2,308s][info][gc,cpu         ] GC(88) User=0,41s Sys=0,00s Real=0,03s
[2,316s][info][gc,start       ] GC(89) Pause Young (Mixed) (G1 Evacuation Pause)
[2,316s][info][gc,task        ] GC(89) Using 18 workers of 18 for evacuation
[2,333s][info][gc,phases      ] GC(89)   Pre Evacuate Collection Set: 0,3ms
[2,333s][info][gc,phases      ] GC(89)   Merge Heap Roots: 0,1ms
[2,333s][info][gc,phases      ] GC(89)   Evacuate Collection Set: 16,3ms
[2,333s][info][gc,phases      ] GC(89)   Post Evacuate Collection Set: 0,5ms
[2,333s][info][gc,phases      ] GC(89)   Other: 0,1ms
[2,333s][info][gc,heap        ] GC(89) Eden regions: 63->0(61)
[2,333s][info][gc,heap        ] GC(89) Survivor regions: 12->10(10)
[2,333s][info][gc,heap        ] GC(89) Old regions: 854->867
[2,333s][info][gc,heap        ] GC(89) Humongous regions: 0->0
[2,333s][info][gc,metaspace   ] GC(89) Metaspace: 80K(320K)->80K(320K) NonClass: 77K(192K)->77K(192K) Class: 3K(128K)->3K(128K)
[2,333s][info][gc             ] GC(89) Pause Young (Mixed) (G1 Evacuation Pause) (Evacuation Failure) 1857M->1754M(2048M) 17,507ms
[2,333s][info][gc,cpu         ] GC(89) User=0,30s Sys=0,00s Real=0,01s
[2,341s][info][gc,start       ] GC(90) Pause Young (Mixed) (G1 Evacuation Pause)
[2,341s][info][gc,task        ] GC(90) Using 18 workers of 18 for evacuation
[2,357s][info][gc,phases      ] GC(90)   Pre Evacuate Collection Set: 0,2ms
[2,357s][info][gc,phases      ] GC(90)   Merge Heap Roots: 0,1ms
[2,357s][info][gc,phases      ] GC(90)   Evacuate Collection Set: 14,9ms
[2,357s][info][gc,phases      ] GC(90)   Post Evacuate Collection Set: 0,5ms
[2,357s][info][gc,phases      ] GC(90)   Other: 0,1ms
[2,357s][info][gc,heap        ] GC(90) Eden regions: 61->0(61)
[2,357s][info][gc,heap        ] GC(90) Survivor regions: 10->9(9)
[2,357s][info][gc,heap        ] GC(90) Old regions: 867->876
[2,357s][info][gc,heap        ] GC(90) Humongous regions: 0->0
[2,357s][info][gc,metaspace   ] GC(90) Metaspace: 80K(320K)->80K(320K) NonClass: 77K(192K)->77K(192K) Class: 3K(128K)->3K(128K)
[2,357s][info][gc             ] GC(90) Pause Young (Mixed) (G1 Evacuation Pause) (Evacuation Failure) 1875M->1770M(2048M) 16,097ms
[2,357s][info][gc,cpu         ] GC(90) User=0,28s Sys=0,00s Real=0,02s
[2,365s][info][gc,start       ] GC(91) Pause Young (Mixed) (G1 Evacuation Pause)
[2,365s][info][gc,task        ] GC(91) Using 18 workers of 18 for evacuation
[2,378s][info][gc,phases      ] GC(91)   Pre Evacuate Collection Set: 0,2ms
[2,378s][info][gc,phases      ] GC(91)   Merge Heap Roots: 0,1ms
[2,378s][info][gc,phases      ] GC(91)   Evacuate Collection Set: 12,2ms
[2,378s][info][gc,phases      ] GC(91)   Post Evacuate Collection Set: 0,3ms
[2,378s][info][gc,phases      ] GC(91)   Other: 0,1ms
[2,378s][info][gc,heap        ] GC(91) Eden regions: 61->0(47)
[2,378s][info][gc,heap        ] GC(91) Survivor regions: 9->9(9)
[2,378s][info][gc,heap        ] GC(91) Old regions: 876->899
[2,378s][info][gc,heap        ] GC(91) Humongous regions: 0->0
[2,378s][info][gc,metaspace   ] GC(91) Metaspace: 80K(320K)->80K(320K) NonClass: 77K(192K)->77K(192K) Class: 3K(128K)->3K(128K)
[2,378s][info][gc             ] GC(91) Pause Young (Mixed) (G1 Evacuation Pause) 1891M->1815M(2048M) 13,012ms
[2,378s][info][gc,cpu         ] GC(91) User=0,21s Sys=0,00s Real=0,01s
[2,384s][info][gc,start       ] GC(92) Pause Young (Concurrent Start) (G1 Evacuation Pause)
[2,384s][info][gc,task        ] GC(92) Using 18 workers of 18 for evacuation
[2,395s][info][gc,phases      ] GC(92)   Pre Evacuate Collection Set: 0,3ms
[2,395s][info][gc,phases      ] GC(92)   Merge Heap Roots: 0,1ms
[2,395s][info][gc,phases      ] GC(92)   Evacuate Collection Set: 9,7ms
[2,395s][info][gc,phases      ] GC(92)   Post Evacuate Collection Set: 0,2ms
[2,395s][info][gc,phases      ] GC(92)   Other: 0,1ms
[2,395s][info][gc,heap        ] GC(92) Eden regions: 47->0(44)
[2,395s][info][gc,heap        ] GC(92) Survivor regions: 9->7(7)
[2,395s][info][gc,heap        ] GC(92) Old regions: 899->948
[2,395s][info][gc,heap        ] GC(92) Humongous regions: 0->0
[2,395s][info][gc,metaspace   ] GC(92) Metaspace: 80K(320K)->80K(320K) NonClass: 77K(192K)->77K(192K) Class: 3K(128K)->3K(128K)
[2,395s][info][gc             ] GC(92) Pause Young (Concurrent Start) (G1 Evacuation Pause) 1908M->1908M(2048M) 10,597ms
[2,395s][info][gc,cpu         ] GC(92) User=0,16s Sys=0,00s Real=0,01s
[2,395s][info][gc             ] GC(93) Concurrent Mark Cycle
[2,395s][info][gc,marking     ] GC(93) Concurrent Scan Root Regions
[2,395s][info][gc,marking     ] GC(93) Concurrent Scan Root Regions 0,090ms
[2,395s][info][gc,marking     ] GC(93) Concurrent Mark
[2,395s][info][gc,marking     ] GC(93) Concurrent Mark From Roots
[2,395s][info][gc,task        ] GC(93) Using 5 workers of 5 for marking
[2,398s][info][gc,marking     ] GC(93) Concurrent Mark From Roots 3,344ms
[2,398s][info][gc,marking     ] GC(93) Concurrent Preclean
[2,398s][info][gc,marking     ] GC(93) Concurrent Preclean 0,020ms
[2,398s][info][gc,start       ] GC(93) Pause Remark
[2,399s][info][gc             ] GC(93) Pause Remark 1941M->1429M(2048M) 0,855ms
[2,399s][info][gc,cpu         ] GC(93) User=0,01s Sys=0,00s Real=0,00s
[2,399s][info][gc,marking     ] GC(93) Concurrent Mark 4,519ms
[2,399s][info][gc,marking     ] GC(93) Concurrent Rebuild Remembered Sets and Scrub Regions
[2,402s][info][gc,marking     ] GC(93) Concurrent Rebuild Remembered Sets and Scrub Regions 2,546ms
[2,402s][info][gc,start       ] GC(93) Pause Cleanup
[2,403s][info][gc             ] GC(93) Pause Cleanup 1471M->1471M(2048M) 0,663ms
[2,403s][info][gc,cpu         ] GC(93) User=0,00s Sys=0,00s Real=0,00s
[2,403s][info][gc,marking     ] GC(93) Concurrent Clear Claimed Marks
[2,403s][info][gc,marking     ] GC(93) Concurrent Clear Claimed Marks 0,037ms
[2,403s][info][gc,marking     ] GC(93) Concurrent Cleanup for Next Mark
[2,405s][info][gc,start       ] GC(94) Pause Young (Prepare Mixed) (G1 Evacuation Pause)
[2,405s][info][gc,task        ] GC(94) Using 18 workers of 18 for evacuation
[2,415s][info][gc,phases      ] GC(94)   Pre Evacuate Collection Set: 0,2ms
[2,415s][info][gc,phases      ] GC(94)   Merge Heap Roots: 0,1ms
[2,415s][info][gc,phases      ] GC(94)   Evacuate Collection Set: 9,3ms
[2,415s][info][gc,phases      ] GC(94)   Post Evacuate Collection Set: 0,4ms
[2,415s][info][gc,phases      ] GC(94)   Other: 0,1ms
[2,415s][info][gc,heap        ] GC(94) Eden regions: 44->0(113)
[2,415s][info][gc,heap        ] GC(94) Survivor regions: 7->7(7)
[2,415s][info][gc,heap        ] GC(94) Old regions: 692->735
[2,415s][info][gc,heap        ] GC(94) Humongous regions: 0->0
[2,415s][info][gc,metaspace   ] GC(94) Metaspace: 80K(320K)->80K(320K) NonClass: 77K(192K)->77K(192K) Class: 3K(128K)->3K(128K)
[2,415s][info][gc             ] GC(94) Pause Young (Prepare Mixed) (G1 Evacuation Pause) 1484M->1483M(2048M) 10,168ms
[2,415s][info][gc,cpu         ] GC(94) User=0,16s Sys=0,00s Real=0,01s
[2,415s][info][gc,marking     ] GC(93) Concurrent Cleanup for Next Mark 12,030ms
[2,415s][info][gc             ] GC(93) Concurrent Mark Cycle 20,313ms
[2,429s][info][gc,start       ] GC(95) Pause Young (Mixed) (G1 Evacuation Pause)
[2,429s][info][gc,task        ] GC(95) Using 18 workers of 18 for evacuation
[2,459s][info][gc,phases      ] GC(95)   Pre Evacuate Collection Set: 0,4ms
[2,459s][info][gc,phases      ] GC(95)   Merge Heap Roots: 0,1ms
[2,459s][info][gc,phases      ] GC(95)   Evacuate Collection Set: 28,5ms
[2,459s][info][gc,phases      ] GC(95)   Post Evacuate Collection Set: 0,4ms
[2,459s][info][gc,phases      ] GC(95)   Other: 0,1ms
[2,459s][info][gc,heap        ] GC(95) Eden regions: 113->0(85)
[2,459s][info][gc,heap        ] GC(95) Survivor regions: 7->15(15)
[2,459s][info][gc,heap        ] GC(95) Old regions: 735->784
[2,459s][info][gc,heap        ] GC(95) Humongous regions: 0->0
[2,459s][info][gc,metaspace   ] GC(95) Metaspace: 80K(320K)->80K(320K) NonClass: 77K(192K)->77K(192K) Class: 3K(128K)->3K(128K)
[2,459s][info][gc             ] GC(95) Pause Young (Mixed) (G1 Evacuation Pause) 1709M->1596M(2048M) 29,684ms
[2,459s][info][gc,cpu         ] GC(95) User=0,49s Sys=0,02s Real=0,03s
[2,470s][info][gc,start       ] GC(96) Pause Young (Mixed) (G1 Evacuation Pause)
[2,470s][info][gc,task        ] GC(96) Using 18 workers of 18 for evacuation
[2,495s][info][gc,phases      ] GC(96)   Pre Evacuate Collection Set: 0,3ms
[2,495s][info][gc,phases      ] GC(96)   Merge Heap Roots: 0,1ms
[2,495s][info][gc,phases      ] GC(96)   Evacuate Collection Set: 24,1ms
[2,495s][info][gc,phases      ] GC(96)   Post Evacuate Collection Set: 0,3ms
[2,495s][info][gc,phases      ] GC(96)   Other: 0,1ms
[2,495s][info][gc,heap        ] GC(96) Eden regions: 85->0(73)
[2,495s][info][gc,heap        ] GC(96) Survivor regions: 15->13(13)
[2,495s][info][gc,heap        ] GC(96) Old regions: 784->816
[2,495s][info][gc,heap        ] GC(96) Humongous regions: 0->0
[2,495s][info][gc,metaspace   ] GC(96) Metaspace: 80K(320K)->80K(320K) NonClass: 77K(192K)->77K(192K) Class: 3K(128K)->3K(128K)
[2,495s][info][gc             ] GC(96) Pause Young (Mixed) (G1 Evacuation Pause) (Evacuation Failure) 1766M->1658M(2048M) 25,237ms
[2,495s][info][gc,cpu         ] GC(96) User=0,43s Sys=0,00s Real=0,03s
[2,505s][info][gc,start       ] GC(97) Pause Young (Mixed) (G1 Evacuation Pause)
[2,505s][info][gc,task        ] GC(97) Using 18 workers of 18 for evacuation
[2,527s][info][gc,phases      ] GC(97)   Pre Evacuate Collection Set: 0,3ms
[2,527s][info][gc,phases      ] GC(97)   Merge Heap Roots: 0,1ms
[2,527s][info][gc,phases      ] GC(97)   Evacuate Collection Set: 21,1ms
[2,527s][info][gc,phases      ] GC(97)   Post Evacuate Collection Set: 0,4ms
[2,527s][info][gc,phases      ] GC(97)   Other: 0,1ms
[2,527s][info][gc,heap        ] GC(97) Eden regions: 73->0(64)
[2,527s][info][gc,heap        ] GC(97) Survivor regions: 13->11(11)
[2,527s][info][gc,heap        ] GC(97) Old regions: 816->848
[2,527s][info][gc,heap        ] GC(97) Humongous regions: 0->0
[2,527s][info][gc,metaspace   ] GC(97) Metaspace: 80K(320K)->80K(320K) NonClass: 77K(192K)->77K(192K) Class: 3K(128K)->3K(128K)
[2,527s][info][gc             ] GC(97) Pause Young (Mixed) (G1 Evacuation Pause) (Evacuation Failure) 1803M->1718M(2048M) 22,356ms
[2,527s][info][gc,cpu         ] GC(97) User=0,37s Sys=0,01s Real=0,03s
[2,535s][info][gc,start       ] GC(98) Pause Young (Mixed) (G1 Evacuation Pause)
[2,535s][info][gc,task        ] GC(98) Using 18 workers of 18 for evacuation
[2,554s][info][gc,phases      ] GC(98)   Pre Evacuate Collection Set: 0,3ms
[2,554s][info][gc,phases      ] GC(98)   Merge Heap Roots: 0,1ms
[2,554s][info][gc,phases      ] GC(98)   Evacuate Collection Set: 17,5ms
[2,554s][info][gc,phases      ] GC(98)   Post Evacuate Collection Set: 0,5ms
[2,554s][info][gc,phases      ] GC(98)   Other: 0,1ms
[2,554s][info][gc,heap        ] GC(98) Eden regions: 64->0(60)
[2,554s][info][gc,heap        ] GC(98) Survivor regions: 11->10(10)
[2,554s][info][gc,heap        ] GC(98) Old regions: 848->868
[2,554s][info][gc,heap        ] GC(98) Humongous regions: 0->0
[2,554s][info][gc,metaspace   ] GC(98) Metaspace: 80K(320K)->80K(320K) NonClass: 77K(192K)->77K(192K) Class: 3K(128K)->3K(128K)
[2,554s][info][gc             ] GC(98) Pause Young (Mixed) (G1 Evacuation Pause) (Evacuation Failure) 1845M->1756M(2048M) 18,783ms
[2,554s][info][gc,cpu         ] GC(98) User=0,31s Sys=0,01s Real=0,01s
[2,562s][info][gc,start       ] GC(99) Pause Young (Mixed) (G1 Evacuation Pause)
[2,562s][info][gc,task        ] GC(99) Using 18 workers of 18 for evacuation
[2,577s][info][gc,phases      ] GC(99)   Pre Evacuate Collection Set: 0,2ms
[2,577s][info][gc,phases      ] GC(99)   Merge Heap Roots: 0,1ms
[2,577s][info][gc,phases      ] GC(99)   Evacuate Collection Set: 15,0ms
[2,577s][info][gc,phases      ] GC(99)   Post Evacuate Collection Set: 0,3ms
[2,577s][info][gc,phases      ] GC(99)   Other: 0,1ms
[2,577s][info][gc,heap        ] GC(99) Eden regions: 60->0(42)
[2,577s][info][gc,heap        ] GC(99) Survivor regions: 10->9(9)
[2,578s][info][gc,heap        ] GC(99) Old regions: 868->919
[2,578s][info][gc,heap        ] GC(99) Humongous regions: 0->0
[2,578s][info][gc,metaspace   ] GC(99) Metaspace: 80K(320K)->80K(320K) NonClass: 77K(192K)->77K(192K) Class: 3K(128K)->3K(128K)
[2,578s][info][gc             ] GC(99) Pause Young (Mixed) (G1 Evacuation Pause) (Evacuation Failure) 1875M->1856M(2048M) 15,973ms
[2,578s][info][gc,cpu         ] GC(99) User=0,26s Sys=0,01s Real=0,02s
[2,583s][info][gc,start       ] GC(100) Pause Young (Concurrent Start) (G1 Evacuation Pause)
[2,583s][info][gc,task        ] GC(100) Using 18 workers of 18 for evacuation
[2,593s][info][gc,phases      ] GC(100)   Pre Evacuate Collection Set: 0,3ms
[2,593s][info][gc,phases      ] GC(100)   Merge Heap Roots: 0,1ms
[2,593s][info][gc,phases      ] GC(100)   Evacuate Collection Set: 9,3ms
[2,593s][info][gc,phases      ] GC(100)   Post Evacuate Collection Set: 0,2ms
[2,593s][info][gc,phases      ] GC(100)   Other: 0,1ms
[2,593s][info][gc,heap        ] GC(100) Eden regions: 42->0(44)
[2,593s][info][gc,heap        ] GC(100) Survivor regions: 9->7(7)
[2,593s][info][gc,heap        ] GC(100) Old regions: 919->963
[2,593s][info][gc,heap        ] GC(100) Humongous regions: 0->0
[2,593s][info][gc,metaspace   ] GC(100) Metaspace: 80K(320K)->80K(320K) NonClass: 77K(192K)->77K(192K) Class: 3K(128K)->3K(128K)
[2,593s][info][gc             ] GC(100) Pause Young (Concurrent Start) (G1 Evacuation Pause) 1939M->1939M(2048M) 10,283ms
[2,593s][info][gc,cpu         ] GC(100) User=0,16s Sys=0,00s Real=0,01s
[2,593s][info][gc             ] GC(101) Concurrent Mark Cycle
[2,593s][info][gc,marking     ] GC(101) Concurrent Scan Root Regions
[2,593s][info][gc,marking     ] GC(101) Concurrent Scan Root Regions 0,055ms
[2,593s][info][gc,marking     ] GC(101) Concurrent Mark
[2,593s][info][gc,marking     ] GC(101) Concurrent Mark From Roots
[2,593s][info][gc,task        ] GC(101) Using 5 workers of 5 for marking
[2,597s][info][gc,marking     ] GC(101) Concurrent Mark From Roots 3,252ms
[2,597s][info][gc,marking     ] GC(101) Concurrent Preclean
[2,597s][info][gc,marking     ] GC(101) Concurrent Preclean 0,025ms
[2,597s][info][gc,start       ] GC(101) Pause Remark
[2,598s][info][gc             ] GC(101) Pause Remark 1969M->1431M(2048M) 0,826ms
[2,598s][info][gc,cpu         ] GC(101) User=0,00s Sys=0,00s Real=0,00s
[2,598s][info][gc,marking     ] GC(101) Concurrent Mark 4,405ms
[2,598s][info][gc,marking     ] GC(101) Concurrent Rebuild Remembered Sets and Scrub Regions
[2,600s][info][gc,marking     ] GC(101) Concurrent Rebuild Remembered Sets and Scrub Regions 1,867ms
[2,600s][info][gc,start       ] GC(101) Pause Cleanup
[2,601s][info][gc             ] GC(101) Pause Cleanup 1462M->1462M(2048M) 0,745ms
[2,601s][info][gc,cpu         ] GC(101) User=0,00s Sys=0,00s Real=0,00s
[2,601s][info][gc,marking     ] GC(101) Concurrent Clear Claimed Marks
[2,601s][info][gc,marking     ] GC(101) Concurrent Clear Claimed Marks 0,040ms
[2,601s][info][gc,marking     ] GC(101) Concurrent Cleanup for Next Mark
[2,603s][info][gc,marking     ] GC(101) Concurrent Cleanup for Next Mark 1,797ms
[2,603s][info][gc             ] GC(101) Concurrent Mark Cycle 9,340ms
[2,603s][info][gc,start       ] GC(102) Pause Young (Prepare Mixed) (G1 Evacuation Pause)
[2,603s][info][gc,task        ] GC(102) Using 18 workers of 18 for evacuation
[2,614s][info][gc,phases      ] GC(102)   Pre Evacuate Collection Set: 0,2ms
[2,614s][info][gc,phases      ] GC(102)   Merge Heap Roots: 0,1ms
[2,614s][info][gc,phases      ] GC(102)   Evacuate Collection Set: 9,3ms
[2,614s][info][gc,phases      ] GC(102)   Post Evacuate Collection Set: 0,4ms
[2,614s][info][gc,phases      ] GC(102)   Other: 0,1ms
[2,614s][info][gc,heap        ] GC(102) Eden regions: 44->0(111)
[2,614s][info][gc,heap        ] GC(102) Survivor regions: 7->7(7)
[2,614s][info][gc,heap        ] GC(102) Old regions: 694->738
[2,614s][info][gc,heap        ] GC(102) Humongous regions: 0->0
[2,614s][info][gc,metaspace   ] GC(102) Metaspace: 80K(320K)->80K(320K) NonClass: 77K(192K)->77K(192K) Class: 3K(128K)->3K(128K)
[2,614s][info][gc             ] GC(102) Pause Young (Prepare Mixed) (G1 Evacuation Pause) 1488M->1488M(2048M) 10,369ms
[2,614s][info][gc,cpu         ] GC(102) User=0,16s Sys=0,01s Real=0,01s
[2,628s][info][gc,start       ] GC(103) Pause Young (Mixed) (G1 Evacuation Pause)
[2,628s][info][gc,task        ] GC(103) Using 18 workers of 18 for evacuation
[2,658s][info][gc,phases      ] GC(103)   Pre Evacuate Collection Set: 0,4ms
[2,658s][info][gc,phases      ] GC(103)   Merge Heap Roots: 0,1ms
[2,659s][info][gc,phases      ] GC(103)   Evacuate Collection Set: 29,3ms
[2,659s][info][gc,phases      ] GC(103)   Post Evacuate Collection Set: 0,4ms
[2,659s][info][gc,phases      ] GC(103)   Other: 0,1ms
[2,659s][info][gc,heap        ] GC(103) Eden regions: 111->0(81)
[2,659s][info][gc,heap        ] GC(103) Survivor regions: 7->15(15)
[2,659s][info][gc,heap        ] GC(103) Old regions: 738->798
[2,659s][info][gc,heap        ] GC(103) Humongous regions: 0->0
[2,659s][info][gc,metaspace   ] GC(103) Metaspace: 80K(320K)->80K(320K) NonClass: 77K(192K)->77K(192K) Class: 3K(128K)->3K(128K)
[2,659s][info][gc             ] GC(103) Pause Young (Mixed) (G1 Evacuation Pause) (Evacuation Failure) 1710M->1626M(2048M) 30,573ms
[2,659s][info][gc,cpu         ] GC(103) User=0,51s Sys=0,01s Real=0,03s
[2,670s][info][gc,start       ] GC(104) Pause Young (Mixed) (G1 Evacuation Pause)
[2,670s][info][gc,task        ] GC(104) Using 18 workers of 18 for evacuation
[2,693s][info][gc,phases      ] GC(104)   Pre Evacuate Collection Set: 0,2ms
[2,693s][info][gc,phases      ] GC(104)   Merge Heap Roots: 0,1ms
[2,693s][info][gc,phases      ] GC(104)   Evacuate Collection Set: 22,4ms
[2,693s][info][gc,phases      ] GC(104)   Post Evacuate Collection Set: 0,4ms
[2,693s][info][gc,phases      ] GC(104)   Other: 0,1ms
[2,693s][info][gc,heap        ] GC(104) Eden regions: 81->0(70)
[2,693s][info][gc,heap        ] GC(104) Survivor regions: 15->12(12)
[2,693s][info][gc,heap        ] GC(104) Old regions: 798->831
[2,693s][info][gc,heap        ] GC(104) Humongous regions: 0->0
[2,693s][info][gc,metaspace   ] GC(104) Metaspace: 80K(320K)->80K(320K) NonClass: 77K(192K)->77K(192K) Class: 3K(128K)->3K(128K)
[2,693s][info][gc             ] GC(104) Pause Young (Mixed) (G1 Evacuation Pause) (Evacuation Failure) 1787M->1686M(2048M) 23,349ms
[2,693s][info][gc,cpu         ] GC(104) User=0,40s Sys=0,00s Real=0,02s
[2,703s][info][gc,start       ] GC(105) Pause Young (Mixed) (G1 Evacuation Pause)
[2,703s][info][gc,task        ] GC(105) Using 18 workers of 18 for evacuation
[2,723s][info][gc,phases      ] GC(105)   Pre Evacuate Collection Set: 0,2ms
[2,723s][info][gc,phases      ] GC(105)   Merge Heap Roots: 0,1ms
[2,723s][info][gc,phases      ] GC(105)   Evacuate Collection Set: 19,3ms
[2,723s][info][gc,phases      ] GC(105)   Post Evacuate Collection Set: 0,4ms
[2,723s][info][gc,phases      ] GC(105)   Other: 0,1ms
[2,723s][info][gc,heap        ] GC(105) Eden regions: 70->0(63)
[2,723s][info][gc,heap        ] GC(105) Survivor regions: 12->11(11)
[2,723s][info][gc,heap        ] GC(105) Old regions: 831->856
[2,723s][info][gc,heap        ] GC(105) Humongous regions: 0->0
[2,723s][info][gc,metaspace   ] GC(105) Metaspace: 80K(320K)->80K(320K) NonClass: 77K(192K)->77K(192K) Class: 3K(128K)->3K(128K)
[2,723s][info][gc             ] GC(105) Pause Young (Mixed) (G1 Evacuation Pause) (Evacuation Failure) 1825M->1734M(2048M) 20,211ms
[2,723s][info][gc,cpu         ] GC(105) User=0,33s Sys=0,01s Real=0,02s
[2,731s][info][gc,start       ] GC(106) Pause Young (Mixed) (G1 Evacuation Pause)
[2,731s][info][gc,task        ] GC(106) Using 18 workers of 18 for evacuation
[2,748s][info][gc,phases      ] GC(106)   Pre Evacuate Collection Set: 0,3ms
[2,748s][info][gc,phases      ] GC(106)   Merge Heap Roots: 0,1ms
[2,748s][info][gc,phases      ] GC(106)   Evacuate Collection Set: 16,3ms
[2,748s][info][gc,phases      ] GC(106)   Post Evacuate Collection Set: 0,3ms
[2,748s][info][gc,phases      ] GC(106)   Other: 0,1ms
[2,748s][info][gc,heap        ] GC(106) Eden regions: 63->0(64)
[2,748s][info][gc,heap        ] GC(106) Survivor regions: 11->10(10)
[2,748s][info][gc,heap        ] GC(106) Old regions: 856->858
[2,748s][info][gc,heap        ] GC(106) Humongous regions: 0->0
[2,748s][info][gc,metaspace   ] GC(106) Metaspace: 80K(320K)->80K(320K) NonClass: 77K(192K)->77K(192K) Class: 3K(128K)->3K(128K)
[2,748s][info][gc             ] GC(106) Pause Young (Mixed) (G1 Evacuation Pause) (Evacuation Failure) 1859M->1736M(2048M) 17,350ms
[2,748s][info][gc,cpu         ] GC(106) User=0,29s Sys=0,01s Real=0,02s
[2,757s][info][gc,start       ] GC(107) Pause Young (Mixed) (G1 Evacuation Pause)
[2,757s][info][gc,task        ] GC(107) Using 18 workers of 18 for evacuation
[2,770s][info][gc,phases      ] GC(107)   Pre Evacuate Collection Set: 0,2ms
[2,770s][info][gc,phases      ] GC(107)   Merge Heap Roots: 0,1ms
[2,770s][info][gc,phases      ] GC(107)   Evacuate Collection Set: 12,9ms
[2,770s][info][gc,phases      ] GC(107)   Post Evacuate Collection Set: 0,2ms
[2,770s][info][gc,phases      ] GC(107)   Other: 0,1ms
[2,770s][info][gc,heap        ] GC(107) Eden regions: 64->0(51)
[2,770s][info][gc,heap        ] GC(107) Survivor regions: 10->10(10)
[2,770s][info][gc,heap        ] GC(107) Old regions: 858->883
[2,770s][info][gc,heap        ] GC(107) Humongous regions: 0->0
[2,770s][info][gc,metaspace   ] GC(107) Metaspace: 80K(320K)->80K(320K) NonClass: 77K(192K)->77K(192K) Class: 3K(128K)->3K(128K)
[2,770s][info][gc             ] GC(107) Pause Young (Mixed) (G1 Evacuation Pause) 1863M->1785M(2048M) 13,698ms
[2,770s][info][gc,cpu         ] GC(107) User=0,22s Sys=0,00s Real=0,01s
[2,777s][info][gc,start       ] GC(108) Pause Young (Concurrent Start) (G1 Evacuation Pause)
[2,777s][info][gc,task        ] GC(108) Using 18 workers of 18 for evacuation
[2,788s][info][gc,phases      ] GC(108)   Pre Evacuate Collection Set: 0,2ms
[2,788s][info][gc,phases      ] GC(108)   Merge Heap Roots: 0,1ms
[2,788s][info][gc,phases      ] GC(108)   Evacuate Collection Set: 10,8ms
[2,788s][info][gc,phases      ] GC(108)   Post Evacuate Collection Set: 0,2ms
[2,788s][info][gc,phases      ] GC(108)   Other: 0,1ms
[2,788s][info][gc,heap        ] GC(108) Eden regions: 51->0(43)
[2,788s][info][gc,heap        ] GC(108) Survivor regions: 10->8(8)
[2,788s][info][gc,heap        ] GC(108) Old regions: 883->936
[2,788s][info][gc,heap        ] GC(108) Humongous regions: 0->0
[2,788s][info][gc,metaspace   ] GC(108) Metaspace: 80K(320K)->80K(320K) NonClass: 77K(192K)->77K(192K) Class: 3K(128K)->3K(128K)
[2,788s][info][gc             ] GC(108) Pause Young (Concurrent Start) (G1 Evacuation Pause) 1886M->1886M(2048M) 11,574ms
[2,788s][info][gc,cpu         ] GC(108) User=0,19s Sys=0,01s Real=0,01s
[2,788s][info][gc             ] GC(109) Concurrent Mark Cycle
[2,789s][info][gc,marking     ] GC(109) Concurrent Scan Root Regions
[2,789s][info][gc,marking     ] GC(109) Concurrent Scan Root Regions 0,044ms
[2,789s][info][gc,marking     ] GC(109) Concurrent Mark
[2,789s][info][gc,marking     ] GC(109) Concurrent Mark From Roots
[2,789s][info][gc,task        ] GC(109) Using 5 workers of 5 for marking
[2,791s][info][gc,marking     ] GC(109) Concurrent Mark From Roots 2,361ms
[2,791s][info][gc,marking     ] GC(109) Concurrent Preclean
[2,791s][info][gc,marking     ] GC(109) Concurrent Preclean 0,013ms
[2,791s][info][gc,start       ] GC(109) Pause Remark
[2,792s][info][gc             ] GC(109) Pause Remark 1906M->1424M(2048M) 0,582ms
[2,792s][info][gc,cpu         ] GC(109) User=0,00s Sys=0,00s Real=0,00s
[2,792s][info][gc,marking     ] GC(109) Concurrent Mark 3,157ms
[2,792s][info][gc,marking     ] GC(109) Concurrent Rebuild Remembered Sets and Scrub Regions
[2,793s][info][gc,marking     ] GC(109) Concurrent Rebuild Remembered Sets and Scrub Regions 1,532ms
[2,793s][info][gc,start       ] GC(109) Pause Cleanup
[2,794s][info][gc             ] GC(109) Pause Cleanup 1449M->1449M(2048M) 0,448ms
[2,794s][info][gc,cpu         ] GC(109) User=0,00s Sys=0,00s Real=0,00s
[2,794s][info][gc,marking     ] GC(109) Concurrent Clear Claimed Marks
[2,794s][info][gc,marking     ] GC(109) Concurrent Clear Claimed Marks 0,017ms
[2,794s][info][gc,marking     ] GC(109) Concurrent Cleanup for Next Mark
[2,796s][info][gc,marking     ] GC(109) Concurrent Cleanup for Next Mark 1,609ms
[2,796s][info][gc             ] GC(109) Concurrent Mark Cycle 7,194ms
[2,798s][info][gc,start       ] GC(110) Pause Young (Prepare Mixed) (G1 Evacuation Pause)
[2,798s][info][gc,task        ] GC(110) Using 18 workers of 18 for evacuation
[2,807s][info][gc,phases      ] GC(110)   Pre Evacuate Collection Set: 0,2ms
[2,807s][info][gc,phases      ] GC(110)   Merge Heap Roots: 0,1ms
[2,807s][info][gc,phases      ] GC(110)   Evacuate Collection Set: 9,1ms
[2,807s][info][gc,phases      ] GC(110)   Post Evacuate Collection Set: 0,3ms
[2,807s][info][gc,phases      ] GC(110)   Other: 0,1ms
[2,807s][info][gc,heap        ] GC(110) Eden regions: 43->0(111)
[2,807s][info][gc,heap        ] GC(110) Survivor regions: 8->7(7)
[2,807s][info][gc,heap        ] GC(110) Old regions: 695->738
[2,807s][info][gc,heap        ] GC(110) Humongous regions: 0->0
[2,807s][info][gc,metaspace   ] GC(110) Metaspace: 80K(320K)->80K(320K) NonClass: 77K(192K)->77K(192K) Class: 3K(128K)->3K(128K)
[2,808s][info][gc             ] GC(110) Pause Young (Prepare Mixed) (G1 Evacuation Pause) 1490M->1489M(2048M) 9,907ms
[2,808s][info][gc,cpu         ] GC(110) User=0,16s Sys=0,00s Real=0,01s
[2,822s][info][gc,start       ] GC(111) Pause Young (Mixed) (G1 Evacuation Pause)
[2,822s][info][gc,task        ] GC(111) Using 18 workers of 18 for evacuation
[2,852s][info][gc,phases      ] GC(111)   Pre Evacuate Collection Set: 0,2ms
[2,852s][info][gc,phases      ] GC(111)   Merge Heap Roots: 0,1ms
[2,852s][info][gc,phases      ] GC(111)   Evacuate Collection Set: 28,9ms
[2,852s][info][gc,phases      ] GC(111)   Post Evacuate Collection Set: 0,3ms
[2,852s][info][gc,phases      ] GC(111)   Other: 0,1ms
[2,852s][info][gc,heap        ] GC(111) Eden regions: 111->0(83)
[2,852s][info][gc,heap        ] GC(111) Survivor regions: 7->15(15)
[2,852s][info][gc,heap        ] GC(111) Old regions: 738->790
[2,852s][info][gc,heap        ] GC(111) Humongous regions: 0->0
[2,852s][info][gc,metaspace   ] GC(111) Metaspace: 80K(320K)->80K(320K) NonClass: 77K(192K)->77K(192K) Class: 3K(128K)->3K(128K)
[2,852s][info][gc             ] GC(111) Pause Young (Mixed) (G1 Evacuation Pause) (Evacuation Failure) 1711M->1610M(2048M) 29,838ms
[2,852s][info][gc,cpu         ] GC(111) User=0,50s Sys=0,01s Real=0,03s
[2,863s][info][gc,start       ] GC(112) Pause Young (Mixed) (G1 Evacuation Pause)
[2,863s][info][gc,task        ] GC(112) Using 18 workers of 18 for evacuation
[2,887s][info][gc,phases      ] GC(112)   Pre Evacuate Collection Set: 0,2ms
[2,887s][info][gc,phases      ] GC(112)   Merge Heap Roots: 0,1ms
[2,887s][info][gc,phases      ] GC(112)   Evacuate Collection Set: 23,3ms
[2,887s][info][gc,phases      ] GC(112)   Post Evacuate Collection Set: 0,4ms
[2,887s][info][gc,phases      ] GC(112)   Other: 0,1ms
[2,887s][info][gc,heap        ] GC(112) Eden regions: 83->0(67)
[2,887s][info][gc,heap        ] GC(112) Survivor regions: 15->13(13)
[2,887s][info][gc,heap        ] GC(112) Old regions: 790->838
[2,887s][info][gc,heap        ] GC(112) Humongous regions: 0->0
[2,887s][info][gc,metaspace   ] GC(112) Metaspace: 80K(320K)->80K(320K) NonClass: 77K(192K)->77K(192K) Class: 3K(128K)->3K(128K)
[2,887s][info][gc             ] GC(112) Pause Young (Mixed) (G1 Evacuation Pause) (Evacuation Failure) 1775M->1702M(2048M) 24,291ms
[2,887s][info][gc,cpu         ] GC(112) User=0,41s Sys=0,01s Real=0,03s
[2,896s][info][gc,start       ] GC(113) Pause Young (Mixed) (G1 Evacuation Pause)
[2,896s][info][gc,task        ] GC(113) Using 18 workers of 18 for evacuation
[2,915s][info][gc,phases      ] GC(113)   Pre Evacuate Collection Set: 0,3ms
[2,915s][info][gc,phases      ] GC(113)   Merge Heap Roots: 0,1ms
[2,915s][info][gc,phases      ] GC(113)   Evacuate Collection Set: 18,5ms
[2,915s][info][gc,phases      ] GC(113)   Post Evacuate Collection Set: 0,4ms
[2,915s][info][gc,phases      ] GC(113)   Other: 0,1ms
[2,916s][info][gc,heap        ] GC(113) Eden regions: 67->0(58)
[2,916s][info][gc,heap        ] GC(113) Survivor regions: 13->10(10)
[2,916s][info][gc,heap        ] GC(113) Old regions: 838->874
[2,916s][info][gc,heap        ] GC(113) Humongous regions: 0->0
[2,916s][info][gc,metaspace   ] GC(113) Metaspace: 80K(320K)->80K(320K) NonClass: 77K(192K)->77K(192K) Class: 3K(128K)->3K(128K)
[2,916s][info][gc             ] GC(113) Pause Young (Mixed) (G1 Evacuation Pause) (Evacuation Failure) 1835M->1768M(2048M) 19,645ms
[2,916s][info][gc,cpu         ] GC(113) User=0,33s Sys=0,00s Real=0,02s
[2,923s][info][gc,start       ] GC(114) Pause Young (Mixed) (G1 Evacuation Pause)
[2,923s][info][gc,task        ] GC(114) Using 18 workers of 18 for evacuation
[2,938s][info][gc,phases      ] GC(114)   Pre Evacuate Collection Set: 0,2ms
[2,939s][info][gc,phases      ] GC(114)   Merge Heap Roots: 0,1ms
[2,939s][info][gc,phases      ] GC(114)   Evacuate Collection Set: 14,3ms
[2,939s][info][gc,phases      ] GC(114)   Post Evacuate Collection Set: 0,5ms
[2,939s][info][gc,phases      ] GC(114)   Other: 0,1ms
[2,939s][info][gc,heap        ] GC(114) Eden regions: 58->0(51)
[2,939s][info][gc,heap        ] GC(114) Survivor regions: 10->6(9)
[2,939s][info][gc,heap        ] GC(114) Old regions: 874->909
[2,939s][info][gc,heap        ] GC(114) Humongous regions: 0->0
[2,939s][info][gc,metaspace   ] GC(114) Metaspace: 80K(320K)->80K(320K) NonClass: 77K(192K)->77K(192K) Class: 3K(128K)->3K(128K)
[2,939s][info][gc             ] GC(114) Pause Young (Mixed) (G1 Evacuation Pause) (Evacuation Failure) 1883M->1829M(2048M) 15,465ms
[2,939s][info][gc,cpu         ] GC(114) User=0,26s Sys=0,01s Real=0,02s
[2,945s][info][gc,start       ] GC(115) Pause Young (Mixed) (G1 Evacuation Pause)
[2,945s][info][gc,task        ] GC(115) Using 18 workers of 18 for evacuation
[2,956s][info][gc,phases      ] GC(115)   Pre Evacuate Collection Set: 0,2ms
[2,956s][info][gc,phases      ] GC(115)   Merge Heap Roots: 0,1ms
[2,956s][info][gc,phases      ] GC(115)   Evacuate Collection Set: 10,1ms
[2,956s][info][gc,phases      ] GC(115)   Post Evacuate Collection Set: 0,2ms
[2,956s][info][gc,phases      ] GC(115)   Other: 0,1ms
[2,956s][info][gc,heap        ] GC(115) Eden regions: 51->0(43)
[2,956s][info][gc,heap        ] GC(115) Survivor regions: 6->8(8)
[2,956s][info][gc,heap        ] GC(115) Old regions: 909->929
[2,956s][info][gc,heap        ] GC(115) Humongous regions: 0->0
[2,956s][info][gc,metaspace   ] GC(115) Metaspace: 80K(320K)->80K(320K) NonClass: 77K(192K)->77K(192K) Class: 3K(128K)->3K(128K)
[2,956s][info][gc             ] GC(115) Pause Young (Mixed) (G1 Evacuation Pause) 1931M->1872M(2048M) 10,803ms
[2,956s][info][gc,cpu         ] GC(115) User=0,18s Sys=0,00s Real=0,01s
[2,961s][info][gc,start       ] GC(116) Pause Young (Concurrent Start) (G1 Evacuation Pause)
[2,961s][info][gc,task        ] GC(116) Using 18 workers of 18 for evacuation
[2,970s][info][gc,phases      ] GC(116)   Pre Evacuate Collection Set: 0,3ms
[2,970s][info][gc,phases      ] GC(116)   Merge Heap Roots: 0,1ms
[2,970s][info][gc,phases      ] GC(116)   Evacuate Collection Set: 8,1ms
[2,970s][info][gc,phases      ] GC(116)   Post Evacuate Collection Set: 0,2ms
[2,970s][info][gc,phases      ] GC(116)   Other: 0,1ms
[2,970s][info][gc,heap        ] GC(116) Eden regions: 43->0(37)
[2,970s][info][gc,heap        ] GC(116) Survivor regions: 8->7(7)
[2,970s][info][gc,heap        ] GC(116) Old regions: 929->973
[2,970s][info][gc,heap        ] GC(116) Humongous regions: 0->0
[2,970s][info][gc,metaspace   ] GC(116) Metaspace: 80K(320K)->80K(320K) NonClass: 77K(192K)->77K(192K) Class: 3K(128K)->3K(128K)
[2,970s][info][gc             ] GC(116) Pause Young (Concurrent Start) (G1 Evacuation Pause) (Evacuation Failure) 1958M->1959M(2048M) 8,971ms
[2,970s][info][gc             ] GC(117) Concurrent Mark Cycle
[2,970s][info][gc,marking     ] GC(117) Concurrent Scan Root Regions
[2,970s][info][gc,cpu         ] GC(116) User=0,14s Sys=0,01s Real=0,01s
[2,970s][info][gc,marking     ] GC(117) Concurrent Scan Root Regions 0,039ms
[2,970s][info][gc,marking     ] GC(117) Concurrent Mark
[2,970s][info][gc,marking     ] GC(117) Concurrent Mark From Roots
[2,970s][info][gc,task        ] GC(117) Using 5 workers of 5 for marking
[2,973s][info][gc,marking     ] GC(117) Concurrent Mark From Roots 2,330ms
[2,973s][info][gc,marking     ] GC(117) Concurrent Preclean
[2,973s][info][gc,marking     ] GC(117) Concurrent Preclean 0,012ms
[2,973s][info][gc,start       ] GC(117) Pause Remark
[2,974s][info][gc             ] GC(117) Pause Remark 1978M->1416M(2048M) 0,642ms
[2,974s][info][gc,cpu         ] GC(117) User=0,00s Sys=0,00s Real=0,00s
[2,974s][info][gc,marking     ] GC(117) Concurrent Mark 3,177ms
[2,974s][info][gc,marking     ] GC(117) Concurrent Rebuild Remembered Sets and Scrub Regions
[2,975s][info][gc,marking     ] GC(117) Concurrent Rebuild Remembered Sets and Scrub Regions 1,379ms
[2,975s][info][gc,start       ] GC(117) Pause Cleanup
[2,976s][info][gc             ] GC(117) Pause Cleanup 1439M->1439M(2048M) 0,699ms
[2,976s][info][gc,cpu         ] GC(117) User=0,00s Sys=0,00s Real=0,00s
[2,976s][info][gc,marking     ] GC(117) Concurrent Clear Claimed Marks
[2,976s][info][gc,marking     ] GC(117) Concurrent Clear Claimed Marks 0,013ms
[2,976s][info][gc,marking     ] GC(117) Concurrent Cleanup for Next Mark
[2,977s][info][gc,marking     ] GC(117) Concurrent Cleanup for Next Mark 1,511ms
[2,977s][info][gc             ] GC(117) Concurrent Mark Cycle 7,120ms
[2,979s][info][gc,start       ] GC(118) Pause Young (Prepare Mixed) (G1 Evacuation Pause)
[2,979s][info][gc,task        ] GC(118) Using 18 workers of 18 for evacuation
[2,987s][info][gc,phases      ] GC(118)   Pre Evacuate Collection Set: 0,2ms
[2,988s][info][gc,phases      ] GC(118)   Merge Heap Roots: 0,1ms
[2,988s][info][gc,phases      ] GC(118)   Evacuate Collection Set: 8,0ms
[2,988s][info][gc,phases      ] GC(118)   Post Evacuate Collection Set: 0,3ms
[2,988s][info][gc,phases      ] GC(118)   Other: 0,1ms
[2,988s][info][gc,heap        ] GC(118) Eden regions: 37->0(118)
[2,988s][info][gc,heap        ] GC(118) Survivor regions: 7->6(6)
[2,988s][info][gc,heap        ] GC(118) Old regions: 692->730
[2,988s][info][gc,heap        ] GC(118) Humongous regions: 0->0
[2,988s][info][gc,metaspace   ] GC(118) Metaspace: 80K(320K)->80K(320K) NonClass: 77K(192K)->77K(192K) Class: 3K(128K)->3K(128K)
[2,988s][info][gc             ] GC(118) Pause Young (Prepare Mixed) (G1 Evacuation Pause) 1471M->1470M(2048M) 9,190ms
[2,988s][info][gc,cpu         ] GC(118) User=0,14s Sys=0,01s Real=0,01s
[3,003s][info][gc,start       ] GC(119) Pause Young (Mixed) (G1 Evacuation Pause)
[3,003s][info][gc,task        ] GC(119) Using 18 workers of 18 for evacuation
[3,033s][info][gc,phases      ] GC(119)   Pre Evacuate Collection Set: 0,3ms
[3,033s][info][gc,phases      ] GC(119)   Merge Heap Roots: 0,1ms
[3,033s][info][gc,phases      ] GC(119)   Evacuate Collection Set: 29,0ms
[3,033s][info][gc,phases      ] GC(119)   Post Evacuate Collection Set: 0,4ms
[3,033s][info][gc,phases      ] GC(119)   Other: 0,1ms
[3,033s][info][gc,heap        ] GC(119) Eden regions: 118->0(81)
[3,033s][info][gc,heap        ] GC(119) Survivor regions: 6->16(16)
[3,033s][info][gc,heap        ] GC(119) Old regions: 730->804
[3,033s][info][gc,heap        ] GC(119) Humongous regions: 0->0
[3,033s][info][gc,metaspace   ] GC(119) Metaspace: 80K(320K)->80K(320K) NonClass: 77K(192K)->77K(192K) Class: 3K(128K)->3K(128K)
[3,033s][info][gc             ] GC(119) Pause Young (Mixed) (G1 Evacuation Pause) (Evacuation Failure) 1706M->1640M(2048M) 30,075ms
[3,033s][info][gc,cpu         ] GC(119) User=0,52s Sys=0,00s Real=0,03s
[3,044s][info][gc,start       ] GC(120) Pause Young (Mixed) (G1 Evacuation Pause)
[3,044s][info][gc,task        ] GC(120) Using 18 workers of 18 for evacuation
[3,066s][info][gc,phases      ] GC(120)   Pre Evacuate Collection Set: 0,2ms
[3,066s][info][gc,phases      ] GC(120)   Merge Heap Roots: 0,1ms
[3,066s][info][gc,phases      ] GC(120)   Evacuate Collection Set: 21,2ms
[3,066s][info][gc,phases      ] GC(120)   Post Evacuate Collection Set: 0,4ms
[3,066s][info][gc,phases      ] GC(120)   Other: 0,1ms
[3,066s][info][gc,heap        ] GC(120) Eden regions: 81->0(71)
[3,066s][info][gc,heap        ] GC(120) Survivor regions: 16->13(13)
[3,066s][info][gc,heap        ] GC(120) Old regions: 804->835
[3,066s][info][gc,heap        ] GC(120) Humongous regions: 0->0
[3,066s][info][gc,metaspace   ] GC(120) Metaspace: 80K(320K)->80K(320K) NonClass: 77K(192K)->77K(192K) Class: 3K(128K)->3K(128K)
[3,066s][info][gc             ] GC(120) Pause Young (Mixed) (G1 Evacuation Pause) (Evacuation Failure) 1801M->1696M(2048M) 22,215ms
[3,066s][info][gc,cpu         ] GC(120) User=0,37s Sys=0,01s Real=0,03s
[3,075s][info][gc,start       ] GC(121) Pause Young (Mixed) (G1 Evacuation Pause)
[3,075s][info][gc,task        ] GC(121) Using 18 workers of 18 for evacuation
[3,094s][info][gc,phases      ] GC(121)   Pre Evacuate Collection Set: 0,2ms
[3,094s][info][gc,phases      ] GC(121)   Merge Heap Roots: 0,1ms
[3,094s][info][gc,phases      ] GC(121)   Evacuate Collection Set: 18,0ms
[3,094s][info][gc,phases      ] GC(121)   Post Evacuate Collection Set: 0,4ms
[3,094s][info][gc,phases      ] GC(121)   Other: 0,1ms
[3,094s][info][gc,heap        ] GC(121) Eden regions: 71->0(66)
[3,094s][info][gc,heap        ] GC(121) Survivor regions: 13->11(11)
[3,094s][info][gc,heap        ] GC(121) Old regions: 835->857
[3,094s][info][gc,heap        ] GC(121) Humongous regions: 0->0
[3,094s][info][gc,metaspace   ] GC(121) Metaspace: 80K(320K)->80K(320K) NonClass: 77K(192K)->77K(192K) Class: 3K(128K)->3K(128K)
[3,094s][info][gc             ] GC(121) Pause Young (Mixed) (G1 Evacuation Pause) (Evacuation Failure) 1837M->1736M(2048M) 18,986ms
[3,094s][info][gc,cpu         ] GC(121) User=0,32s Sys=0,01s Real=0,02s
[3,102s][info][gc,start       ] GC(122) Pause Young (Mixed) (G1 Evacuation Pause)
[3,102s][info][gc,task        ] GC(122) Using 18 workers of 18 for evacuation
[3,119s][info][gc,phases      ] GC(122)   Pre Evacuate Collection Set: 0,3ms
[3,119s][info][gc,phases      ] GC(122)   Merge Heap Roots: 0,1ms
[3,119s][info][gc,phases      ] GC(122)   Evacuate Collection Set: 15,5ms
[3,119s][info][gc,phases      ] GC(122)   Post Evacuate Collection Set: 0,4ms
[3,119s][info][gc,phases      ] GC(122)   Other: 0,1ms
[3,119s][info][gc,heap        ] GC(122) Eden regions: 66->0(66)
[3,119s][info][gc,heap        ] GC(122) Survivor regions: 11->10(10)
[3,119s][info][gc,heap        ] GC(122) Old regions: 857->860
[3,119s][info][gc,heap        ] GC(122) Humongous regions: 0->0
[3,119s][info][gc,metaspace   ] GC(122) Metaspace: 80K(320K)->80K(320K) NonClass: 77K(192K)->77K(192K) Class: 3K(128K)->3K(128K)
[3,119s][info][gc             ] GC(122) Pause Young (Mixed) (G1 Evacuation Pause) (Evacuation Failure) 1867M->1740M(2048M) 16,563ms
[3,119s][info][gc,cpu         ] GC(122) User=0,28s Sys=0,00s Real=0,02s
[3,127s][info][gc,start       ] GC(123) Pause Young (Mixed) (G1 Evacuation Pause)
[3,127s][info][gc,task        ] GC(123) Using 18 workers of 18 for evacuation
[3,143s][info][gc,phases      ] GC(123)   Pre Evacuate Collection Set: 0,3ms
[3,143s][info][gc,phases      ] GC(123)   Merge Heap Roots: 0,1ms
[3,143s][info][gc,phases      ] GC(123)   Evacuate Collection Set: 15,2ms
[3,143s][info][gc,phases      ] GC(123)   Post Evacuate Collection Set: 0,2ms
[3,143s][info][gc,phases      ] GC(123)   Other: 0,1ms
[3,143s][info][gc,heap        ] GC(123) Eden regions: 66->0(48)
[3,143s][info][gc,heap        ] GC(123) Survivor regions: 10->10(10)
[3,143s][info][gc,heap        ] GC(123) Old regions: 860->896
[3,143s][info][gc,heap        ] GC(123) Humongous regions: 0->0
[3,143s][info][gc,metaspace   ] GC(123) Metaspace: 80K(320K)->80K(320K) NonClass: 77K(192K)->77K(192K) Class: 3K(128K)->3K(128K)
[3,143s][info][gc             ] GC(123) Pause Young (Mixed) (G1 Evacuation Pause) (Evacuation Failure) 1871M->1812M(2048M) 16,128ms
[3,143s][info][gc,cpu         ] GC(123) User=0,27s Sys=0,01s Real=0,01s
[3,149s][info][gc,start       ] GC(124) Pause Young (Concurrent Start) (G1 Evacuation Pause)
[3,149s][info][gc,task        ] GC(124) Using 18 workers of 18 for evacuation
[3,160s][info][gc,phases      ] GC(124)   Pre Evacuate Collection Set: 0,3ms
[3,160s][info][gc,phases      ] GC(124)   Merge Heap Roots: 0,0ms
[3,160s][info][gc,phases      ] GC(124)   Evacuate Collection Set: 10,2ms
[3,160s][info][gc,phases      ] GC(124)   Post Evacuate Collection Set: 0,2ms
[3,160s][info][gc,phases      ] GC(124)   Other: 0,1ms
[3,160s][info][gc,heap        ] GC(124) Eden regions: 48->0(43)
[3,160s][info][gc,heap        ] GC(124) Survivor regions: 10->8(8)
[3,160s][info][gc,heap        ] GC(124) Old regions: 896->946
[3,160s][info][gc,heap        ] GC(124) Humongous regions: 0->0
[3,160s][info][gc,metaspace   ] GC(124) Metaspace: 80K(320K)->80K(320K) NonClass: 77K(192K)->77K(192K) Class: 3K(128K)->3K(128K)
[3,160s][info][gc             ] GC(124) Pause Young (Concurrent Start) (G1 Evacuation Pause) 1907M->1907M(2048M) 10,957ms
[3,160s][info][gc             ] GC(125) Concurrent Mark Cycle
[3,160s][info][gc,marking     ] GC(125) Concurrent Scan Root Regions
[3,160s][info][gc,cpu         ] GC(124) User=0,17s Sys=0,00s Real=0,01s
[3,160s][info][gc,marking     ] GC(125) Concurrent Scan Root Regions 0,044ms
[3,160s][info][gc,marking     ] GC(125) Concurrent Mark
[3,160s][info][gc,marking     ] GC(125) Concurrent Mark From Roots
[3,160s][info][gc,task        ] GC(125) Using 5 workers of 5 for marking
[3,163s][info][gc,marking     ] GC(125) Concurrent Mark From Roots 2,630ms
[3,163s][info][gc,marking     ] GC(125) Concurrent Preclean
[3,163s][info][gc,marking     ] GC(125) Concurrent Preclean 0,012ms
[3,163s][info][gc,start       ] GC(125) Pause Remark
[3,164s][info][gc             ] GC(125) Pause Remark 1929M->1427M(2048M) 0,661ms
[3,164s][info][gc,cpu         ] GC(125) User=0,00s Sys=0,00s Real=0,00s
[3,164s][info][gc,marking     ] GC(125) Concurrent Mark 3,521ms
[3,164s][info][gc,marking     ] GC(125) Concurrent Rebuild Remembered Sets and Scrub Regions
[3,166s][info][gc,marking     ] GC(125) Concurrent Rebuild Remembered Sets and Scrub Regions 1,719ms
[3,166s][info][gc,start       ] GC(125) Pause Cleanup
[3,166s][info][gc             ] GC(125) Pause Cleanup 1456M->1456M(2048M) 0,534ms
[3,166s][info][gc,cpu         ] GC(125) User=0,00s Sys=0,00s Real=0,00s
[3,166s][info][gc,marking     ] GC(125) Concurrent Clear Claimed Marks
[3,167s][info][gc,marking     ] GC(125) Concurrent Clear Claimed Marks 0,024ms
[3,167s][info][gc,marking     ] GC(125) Concurrent Cleanup for Next Mark
[3,168s][info][gc,marking     ] GC(125) Concurrent Cleanup for Next Mark 1,555ms
[3,168s][info][gc             ] GC(125) Concurrent Mark Cycle 7,752ms
[3,169s][info][gc,start       ] GC(126) Pause Young (Prepare Mixed) (G1 Evacuation Pause)
[3,170s][info][gc,task        ] GC(126) Using 18 workers of 18 for evacuation
[3,179s][info][gc,phases      ] GC(126)   Pre Evacuate Collection Set: 0,2ms
[3,179s][info][gc,phases      ] GC(126)   Merge Heap Roots: 0,1ms
[3,179s][info][gc,phases      ] GC(126)   Evacuate Collection Set: 9,3ms
[3,179s][info][gc,phases      ] GC(126)   Post Evacuate Collection Set: 0,3ms
[3,179s][info][gc,phases      ] GC(126)   Other: 0,1ms
[3,179s][info][gc,heap        ] GC(126) Eden regions: 43->0(111)
[3,179s][info][gc,heap        ] GC(126) Survivor regions: 8->7(7)
[3,179s][info][gc,heap        ] GC(126) Old regions: 695->739
[3,179s][info][gc,heap        ] GC(126) Humongous regions: 0->0
[3,180s][info][gc,metaspace   ] GC(126) Metaspace: 80K(320K)->80K(320K) NonClass: 77K(192K)->77K(192K) Class: 3K(128K)->3K(128K)
[3,180s][info][gc             ] GC(126) Pause Young (Prepare Mixed) (G1 Evacuation Pause) 1490M->1490M(2048M) 10,094ms
[3,180s][info][gc,cpu         ] GC(126) User=0,16s Sys=0,00s Real=0,01s
[3,194s][info][gc,start       ] GC(127) Pause Young (Mixed) (G1 Evacuation Pause)
[3,194s][info][gc,task        ] GC(127) Using 18 workers of 18 for evacuation
[3,223s][info][gc,phases      ] GC(127)   Pre Evacuate Collection Set: 0,2ms
[3,223s][info][gc,phases      ] GC(127)   Merge Heap Roots: 0,1ms
[3,223s][info][gc,phases      ] GC(127)   Evacuate Collection Set: 28,7ms
[3,223s][info][gc,phases      ] GC(127)   Post Evacuate Collection Set: 0,3ms
[3,223s][info][gc,phases      ] GC(127)   Other: 0,1ms
[3,223s][info][gc,heap        ] GC(127) Eden regions: 111->0(83)
[3,223s][info][gc,heap        ] GC(127) Survivor regions: 7->15(15)
[3,223s][info][gc,heap        ] GC(127) Old regions: 739->790
[3,223s][info][gc,heap        ] GC(127) Humongous regions: 0->0
[3,223s][info][gc,metaspace   ] GC(127) Metaspace: 80K(320K)->80K(320K) NonClass: 77K(192K)->77K(192K) Class: 3K(128K)->3K(128K)
[3,223s][info][gc             ] GC(127) Pause Young (Mixed) (G1 Evacuation Pause) (Evacuation Failure) 1712M->1610M(2048M) 29,629ms
[3,223s][info][gc,cpu         ] GC(127) User=0,51s Sys=0,01s Real=0,03s
[3,234s][info][gc,start       ] GC(128) Pause Young (Mixed) (G1 Evacuation Pause)
[3,234s][info][gc,task        ] GC(128) Using 18 workers of 18 for evacuation
[3,259s][info][gc,phases      ] GC(128)   Pre Evacuate Collection Set: 0,3ms
[3,259s][info][gc,phases      ] GC(128)   Merge Heap Roots: 0,1ms
[3,259s][info][gc,phases      ] GC(128)   Evacuate Collection Set: 23,5ms
[3,259s][info][gc,phases      ] GC(128)   Post Evacuate Collection Set: 0,5ms
[3,259s][info][gc,phases      ] GC(128)   Other: 0,1ms
[3,259s][info][gc,heap        ] GC(128) Eden regions: 83->0(63)
[3,259s][info][gc,heap        ] GC(128) Survivor regions: 15->13(13)
[3,259s][info][gc,heap        ] GC(128) Old regions: 790->853
[3,259s][info][gc,heap        ] GC(128) Humongous regions: 0->0
[3,259s][info][gc,metaspace   ] GC(128) Metaspace: 80K(320K)->80K(320K) NonClass: 77K(192K)->77K(192K) Class: 3K(128K)->3K(128K)
[3,259s][info][gc             ] GC(128) Pause Young (Mixed) (G1 Evacuation Pause) (Evacuation Failure) 1775M->1732M(2048M) 24,652ms
[3,259s][info][gc,cpu         ] GC(128) User=0,42s Sys=0,01s Real=0,03s
[3,267s][info][gc,start       ] GC(129) Pause Young (Mixed) (G1 Evacuation Pause)
[3,267s][info][gc,task        ] GC(129) Using 18 workers of 18 for evacuation
[3,284s][info][gc,phases      ] GC(129)   Pre Evacuate Collection Set: 0,3ms
[3,284s][info][gc,phases      ] GC(129)   Merge Heap Roots: 0,1ms
[3,284s][info][gc,phases      ] GC(129)   Evacuate Collection Set: 16,4ms
[3,284s][info][gc,phases      ] GC(129)   Post Evacuate Collection Set: 0,4ms
[3,284s][info][gc,phases      ] GC(129)   Other: 0,1ms
[3,284s][info][gc,heap        ] GC(129) Eden regions: 63->0(62)
[3,284s][info][gc,heap        ] GC(129) Survivor regions: 13->10(10)
[3,284s][info][gc,heap        ] GC(129) Old regions: 853->865
[3,284s][info][gc,heap        ] GC(129) Humongous regions: 0->0
[3,284s][info][gc,metaspace   ] GC(129) Metaspace: 80K(320K)->80K(320K) NonClass: 77K(192K)->77K(192K) Class: 3K(128K)->3K(128K)
[3,284s][info][gc             ] GC(129) Pause Young (Mixed) (G1 Evacuation Pause) (Evacuation Failure) 1857M->1750M(2048M) 17,454ms
[3,284s][info][gc,cpu         ] GC(129) User=0,30s Sys=0,00s Real=0,01s
[3,292s][info][gc,start       ] GC(130) Pause Young (Mixed) (G1 Evacuation Pause)
[3,293s][info][gc,task        ] GC(130) Using 18 workers of 18 for evacuation
[3,309s][info][gc,phases      ] GC(130)   Pre Evacuate Collection Set: 0,3ms
[3,309s][info][gc,phases      ] GC(130)   Merge Heap Roots: 0,1ms
[3,309s][info][gc,phases      ] GC(130)   Evacuate Collection Set: 15,0ms
[3,309s][info][gc,phases      ] GC(130)   Post Evacuate Collection Set: 0,4ms
[3,309s][info][gc,phases      ] GC(130)   Other: 0,1ms
[3,309s][info][gc,heap        ] GC(130) Eden regions: 62->0(60)
[3,309s][info][gc,heap        ] GC(130) Survivor regions: 10->9(9)
[3,309s][info][gc,heap        ] GC(130) Old regions: 865->877
[3,309s][info][gc,heap        ] GC(130) Humongous regions: 0->0
[3,309s][info][gc,metaspace   ] GC(130) Metaspace: 80K(320K)->80K(320K) NonClass: 77K(192K)->77K(192K) Class: 3K(128K)->3K(128K)
[3,309s][info][gc             ] GC(130) Pause Young (Mixed) (G1 Evacuation Pause) (Evacuation Failure) 1873M->1772M(2048M) 16,161ms
[3,309s][info][gc,cpu         ] GC(130) User=0,26s Sys=0,01s Real=0,02s
[3,317s][info][gc,start       ] GC(131) Pause Young (Mixed) (G1 Evacuation Pause)
[3,317s][info][gc,task        ] GC(131) Using 18 workers of 18 for evacuation
[3,331s][info][gc,phases      ] GC(131)   Pre Evacuate Collection Set: 0,2ms
[3,331s][info][gc,phases      ] GC(131)   Merge Heap Roots: 0,1ms
[3,331s][info][gc,phases      ] GC(131)   Evacuate Collection Set: 13,5ms
[3,331s][info][gc,phases      ] GC(131)   Post Evacuate Collection Set: 0,3ms
[3,331s][info][gc,phases      ] GC(131)   Other: 0,1ms
[3,331s][info][gc,heap        ] GC(131) Eden regions: 60->0(42)
[3,331s][info][gc,heap        ] GC(131) Survivor regions: 9->9(9)
[3,331s][info][gc,heap        ] GC(131) Old regions: 877->923
[3,331s][info][gc,heap        ] GC(131) Humongous regions: 0->0
[3,331s][info][gc,metaspace   ] GC(131) Metaspace: 80K(320K)->80K(320K) NonClass: 77K(192K)->77K(192K) Class: 3K(128K)->3K(128K)
[3,331s][info][gc             ] GC(131) Pause Young (Mixed) (G1 Evacuation Pause) (Evacuation Failure) 1891M->1864M(2048M) 14,448ms
[3,331s][info][gc,cpu         ] GC(131) User=0,24s Sys=0,00s Real=0,01s
[3,336s][info][gc,start       ] GC(132) Pause Young (Concurrent Start) (G1 Evacuation Pause)
[3,336s][info][gc,task        ] GC(132) Using 18 workers of 18 for evacuation
[3,346s][info][gc,phases      ] GC(132)   Pre Evacuate Collection Set: 0,2ms
[3,346s][info][gc,phases      ] GC(132)   Merge Heap Roots: 0,1ms
[3,346s][info][gc,phases      ] GC(132)   Evacuate Collection Set: 8,9ms
[3,346s][info][gc,phases      ] GC(132)   Post Evacuate Collection Set: 0,2ms
[3,346s][info][gc,phases      ] GC(132)   Other: 0,1ms
[3,346s][info][gc,heap        ] GC(132) Eden regions: 42->0(42)
[3,346s][info][gc,heap        ] GC(132) Survivor regions: 9->7(7)
[3,346s][info][gc,heap        ] GC(132) Old regions: 923->968
[3,346s][info][gc,heap        ] GC(132) Humongous regions: 0->0
[3,346s][info][gc,metaspace   ] GC(132) Metaspace: 80K(320K)->80K(320K) NonClass: 77K(192K)->77K(192K) Class: 3K(128K)->3K(128K)
[3,346s][info][gc             ] GC(132) Pause Young (Concurrent Start) (G1 Evacuation Pause) (Evacuation Failure) 1947M->1950M(2048M) 9,772ms
[3,346s][info][gc             ] GC(133) Concurrent Mark Cycle
[3,346s][info][gc,marking     ] GC(133) Concurrent Scan Root Regions
[3,346s][info][gc,cpu         ] GC(132) User=0,15s Sys=0,02s Real=0,01s
[3,346s][info][gc,marking     ] GC(133) Concurrent Scan Root Regions 0,042ms
[3,346s][info][gc,marking     ] GC(133) Concurrent Mark
[3,346s][info][gc,marking     ] GC(133) Concurrent Mark From Roots
[3,346s][info][gc,task        ] GC(133) Using 5 workers of 5 for marking
[3,349s][info][gc,marking     ] GC(133) Concurrent Mark From Roots 2,846ms
[3,349s][info][gc,marking     ] GC(133) Concurrent Preclean
[3,349s][info][gc,marking     ] GC(133) Concurrent Preclean 0,013ms
[3,349s][info][gc,start       ] GC(133) Pause Remark
[3,350s][info][gc             ] GC(133) Pause Remark 1973M->1437M(2048M) 0,730ms
[3,350s][info][gc,cpu         ] GC(133) User=0,00s Sys=0,00s Real=0,00s
[3,350s][info][gc,marking     ] GC(133) Concurrent Mark 3,815ms
[3,350s][info][gc,marking     ] GC(133) Concurrent Rebuild Remembered Sets and Scrub Regions
[3,352s][info][gc,marking     ] GC(133) Concurrent Rebuild Remembered Sets and Scrub Regions 1,716ms
[3,352s][info][gc,start       ] GC(133) Pause Cleanup
[3,353s][info][gc             ] GC(133) Pause Cleanup 1465M->1465M(2048M) 0,677ms
[3,353s][info][gc,cpu         ] GC(133) User=0,00s Sys=0,00s Real=0,00s
[3,353s][info][gc,marking     ] GC(133) Concurrent Clear Claimed Marks
[3,353s][info][gc,marking     ] GC(133) Concurrent Clear Claimed Marks 0,021ms
[3,353s][info][gc,marking     ] GC(133) Concurrent Cleanup for Next Mark
[3,354s][info][gc,marking     ] GC(133) Concurrent Cleanup for Next Mark 1,599ms
[3,354s][info][gc             ] GC(133) Concurrent Mark Cycle 8,291ms
[3,356s][info][gc,start       ] GC(134) Pause Young (Prepare Mixed) (G1 Evacuation Pause)
[3,356s][info][gc,task        ] GC(134) Using 18 workers of 18 for evacuation
[3,365s][info][gc,phases      ] GC(134)   Pre Evacuate Collection Set: 0,3ms
[3,365s][info][gc,phases      ] GC(134)   Merge Heap Roots: 0,1ms
[3,365s][info][gc,phases      ] GC(134)   Evacuate Collection Set: 8,9ms
[3,366s][info][gc,phases      ] GC(134)   Post Evacuate Collection Set: 0,3ms
[3,366s][info][gc,phases      ] GC(134)   Other: 0,1ms
[3,366s][info][gc,heap        ] GC(134) Eden regions: 42->0(111)
[3,366s][info][gc,heap        ] GC(134) Survivor regions: 7->7(7)
[3,366s][info][gc,heap        ] GC(134) Old regions: 700->742
[3,366s][info][gc,heap        ] GC(134) Humongous regions: 0->0
[3,366s][info][gc,metaspace   ] GC(134) Metaspace: 80K(320K)->80K(320K) NonClass: 77K(192K)->77K(192K) Class: 3K(128K)->3K(128K)
[3,366s][info][gc             ] GC(134) Pause Young (Prepare Mixed) (G1 Evacuation Pause) 1497M->1497M(2048M) 9,983ms
[3,366s][info][gc,cpu         ] GC(134) User=0,16s Sys=0,00s Real=0,01s
[3,380s][info][gc,start       ] GC(135) Pause Young (Mixed) (G1 Evacuation Pause)
[3,380s][info][gc,task        ] GC(135) Using 18 workers of 18 for evacuation
[3,409s][info][gc,phases      ] GC(135)   Pre Evacuate Collection Set: 0,2ms
[3,409s][info][gc,phases      ] GC(135)   Merge Heap Roots: 0,1ms
[3,409s][info][gc,phases      ] GC(135)   Evacuate Collection Set: 28,4ms
[3,409s][info][gc,phases      ] GC(135)   Post Evacuate Collection Set: 0,4ms
[3,409s][info][gc,phases      ] GC(135)   Other: 0,1ms
[3,409s][info][gc,heap        ] GC(135) Eden regions: 111->0(82)
[3,409s][info][gc,heap        ] GC(135) Survivor regions: 7->15(15)
[3,409s][info][gc,heap        ] GC(135) Old regions: 742->798
[3,409s][info][gc,heap        ] GC(135) Humongous regions: 0->0
[3,409s][info][gc,metaspace   ] GC(135) Metaspace: 80K(320K)->80K(320K) NonClass: 77K(192K)->77K(192K) Class: 3K(128K)->3K(128K)
[3,409s][info][gc             ] GC(135) Pause Young (Mixed) (G1 Evacuation Pause) (Evacuation Failure) 1718M->1626M(2048M) 29,329ms
[3,409s][info][gc,cpu         ] GC(135) User=0,51s Sys=0,01s Real=0,03s
[3,420s][info][gc,start       ] GC(136) Pause Young (Mixed) (G1 Evacuation Pause)
[3,420s][info][gc,task        ] GC(136) Using 18 workers of 18 for evacuation
[3,443s][info][gc,phases      ] GC(136)   Pre Evacuate Collection Set: 0,3ms
[3,443s][info][gc,phases      ] GC(136)   Merge Heap Roots: 0,1ms
[3,443s][info][gc,phases      ] GC(136)   Evacuate Collection Set: 22,2ms
[3,443s][info][gc,phases      ] GC(136)   Post Evacuate Collection Set: 0,4ms
[3,443s][info][gc,phases      ] GC(136)   Other: 0,1ms
[3,443s][info][gc,heap        ] GC(136) Eden regions: 82->0(66)
[3,443s][info][gc,heap        ] GC(136) Survivor regions: 15->13(13)
[3,443s][info][gc,heap        ] GC(136) Old regions: 798->847
[3,443s][info][gc,heap        ] GC(136) Humongous regions: 0->0
[3,443s][info][gc,metaspace   ] GC(136) Metaspace: 80K(320K)->80K(320K) NonClass: 77K(192K)->77K(192K) Class: 3K(128K)->3K(128K)
[3,443s][info][gc             ] GC(136) Pause Young (Mixed) (G1 Evacuation Pause) (Evacuation Failure) 1789M->1720M(2048M) 23,346ms
[3,443s][info][gc,cpu         ] GC(136) User=0,40s Sys=0,00s Real=0,02s
[3,452s][info][gc,start       ] GC(137) Pause Young (Mixed) (G1 Evacuation Pause)
[3,452s][info][gc,task        ] GC(137) Using 18 workers of 18 for evacuation
[3,470s][info][gc,phases      ] GC(137)   Pre Evacuate Collection Set: 0,3ms
[3,470s][info][gc,phases      ] GC(137)   Merge Heap Roots: 0,1ms
[3,470s][info][gc,phases      ] GC(137)   Evacuate Collection Set: 17,0ms
[3,470s][info][gc,phases      ] GC(137)   Post Evacuate Collection Set: 0,5ms
[3,470s][info][gc,phases      ] GC(137)   Other: 0,1ms
[3,470s][info][gc,heap        ] GC(137) Eden regions: 66->0(60)
[3,470s][info][gc,heap        ] GC(137) Survivor regions: 13->10(10)
[3,470s][info][gc,heap        ] GC(137) Old regions: 847->879
[3,470s][info][gc,heap        ] GC(137) Humongous regions: 0->0
[3,470s][info][gc,metaspace   ] GC(137) Metaspace: 80K(320K)->80K(320K) NonClass: 77K(192K)->77K(192K) Class: 3K(128K)->3K(128K)
[3,470s][info][gc             ] GC(137) Pause Young (Mixed) (G1 Evacuation Pause) (Evacuation Failure) 1851M->1778M(2048M) 18,190ms
[3,470s][info][gc,cpu         ] GC(137) User=0,30s Sys=0,00s Real=0,02s
[3,477s][info][gc,start       ] GC(138) Pause Young (Mixed) (G1 Evacuation Pause)
[3,477s][info][gc,task        ] GC(138) Using 18 workers of 18 for evacuation
[3,491s][info][gc,phases      ] GC(138)   Pre Evacuate Collection Set: 0,3ms
[3,491s][info][gc,phases      ] GC(138)   Merge Heap Roots: 0,1ms
[3,491s][info][gc,phases      ] GC(138)   Evacuate Collection Set: 13,1ms
[3,491s][info][gc,phases      ] GC(138)   Post Evacuate Collection Set: 0,4ms
[3,491s][info][gc,phases      ] GC(138)   Other: 0,1ms
[3,491s][info][gc,heap        ] GC(138) Eden regions: 60->0(62)
[3,491s][info][gc,heap        ] GC(138) Survivor regions: 10->9(9)
[3,491s][info][gc,heap        ] GC(138) Old regions: 879->882
[3,491s][info][gc,heap        ] GC(138) Humongous regions: 0->0
[3,491s][info][gc,metaspace   ] GC(138) Metaspace: 80K(320K)->80K(320K) NonClass: 77K(192K)->77K(192K) Class: 3K(128K)->3K(128K)
[3,491s][info][gc             ] GC(138) Pause Young (Mixed) (G1 Evacuation Pause) (Evacuation Failure) 1897M->1782M(2048M) 14,201ms
[3,491s][info][gc,cpu         ] GC(138) User=0,23s Sys=0,01s Real=0,01s
[3,499s][info][gc,start       ] GC(139) Pause Young (Mixed) (G1 Evacuation Pause)
[3,499s][info][gc,task        ] GC(139) Using 18 workers of 18 for evacuation
[3,512s][info][gc,phases      ] GC(139)   Pre Evacuate Collection Set: 0,3ms
[3,512s][info][gc,phases      ] GC(139)   Merge Heap Roots: 0,1ms
[3,512s][info][gc,phases      ] GC(139)   Evacuate Collection Set: 12,4ms
[3,512s][info][gc,phases      ] GC(139)   Post Evacuate Collection Set: 0,2ms
[3,512s][info][gc,phases      ] GC(139)   Other: 0,1ms
[3,512s][info][gc,heap        ] GC(139) Eden regions: 62->0(48)
[3,512s][info][gc,heap        ] GC(139) Survivor regions: 9->9(9)
[3,512s][info][gc,heap        ] GC(139) Old regions: 882->902
[3,512s][info][gc,heap        ] GC(139) Humongous regions: 0->0
[3,512s][info][gc,metaspace   ] GC(139) Metaspace: 80K(320K)->80K(320K) NonClass: 77K(192K)->77K(192K) Class: 3K(128K)->3K(128K)
[3,513s][info][gc             ] GC(139) Pause Young (Mixed) (G1 Evacuation Pause) (Evacuation Failure) 1905M->1822M(2048M) 13,257ms
[3,513s][info][gc,cpu         ] GC(139) User=0,21s Sys=0,00s Real=0,01s
[3,519s][info][gc,start       ] GC(140) Pause Young (Concurrent Start) (G1 Evacuation Pause)
[3,519s][info][gc,task        ] GC(140) Using 18 workers of 18 for evacuation
[3,530s][info][gc,phases      ] GC(140)   Pre Evacuate Collection Set: 0,3ms
[3,530s][info][gc,phases      ] GC(140)   Merge Heap Roots: 0,1ms
[3,530s][info][gc,phases      ] GC(140)   Evacuate Collection Set: 10,2ms
[3,530s][info][gc,phases      ] GC(140)   Post Evacuate Collection Set: 0,2ms
[3,530s][info][gc,phases      ] GC(140)   Other: 0,1ms
[3,530s][info][gc,heap        ] GC(140) Eden regions: 48->0(43)
[3,530s][info][gc,heap        ] GC(140) Survivor regions: 9->8(8)
[3,530s][info][gc,heap        ] GC(140) Old regions: 902->951
[3,530s][info][gc,heap        ] GC(140) Humongous regions: 0->0
[3,530s][info][gc,metaspace   ] GC(140) Metaspace: 80K(320K)->80K(320K) NonClass: 77K(192K)->77K(192K) Class: 3K(128K)->3K(128K)
[3,530s][info][gc             ] GC(140) Pause Young (Concurrent Start) (G1 Evacuation Pause) 1917M->1917M(2048M) 11,082ms
[3,530s][info][gc             ] GC(141) Concurrent Mark Cycle
[3,530s][info][gc,marking     ] GC(141) Concurrent Scan Root Regions
[3,530s][info][gc,cpu         ] GC(140) User=0,17s Sys=0,01s Real=0,01s
[3,530s][info][gc,marking     ] GC(141) Concurrent Scan Root Regions 0,043ms
[3,530s][info][gc,marking     ] GC(141) Concurrent Mark
[3,530s][info][gc,marking     ] GC(141) Concurrent Mark From Roots
[3,530s][info][gc,task        ] GC(141) Using 5 workers of 5 for marking
[3,532s][info][gc,marking     ] GC(141) Concurrent Mark From Roots 2,574ms
[3,532s][info][gc,marking     ] GC(141) Concurrent Preclean
[3,532s][info][gc,marking     ] GC(141) Concurrent Preclean 0,012ms
[3,533s][info][gc,start       ] GC(141) Pause Remark
[3,533s][info][gc             ] GC(141) Pause Remark 1939M->1429M(2048M) 0,711ms
[3,533s][info][gc,cpu         ] GC(141) User=0,00s Sys=0,00s Real=0,00s
[3,533s][info][gc,marking     ] GC(141) Concurrent Mark 3,524ms
[3,533s][info][gc,marking     ] GC(141) Concurrent Rebuild Remembered Sets and Scrub Regions
[3,535s][info][gc,marking     ] GC(141) Concurrent Rebuild Remembered Sets and Scrub Regions 1,615ms
[3,535s][info][gc,start       ] GC(141) Pause Cleanup
[3,536s][info][gc             ] GC(141) Pause Cleanup 1456M->1456M(2048M) 0,566ms
[3,536s][info][gc,cpu         ] GC(141) User=0,00s Sys=0,00s Real=0,00s
[3,536s][info][gc,marking     ] GC(141) Concurrent Clear Claimed Marks
[3,536s][info][gc,marking     ] GC(141) Concurrent Clear Claimed Marks 0,035ms
[3,536s][info][gc,marking     ] GC(141) Concurrent Cleanup for Next Mark
[3,538s][info][gc,marking     ] GC(141) Concurrent Cleanup for Next Mark 1,644ms
[3,538s][info][gc             ] GC(141) Concurrent Mark Cycle 7,836ms
[3,539s][info][gc,start       ] GC(142) Pause Young (Prepare Mixed) (G1 Evacuation Pause)
[3,539s][info][gc,task        ] GC(142) Using 18 workers of 18 for evacuation
[3,549s][info][gc,phases      ] GC(142)   Pre Evacuate Collection Set: 0,2ms
[3,549s][info][gc,phases      ] GC(142)   Merge Heap Roots: 0,1ms
[3,549s][info][gc,phases      ] GC(142)   Evacuate Collection Set: 9,1ms
[3,549s][info][gc,phases      ] GC(142)   Post Evacuate Collection Set: 0,3ms
[3,549s][info][gc,phases      ] GC(142)   Other: 0,1ms
[3,549s][info][gc,heap        ] GC(142) Eden regions: 43->0(111)
[3,549s][info][gc,heap        ] GC(142) Survivor regions: 8->7(7)
[3,549s][info][gc,heap        ] GC(142) Old regions: 696->740
[3,549s][info][gc,heap        ] GC(142) Humongous regions: 0->0
[3,549s][info][gc,metaspace   ] GC(142) Metaspace: 80K(320K)->80K(320K) NonClass: 77K(192K)->77K(192K) Class: 3K(128K)->3K(128K)
[3,549s][info][gc             ] GC(142) Pause Young (Prepare Mixed) (G1 Evacuation Pause) 1492M->1492M(2048M) 10,012ms
[3,549s][info][gc,cpu         ] GC(142) User=0,16s Sys=0,00s Real=0,01s
[3,563s][info][gc,start       ] GC(143) Pause Young (Mixed) (G1 Evacuation Pause)
[3,563s][info][gc,task        ] GC(143) Using 18 workers of 18 for evacuation
[3,593s][info][gc,phases      ] GC(143)   Pre Evacuate Collection Set: 0,2ms
[3,593s][info][gc,phases      ] GC(143)   Merge Heap Roots: 0,1ms
[3,593s][info][gc,phases      ] GC(143)   Evacuate Collection Set: 28,5ms
[3,593s][info][gc,phases      ] GC(143)   Post Evacuate Collection Set: 0,4ms
[3,593s][info][gc,phases      ] GC(143)   Other: 0,1ms
[3,593s][info][gc,heap        ] GC(143) Eden regions: 111->0(82)
[3,593s][info][gc,heap        ] GC(143) Survivor regions: 7->15(15)
[3,593s][info][gc,heap        ] GC(143) Old regions: 740->796
[3,593s][info][gc,heap        ] GC(143) Humongous regions: 0->0
[3,593s][info][gc,metaspace   ] GC(143) Metaspace: 80K(320K)->80K(320K) NonClass: 77K(192K)->77K(192K) Class: 3K(128K)->3K(128K)
[3,593s][info][gc             ] GC(143) Pause Young (Mixed) (G1 Evacuation Pause) (Evacuation Failure) 1714M->1622M(2048M) 29,511ms
[3,593s][info][gc,cpu         ] GC(143) User=0,51s Sys=0,01s Real=0,03s
[3,603s][info][gc,start       ] GC(144) Pause Young (Mixed) (G1 Evacuation Pause)
[3,603s][info][gc,task        ] GC(144) Using 18 workers of 18 for evacuation
[3,627s][info][gc,phases      ] GC(144)   Pre Evacuate Collection Set: 0,3ms
[3,627s][info][gc,phases      ] GC(144)   Merge Heap Roots: 0,1ms
[3,627s][info][gc,phases      ] GC(144)   Evacuate Collection Set: 22,6ms
[3,627s][info][gc,phases      ] GC(144)   Post Evacuate Collection Set: 0,4ms
[3,627s][info][gc,phases      ] GC(144)   Other: 0,1ms
[3,627s][info][gc,heap        ] GC(144) Eden regions: 82->0(69)
[3,627s][info][gc,heap        ] GC(144) Survivor regions: 15->13(13)
[3,627s][info][gc,heap        ] GC(144) Old regions: 796->834
[3,627s][info][gc,heap        ] GC(144) Humongous regions: 0->0
[3,627s][info][gc,metaspace   ] GC(144) Metaspace: 80K(320K)->80K(320K) NonClass: 77K(192K)->77K(192K) Class: 3K(128K)->3K(128K)
[3,627s][info][gc             ] GC(144) Pause Young (Mixed) (G1 Evacuation Pause) (Evacuation Failure) 1785M->1694M(2048M) 23,674ms
[3,627s][info][gc,cpu         ] GC(144) User=0,40s Sys=0,01s Real=0,03s
[3,636s][info][gc,start       ] GC(145) Pause Young (Mixed) (G1 Evacuation Pause)
[3,636s][info][gc,task        ] GC(145) Using 18 workers of 18 for evacuation
[3,655s][info][gc,phases      ] GC(145)   Pre Evacuate Collection Set: 0,2ms
[3,655s][info][gc,phases      ] GC(145)   Merge Heap Roots: 0,1ms
[3,655s][info][gc,phases      ] GC(145)   Evacuate Collection Set: 18,6ms
[3,655s][info][gc,phases      ] GC(145)   Post Evacuate Collection Set: 0,4ms
[3,655s][info][gc,phases      ] GC(145)   Other: 0,1ms
[3,655s][info][gc,heap        ] GC(145) Eden regions: 69->0(63)
[3,655s][info][gc,heap        ] GC(145) Survivor regions: 13->11(11)
[3,655s][info][gc,heap        ] GC(145) Old regions: 834->861
[3,655s][info][gc,heap        ] GC(145) Humongous regions: 0->0
[3,655s][info][gc,metaspace   ] GC(145) Metaspace: 80K(320K)->80K(320K) NonClass: 77K(192K)->77K(192K) Class: 3K(128K)->3K(128K)
[3,655s][info][gc             ] GC(145) Pause Young (Mixed) (G1 Evacuation Pause) (Evacuation Failure) 1831M->1744M(2048M) 19,601ms
[3,655s][info][gc,cpu         ] GC(145) User=0,33s Sys=0,00s Real=0,02s
[3,663s][info][gc,start       ] GC(146) Pause Young (Mixed) (G1 Evacuation Pause)
[3,663s][info][gc,task        ] GC(146) Using 18 workers of 18 for evacuation
[3,680s][info][gc,phases      ] GC(146)   Pre Evacuate Collection Set: 0,3ms
[3,680s][info][gc,phases      ] GC(146)   Merge Heap Roots: 0,1ms
[3,680s][info][gc,phases      ] GC(146)   Evacuate Collection Set: 15,6ms
[3,680s][info][gc,phases      ] GC(146)   Post Evacuate Collection Set: 0,4ms
[3,680s][info][gc,phases      ] GC(146)   Other: 0,1ms
[3,680s][info][gc,heap        ] GC(146) Eden regions: 63->0(63)
[3,680s][info][gc,heap        ] GC(146) Survivor regions: 11->10(10)
[3,680s][info][gc,heap        ] GC(146) Old regions: 861->867
[3,680s][info][gc,heap        ] GC(146) Humongous regions: 0->0
[3,680s][info][gc,metaspace   ] GC(146) Metaspace: 80K(320K)->80K(320K) NonClass: 77K(192K)->77K(192K) Class: 3K(128K)->3K(128K)
[3,680s][info][gc             ] GC(146) Pause Young (Mixed) (G1 Evacuation Pause) (Evacuation Failure) 1869M->1754M(2048M) 16,612ms
[3,680s][info][gc,cpu         ] GC(146) User=0,28s Sys=0,00s Real=0,02s
[3,689s][info][gc,start       ] GC(147) Pause Young (Mixed) (G1 Evacuation Pause)
[3,689s][info][gc,task        ] GC(147) Using 18 workers of 18 for evacuation
[3,704s][info][gc,phases      ] GC(147)   Pre Evacuate Collection Set: 0,2ms
[3,704s][info][gc,phases      ] GC(147)   Merge Heap Roots: 0,1ms
[3,704s][info][gc,phases      ] GC(147)   Evacuate Collection Set: 14,5ms
[3,704s][info][gc,phases      ] GC(147)   Post Evacuate Collection Set: 0,2ms
[3,704s][info][gc,phases      ] GC(147)   Other: 0,1ms
[3,704s][info][gc,heap        ] GC(147) Eden regions: 63->0(44)
[3,704s][info][gc,heap        ] GC(147) Survivor regions: 10->10(10)
[3,704s][info][gc,heap        ] GC(147) Old regions: 867->906
[3,704s][info][gc,heap        ] GC(147) Humongous regions: 0->0
[3,704s][info][gc,metaspace   ] GC(147) Metaspace: 80K(320K)->80K(320K) NonClass: 77K(192K)->77K(192K) Class: 3K(128K)->3K(128K)
[3,704s][info][gc             ] GC(147) Pause Young (Mixed) (G1 Evacuation Pause) (Evacuation Failure) 1879M->1832M(2048M) 15,236ms
[3,704s][info][gc,cpu         ] GC(147) User=0,25s Sys=0,01s Real=0,01s
[3,709s][info][gc,start       ] GC(148) Pause Young (Concurrent Start) (G1 Evacuation Pause)
[3,710s][info][gc,task        ] GC(148) Using 18 workers of 18 for evacuation
[3,720s][info][gc,phases      ] GC(148)   Pre Evacuate Collection Set: 0,2ms
[3,720s][info][gc,phases      ] GC(148)   Merge Heap Roots: 0,0ms
[3,720s][info][gc,phases      ] GC(148)   Evacuate Collection Set: 9,6ms
[3,720s][info][gc,phases      ] GC(148)   Post Evacuate Collection Set: 0,2ms
[3,720s][info][gc,phases      ] GC(148)   Other: 0,1ms
[3,720s][info][gc,heap        ] GC(148) Eden regions: 44->0(44)
[3,720s][info][gc,heap        ] GC(148) Survivor regions: 10->7(7)
[3,720s][info][gc,heap        ] GC(148) Old regions: 906->953
[3,720s][info][gc,heap        ] GC(148) Humongous regions: 0->0
[3,720s][info][gc,metaspace   ] GC(148) Metaspace: 80K(320K)->80K(320K) NonClass: 77K(192K)->77K(192K) Class: 3K(128K)->3K(128K)
[3,720s][info][gc             ] GC(148) Pause Young (Concurrent Start) (G1 Evacuation Pause) 1919M->1919M(2048M) 10,351ms
[3,720s][info][gc,cpu         ] GC(148) User=0,17s Sys=0,00s Real=0,01s
[3,720s][info][gc             ] GC(149) Concurrent Mark Cycle
[3,720s][info][gc,marking     ] GC(149) Concurrent Scan Root Regions
[3,720s][info][gc,marking     ] GC(149) Concurrent Scan Root Regions 0,059ms
[3,720s][info][gc,marking     ] GC(149) Concurrent Mark
[3,720s][info][gc,marking     ] GC(149) Concurrent Mark From Roots
[3,720s][info][gc,task        ] GC(149) Using 5 workers of 5 for marking
[3,722s][info][gc,marking     ] GC(149) Concurrent Mark From Roots 2,243ms
[3,722s][info][gc,marking     ] GC(149) Concurrent Preclean
[3,722s][info][gc,marking     ] GC(149) Concurrent Preclean 0,011ms
[3,722s][info][gc,start       ] GC(149) Pause Remark
[3,723s][info][gc             ] GC(149) Pause Remark 1939M->1409M(2048M) 0,635ms
[3,723s][info][gc,cpu         ] GC(149) User=0,00s Sys=0,00s Real=0,00s
[3,723s][info][gc,marking     ] GC(149) Concurrent Mark 3,086ms
[3,723s][info][gc,marking     ] GC(149) Concurrent Rebuild Remembered Sets and Scrub Regions
[3,724s][info][gc,marking     ] GC(149) Concurrent Rebuild Remembered Sets and Scrub Regions 1,300ms
[3,724s][info][gc,start       ] GC(149) Pause Cleanup
[3,725s][info][gc             ] GC(149) Pause Cleanup 1429M->1429M(2048M) 0,440ms
[3,725s][info][gc,cpu         ] GC(149) User=0,00s Sys=0,00s Real=0,01s
[3,725s][info][gc,marking     ] GC(149) Concurrent Clear Claimed Marks
[3,725s][info][gc,marking     ] GC(149) Concurrent Clear Claimed Marks 0,014ms
[3,725s][info][gc,marking     ] GC(149) Concurrent Cleanup for Next Mark
[3,726s][info][gc,marking     ] GC(149) Concurrent Cleanup for Next Mark 1,464ms
[3,726s][info][gc             ] GC(149) Concurrent Mark Cycle 6,659ms
[3,729s][info][gc,start       ] GC(150) Pause Young (Prepare Mixed) (G1 Evacuation Pause)
[3,729s][info][gc,task        ] GC(150) Using 18 workers of 18 for evacuation
[3,739s][info][gc,phases      ] GC(150)   Pre Evacuate Collection Set: 0,2ms
[3,739s][info][gc,phases      ] GC(150)   Merge Heap Roots: 0,1ms
[3,739s][info][gc,phases      ] GC(150)   Evacuate Collection Set: 9,2ms
[3,739s][info][gc,phases      ] GC(150)   Post Evacuate Collection Set: 0,3ms
[3,739s][info][gc,phases      ] GC(150)   Other: 0,1ms
[3,739s][info][gc,heap        ] GC(150) Eden regions: 44->0(114)
[3,739s][info][gc,heap        ] GC(150) Survivor regions: 7->7(7)
[3,739s][info][gc,heap        ] GC(150) Old regions: 688->732
[3,739s][info][gc,heap        ] GC(150) Humongous regions: 0->0
[3,739s][info][gc,metaspace   ] GC(150) Metaspace: 80K(320K)->80K(320K) NonClass: 77K(192K)->77K(192K) Class: 3K(128K)->3K(128K)
[3,739s][info][gc             ] GC(150) Pause Young (Prepare Mixed) (G1 Evacuation Pause) 1476M->1476M(2048M) 10,067ms
[3,739s][info][gc,cpu         ] GC(150) User=0,16s Sys=0,00s Real=0,01s
[3,753s][info][gc,start       ] GC(151) Pause Young (Mixed) (G1 Evacuation Pause)
[3,753s][info][gc,task        ] GC(151) Using 18 workers of 18 for evacuation
[3,783s][info][gc,phases      ] GC(151)   Pre Evacuate Collection Set: 0,3ms
[3,783s][info][gc,phases      ] GC(151)   Merge Heap Roots: 0,1ms
[3,783s][info][gc,phases      ] GC(151)   Evacuate Collection Set: 29,3ms
[3,783s][info][gc,phases      ] GC(151)   Post Evacuate Collection Set: 0,3ms
[3,783s][info][gc,phases      ] GC(151)   Other: 0,1ms
[3,783s][info][gc,heap        ] GC(151) Eden regions: 114->0(84)
[3,783s][info][gc,heap        ] GC(151) Survivor regions: 7->16(16)
[3,783s][info][gc,heap        ] GC(151) Old regions: 732->785
[3,783s][info][gc,heap        ] GC(151) Humongous regions: 0->0
[3,783s][info][gc,metaspace   ] GC(151) Metaspace: 80K(320K)->80K(320K) NonClass: 77K(192K)->77K(192K) Class: 3K(128K)->3K(128K)
[3,784s][info][gc             ] GC(151) Pause Young (Mixed) (G1 Evacuation Pause) (Evacuation Failure) 1704M->1602M(2048M) 30,252ms
[3,784s][info][gc,cpu         ] GC(151) User=0,51s Sys=0,02s Real=0,03s
[3,794s][info][gc,start       ] GC(152) Pause Young (Mixed) (G1 Evacuation Pause)
[3,794s][info][gc,task        ] GC(152) Using 18 workers of 18 for evacuation
[3,819s][info][gc,phases      ] GC(152)   Pre Evacuate Collection Set: 0,3ms
[3,819s][info][gc,phases      ] GC(152)   Merge Heap Roots: 0,1ms
[3,819s][info][gc,phases      ] GC(152)   Evacuate Collection Set: 24,0ms
[3,819s][info][gc,phases      ] GC(152)   Post Evacuate Collection Set: 0,4ms
[3,819s][info][gc,phases      ] GC(152)   Other: 0,1ms
[3,819s][info][gc,heap        ] GC(152) Eden regions: 84->0(66)
[3,819s][info][gc,heap        ] GC(152) Survivor regions: 16->13(13)
[3,819s][info][gc,heap        ] GC(152) Old regions: 785->843
[3,819s][info][gc,heap        ] GC(152) Humongous regions: 0->0
[3,819s][info][gc,metaspace   ] GC(152) Metaspace: 80K(320K)->80K(320K) NonClass: 77K(192K)->77K(192K) Class: 3K(128K)->3K(128K)
[3,819s][info][gc             ] GC(152) Pause Young (Mixed) (G1 Evacuation Pause) (Evacuation Failure) 1769M->1712M(2048M) 25,039ms
[3,819s][info][gc,cpu         ] GC(152) User=0,42s Sys=0,02s Real=0,03s
[3,828s][info][gc,start       ] GC(153) Pause Young (Mixed) (G1 Evacuation Pause)
[3,828s][info][gc,task        ] GC(153) Using 18 workers of 18 for evacuation
[3,846s][info][gc,phases      ] GC(153)   Pre Evacuate Collection Set: 0,2ms
[3,846s][info][gc,phases      ] GC(153)   Merge Heap Roots: 0,1ms
[3,846s][info][gc,phases      ] GC(153)   Evacuate Collection Set: 17,5ms
[3,846s][info][gc,phases      ] GC(153)   Post Evacuate Collection Set: 0,4ms
[3,846s][info][gc,phases      ] GC(153)   Other: 0,1ms
[3,846s][info][gc,heap        ] GC(153) Eden regions: 66->0(64)
[3,846s][info][gc,heap        ] GC(153) Survivor regions: 13->10(10)
[3,846s][info][gc,heap        ] GC(153) Old regions: 843->854
[3,846s][info][gc,heap        ] GC(153) Humongous regions: 0->0
[3,846s][info][gc,metaspace   ] GC(153) Metaspace: 80K(320K)->80K(320K) NonClass: 77K(192K)->77K(192K) Class: 3K(128K)->3K(128K)
[3,846s][info][gc             ] GC(153) Pause Young (Mixed) (G1 Evacuation Pause) (Evacuation Failure) 1843M->1728M(2048M) 18,447ms
[3,846s][info][gc,cpu         ] GC(153) User=0,31s Sys=0,00s Real=0,02s
[3,855s][info][gc,start       ] GC(154) Pause Young (Mixed) (G1 Evacuation Pause)
[3,855s][info][gc,task        ] GC(154) Using 18 workers of 18 for evacuation
[3,872s][info][gc,phases      ] GC(154)   Pre Evacuate Collection Set: 0,3ms
[3,872s][info][gc,phases      ] GC(154)   Merge Heap Roots: 0,1ms
[3,872s][info][gc,phases      ] GC(154)   Evacuate Collection Set: 16,8ms
[3,872s][info][gc,phases      ] GC(154)   Post Evacuate Collection Set: 0,4ms
[3,872s][info][gc,phases      ] GC(154)   Other: 0,1ms
[3,872s][info][gc,heap        ] GC(154) Eden regions: 64->0(60)
[3,872s][info][gc,heap        ] GC(154) Survivor regions: 10->10(10)
[3,872s][info][gc,heap        ] GC(154) Old regions: 854->874
[3,872s][info][gc,heap        ] GC(154) Humongous regions: 0->0
[3,872s][info][gc,metaspace   ] GC(154) Metaspace: 80K(320K)->80K(320K) NonClass: 77K(192K)->77K(192K) Class: 3K(128K)->3K(128K)
[3,872s][info][gc             ] GC(154) Pause Young (Mixed) (G1 Evacuation Pause) (Evacuation Failure) 1855M->1768M(2048M) 17,866ms
[3,872s][info][gc,cpu         ] GC(154) User=0,31s Sys=0,00s Real=0,02s
[3,880s][info][gc,start       ] GC(155) Pause Young (Mixed) (G1 Evacuation Pause)
[3,880s][info][gc,task        ] GC(155) Using 18 workers of 18 for evacuation
[3,893s][info][gc,phases      ] GC(155)   Pre Evacuate Collection Set: 0,2ms
[3,893s][info][gc,phases      ] GC(155)   Merge Heap Roots: 0,1ms
[3,893s][info][gc,phases      ] GC(155)   Evacuate Collection Set: 12,5ms
[3,893s][info][gc,phases      ] GC(155)   Post Evacuate Collection Set: 0,2ms
[3,893s][info][gc,phases      ] GC(155)   Other: 0,1ms
[3,893s][info][gc,heap        ] GC(155) Eden regions: 60->0(44)
[3,893s][info][gc,heap        ] GC(155) Survivor regions: 10->9(9)
[3,893s][info][gc,heap        ] GC(155) Old regions: 874->907
[3,893s][info][gc,heap        ] GC(155) Humongous regions: 0->0
[3,893s][info][gc,metaspace   ] GC(155) Metaspace: 80K(320K)->80K(320K) NonClass: 77K(192K)->77K(192K) Class: 3K(128K)->3K(128K)
[3,893s][info][gc             ] GC(155) Pause Young (Mixed) (G1 Evacuation Pause) 1887M->1831M(2048M) 13,265ms
[3,893s][info][gc,cpu         ] GC(155) User=0,22s Sys=0,01s Real=0,01s
[3,899s][info][gc,start       ] GC(156) Pause Young (Concurrent Start) (G1 Evacuation Pause)
[3,899s][info][gc,task        ] GC(156) Using 18 workers of 18 for evacuation
[3,909s][info][gc,phases      ] GC(156)   Pre Evacuate Collection Set: 0,3ms
[3,909s][info][gc,phases      ] GC(156)   Merge Heap Roots: 0,1ms
[3,909s][info][gc,phases      ] GC(156)   Evacuate Collection Set: 9,3ms
[3,909s][info][gc,phases      ] GC(156)   Post Evacuate Collection Set: 0,2ms
[3,909s][info][gc,phases      ] GC(156)   Other: 0,1ms
[3,909s][info][gc,heap        ] GC(156) Eden regions: 44->0(44)
[3,909s][info][gc,heap        ] GC(156) Survivor regions: 9->7(7)
[3,909s][info][gc,heap        ] GC(156) Old regions: 907->953
[3,909s][info][gc,heap        ] GC(156) Humongous regions: 0->0
[3,909s][info][gc,metaspace   ] GC(156) Metaspace: 80K(320K)->80K(320K) NonClass: 77K(192K)->77K(192K) Class: 3K(128K)->3K(128K)
[3,909s][info][gc             ] GC(156) Pause Young (Concurrent Start) (G1 Evacuation Pause) 1918M->1918M(2048M) 10,292ms
[3,909s][info][gc             ] GC(157) Concurrent Mark Cycle
[3,909s][info][gc,marking     ] GC(157) Concurrent Scan Root Regions
[3,909s][info][gc,cpu         ] GC(156) User=0,15s Sys=0,00s Real=0,01s
[3,910s][info][gc,marking     ] GC(157) Concurrent Scan Root Regions 0,064ms
[3,910s][info][gc,marking     ] GC(157) Concurrent Mark
[3,910s][info][gc,marking     ] GC(157) Concurrent Mark From Roots
[3,910s][info][gc,task        ] GC(157) Using 5 workers of 5 for marking
[3,912s][info][gc,marking     ] GC(157) Concurrent Mark From Roots 2,855ms
[3,912s][info][gc,marking     ] GC(157) Concurrent Preclean
[3,912s][info][gc,marking     ] GC(157) Concurrent Preclean 0,011ms
[3,913s][info][gc,start       ] GC(157) Pause Remark
[3,913s][info][gc             ] GC(157) Pause Remark 1941M->1427M(2048M) 0,820ms
[3,913s][info][gc,cpu         ] GC(157) User=0,00s Sys=0,00s Real=0,00s
[3,913s][info][gc,marking     ] GC(157) Concurrent Mark 3,921ms
[3,913s][info][gc,marking     ] GC(157) Concurrent Rebuild Remembered Sets and Scrub Regions
[3,915s][info][gc,marking     ] GC(157) Concurrent Rebuild Remembered Sets and Scrub Regions 1,894ms
[3,916s][info][gc,start       ] GC(157) Pause Cleanup
[3,916s][info][gc             ] GC(157) Pause Cleanup 1457M->1457M(2048M) 0,873ms
[3,916s][info][gc,cpu         ] GC(157) User=0,00s Sys=0,00s Real=0,00s
[3,917s][info][gc,marking     ] GC(157) Concurrent Clear Claimed Marks
[3,917s][info][gc,marking     ] GC(157) Concurrent Clear Claimed Marks 0,024ms
[3,917s][info][gc,marking     ] GC(157) Concurrent Cleanup for Next Mark
[3,918s][info][gc,marking     ] GC(157) Concurrent Cleanup for Next Mark 1,529ms
[3,918s][info][gc             ] GC(157) Concurrent Mark Cycle 8,710ms
[3,920s][info][gc,start       ] GC(158) Pause Young (Prepare Mixed) (G1 Evacuation Pause)
[3,920s][info][gc,task        ] GC(158) Using 18 workers of 18 for evacuation
[3,930s][info][gc,phases      ] GC(158)   Pre Evacuate Collection Set: 0,2ms
[3,930s][info][gc,phases      ] GC(158)   Merge Heap Roots: 0,1ms
[3,930s][info][gc,phases      ] GC(158)   Evacuate Collection Set: 9,1ms
[3,930s][info][gc,phases      ] GC(158)   Post Evacuate Collection Set: 0,4ms
[3,930s][info][gc,phases      ] GC(158)   Other: 0,1ms
[3,930s][info][gc,heap        ] GC(158) Eden regions: 44->0(111)
[3,930s][info][gc,heap        ] GC(158) Survivor regions: 7->7(7)
[3,930s][info][gc,heap        ] GC(158) Old regions: 696->739
[3,930s][info][gc,heap        ] GC(158) Humongous regions: 0->0
[3,930s][info][gc,metaspace   ] GC(158) Metaspace: 80K(320K)->80K(320K) NonClass: 77K(192K)->77K(192K) Class: 3K(128K)->3K(128K)
[3,930s][info][gc             ] GC(158) Pause Young (Prepare Mixed) (G1 Evacuation Pause) 1492M->1491M(2048M) 10,085ms
[3,930s][info][gc,cpu         ] GC(158) User=0,16s Sys=0,00s Real=0,01s
[3,946s][info][gc,start       ] GC(159) Pause Young (Mixed) (G1 Evacuation Pause)
[3,946s][info][gc,task        ] GC(159) Using 18 workers of 18 for evacuation
[3,976s][info][gc,phases      ] GC(159)   Pre Evacuate Collection Set: 0,3ms
[3,976s][info][gc,phases      ] GC(159)   Merge Heap Roots: 0,1ms
[3,976s][info][gc,phases      ] GC(159)   Evacuate Collection Set: 28,6ms
[3,976s][info][gc,phases      ] GC(159)   Post Evacuate Collection Set: 0,4ms
[3,976s][info][gc,phases      ] GC(159)   Other: 0,1ms
[3,976s][info][gc,heap        ] GC(159) Eden regions: 111->0(82)
[3,976s][info][gc,heap        ] GC(159) Survivor regions: 7->15(15)
[3,976s][info][gc,heap        ] GC(159) Old regions: 739->790
[3,976s][info][gc,heap        ] GC(159) Humongous regions: 0->0
[3,976s][info][gc,metaspace   ] GC(159) Metaspace: 80K(320K)->80K(320K) NonClass: 77K(192K)->77K(192K) Class: 3K(128K)->3K(128K)
[3,976s][info][gc             ] GC(159) Pause Young (Mixed) (G1 Evacuation Pause) (Evacuation Failure) 1713M->1610M(2048M) 29,815ms
[3,976s][info][gc,cpu         ] GC(159) User=0,50s Sys=0,02s Real=0,03s
[3,989s][info][gc,start       ] GC(160) Pause Young (Mixed) (G1 Evacuation Pause)
[3,989s][info][gc,task        ] GC(160) Using 18 workers of 18 for evacuation
[4,013s][info][gc,phases      ] GC(160)   Pre Evacuate Collection Set: 0,3ms
[4,013s][info][gc,phases      ] GC(160)   Merge Heap Roots: 0,1ms
[4,013s][info][gc,phases      ] GC(160)   Evacuate Collection Set: 23,6ms
[4,013s][info][gc,phases      ] GC(160)   Post Evacuate Collection Set: 0,3ms
[4,013s][info][gc,phases      ] GC(160)   Other: 0,1ms
[4,013s][info][gc,heap        ] GC(160) Eden regions: 82->0(72)
[4,013s][info][gc,heap        ] GC(160) Survivor regions: 15->13(13)
[4,013s][info][gc,heap        ] GC(160) Old regions: 790->816
[4,013s][info][gc,heap        ] GC(160) Humongous regions: 0->0
[4,013s][info][gc,metaspace   ] GC(160) Metaspace: 80K(320K)->80K(320K) NonClass: 77K(192K)->77K(192K) Class: 3K(128K)->3K(128K)
[4,013s][info][gc             ] GC(160) Pause Young (Mixed) (G1 Evacuation Pause) (Evacuation Failure) 1773M->1658M(2048M) 24,719ms
[4,014s][info][gc,cpu         ] GC(160) User=0,42s Sys=0,00s Real=0,02s
[4,025s][info][gc,start       ] GC(161) Pause Young (Mixed) (G1 Evacuation Pause)
[4,025s][info][gc,task        ] GC(161) Using 18 workers of 18 for evacuation
[4,047s][info][gc,phases      ] GC(161)   Pre Evacuate Collection Set: 0,3ms
[4,047s][info][gc,phases      ] GC(161)   Merge Heap Roots: 0,1ms
[4,047s][info][gc,phases      ] GC(161)   Evacuate Collection Set: 21,1ms
[4,047s][info][gc,phases      ] GC(161)   Post Evacuate Collection Set: 0,4ms
[4,047s][info][gc,phases      ] GC(161)   Other: 0,1ms
[4,047s][info][gc,heap        ] GC(161) Eden regions: 72->0(62)
[4,047s][info][gc,heap        ] GC(161) Survivor regions: 13->11(11)
[4,047s][info][gc,heap        ] GC(161) Old regions: 816->853
[4,047s][info][gc,heap        ] GC(161) Humongous regions: 0->0
[4,047s][info][gc,metaspace   ] GC(161) Metaspace: 80K(320K)->80K(320K) NonClass: 77K(192K)->77K(192K) Class: 3K(128K)->3K(128K)
[4,047s][info][gc             ] GC(161) Pause Young (Mixed) (G1 Evacuation Pause) (Evacuation Failure) 1801M->1728M(2048M) 22,300ms
[4,047s][info][gc,cpu         ] GC(161) User=0,38s Sys=0,01s Real=0,03s
[4,057s][info][gc,start       ] GC(162) Pause Young (Mixed) (G1 Evacuation Pause)
[4,057s][info][gc,task        ] GC(162) Using 18 workers of 18 for evacuation
[4,075s][info][gc,phases      ] GC(162)   Pre Evacuate Collection Set: 0,3ms
[4,075s][info][gc,phases      ] GC(162)   Merge Heap Roots: 0,1ms
[4,075s][info][gc,phases      ] GC(162)   Evacuate Collection Set: 16,9ms
[4,075s][info][gc,phases      ] GC(162)   Post Evacuate Collection Set: 0,3ms
[4,075s][info][gc,phases      ] GC(162)   Other: 0,1ms
[4,075s][info][gc,heap        ] GC(162) Eden regions: 62->0(64)
[4,075s][info][gc,heap        ] GC(162) Survivor regions: 11->10(10)
[4,075s][info][gc,heap        ] GC(162) Old regions: 853->844
[4,075s][info][gc,heap        ] GC(162) Humongous regions: 0->0
[4,075s][info][gc,metaspace   ] GC(162) Metaspace: 80K(320K)->80K(320K) NonClass: 77K(192K)->77K(192K) Class: 3K(128K)->3K(128K)
[4,075s][info][gc             ] GC(162) Pause Young (Mixed) (G1 Evacuation Pause) (Evacuation Failure) 1851M->1708M(2048M) 18,070ms
[4,075s][info][gc,cpu         ] GC(162) User=0,30s Sys=0,00s Real=0,01s
[4,085s][info][gc,start       ] GC(163) Pause Young (Mixed) (G1 Evacuation Pause)
[4,085s][info][gc,task        ] GC(163) Using 18 workers of 18 for evacuation
[4,101s][info][gc,phases      ] GC(163)   Pre Evacuate Collection Set: 0,3ms
[4,101s][info][gc,phases      ] GC(163)   Merge Heap Roots: 0,1ms
[4,101s][info][gc,phases      ] GC(163)   Evacuate Collection Set: 15,4ms
[4,101s][info][gc,phases      ] GC(163)   Post Evacuate Collection Set: 0,3ms
[4,101s][info][gc,phases      ] GC(163)   Other: 0,1ms
[4,101s][info][gc,heap        ] GC(163) Eden regions: 64->0(46)
[4,101s][info][gc,heap        ] GC(163) Survivor regions: 10->10(10)
[4,101s][info][gc,heap        ] GC(163) Old regions: 844->890
[4,101s][info][gc,heap        ] GC(163) Humongous regions: 0->0
[4,101s][info][gc,metaspace   ] GC(163) Metaspace: 80K(320K)->80K(320K) NonClass: 77K(192K)->77K(192K) Class: 3K(128K)->3K(128K)
[4,101s][info][gc             ] GC(163) Pause Young (Mixed) (G1 Evacuation Pause) 1835M->1799M(2048M) 16,478ms
[4,101s][info][gc,cpu         ] GC(163) User=0,26s Sys=0,01s Real=0,02s
[4,108s][info][gc,start       ] GC(164) Pause Young (Concurrent Start) (G1 Evacuation Pause)
[4,108s][info][gc,task        ] GC(164) Using 18 workers of 18 for evacuation
[4,119s][info][gc,phases      ] GC(164)   Pre Evacuate Collection Set: 0,4ms
[4,119s][info][gc,phases      ] GC(164)   Merge Heap Roots: 0,1ms
[4,119s][info][gc,phases      ] GC(164)   Evacuate Collection Set: 10,0ms
[4,119s][info][gc,phases      ] GC(164)   Post Evacuate Collection Set: 0,3ms
[4,119s][info][gc,phases      ] GC(164)   Other: 0,1ms
[4,119s][info][gc,heap        ] GC(164) Eden regions: 46->0(44)
[4,119s][info][gc,heap        ] GC(164) Survivor regions: 10->7(7)
[4,119s][info][gc,heap        ] GC(164) Old regions: 890->939
[4,119s][info][gc,heap        ] GC(164) Humongous regions: 0->0
[4,119s][info][gc,metaspace   ] GC(164) Metaspace: 80K(320K)->80K(320K) NonClass: 77K(192K)->77K(192K) Class: 3K(128K)->3K(128K)
[4,119s][info][gc             ] GC(164) Pause Young (Concurrent Start) (G1 Evacuation Pause) 1890M->1890M(2048M) 11,083ms
[4,119s][info][gc,cpu         ] GC(164) User=0,17s Sys=0,01s Real=0,01s
[4,119s][info][gc             ] GC(165) Concurrent Mark Cycle
[4,119s][info][gc,marking     ] GC(165) Concurrent Scan Root Regions
[4,119s][info][gc,marking     ] GC(165) Concurrent Scan Root Regions 0,062ms
[4,119s][info][gc,marking     ] GC(165) Concurrent Mark
[4,119s][info][gc,marking     ] GC(165) Concurrent Mark From Roots
[4,119s][info][gc,task        ] GC(165) Using 5 workers of 5 for marking
[4,122s][info][gc,marking     ] GC(165) Concurrent Mark From Roots 2,646ms
[4,122s][info][gc,marking     ] GC(165) Concurrent Preclean
[4,122s][info][gc,marking     ] GC(165) Concurrent Preclean 0,013ms
[4,122s][info][gc,start       ] GC(165) Pause Remark
[4,123s][info][gc             ] GC(165) Pause Remark 1911M->1477M(2048M) 0,844ms
[4,123s][info][gc,cpu         ] GC(165) User=0,00s Sys=0,00s Real=0,00s
[4,123s][info][gc,marking     ] GC(165) Concurrent Mark 3,763ms
[4,123s][info][gc,marking     ] GC(165) Concurrent Rebuild Remembered Sets and Scrub Regions
[4,125s][info][gc,marking     ] GC(165) Concurrent Rebuild Remembered Sets and Scrub Regions 1,492ms
[4,125s][info][gc,start       ] GC(165) Pause Cleanup
[4,126s][info][gc             ] GC(165) Pause Cleanup 1497M->1497M(2048M) 0,811ms
[4,126s][info][gc,cpu         ] GC(165) User=0,00s Sys=0,00s Real=0,01s
[4,126s][info][gc,marking     ] GC(165) Concurrent Clear Claimed Marks
[4,126s][info][gc,marking     ] GC(165) Concurrent Clear Claimed Marks 0,029ms
[4,126s][info][gc,marking     ] GC(165) Concurrent Cleanup for Next Mark
[4,127s][info][gc,marking     ] GC(165) Concurrent Cleanup for Next Mark 1,504ms
[4,127s][info][gc             ] GC(165) Concurrent Mark Cycle 8,020ms
[4,130s][info][gc,start       ] GC(166) Pause Young (Prepare Mixed) (G1 Evacuation Pause)
[4,130s][info][gc,task        ] GC(166) Using 18 workers of 18 for evacuation
[4,140s][info][gc,phases      ] GC(166)   Pre Evacuate Collection Set: 0,2ms
[4,140s][info][gc,phases      ] GC(166)   Merge Heap Roots: 0,1ms
[4,140s][info][gc,phases      ] GC(166)   Evacuate Collection Set: 9,3ms
[4,140s][info][gc,phases      ] GC(166)   Post Evacuate Collection Set: 0,4ms
[4,140s][info][gc,phases      ] GC(166)   Other: 0,1ms
[4,140s][info][gc,heap        ] GC(166) Eden regions: 44->0(98)
[4,140s][info][gc,heap        ] GC(166) Survivor regions: 7->7(7)
[4,140s][info][gc,heap        ] GC(166) Old regions: 722->765
[4,140s][info][gc,heap        ] GC(166) Humongous regions: 0->0
[4,140s][info][gc,metaspace   ] GC(166) Metaspace: 80K(320K)->80K(320K) NonClass: 77K(192K)->77K(192K) Class: 3K(128K)->3K(128K)
[4,140s][info][gc             ] GC(166) Pause Young (Prepare Mixed) (G1 Evacuation Pause) 1544M->1543M(2048M) 10,408ms
[4,140s][info][gc,cpu         ] GC(166) User=0,16s Sys=0,01s Real=0,01s
[4,155s][info][gc,start       ] GC(167) Pause Young (Mixed) (G1 Evacuation Pause)
[4,156s][info][gc,task        ] GC(167) Using 18 workers of 18 for evacuation
[4,183s][info][gc,phases      ] GC(167)   Pre Evacuate Collection Set: 0,3ms
[4,183s][info][gc,phases      ] GC(167)   Merge Heap Roots: 0,1ms
[4,183s][info][gc,phases      ] GC(167)   Evacuate Collection Set: 26,5ms
[4,183s][info][gc,phases      ] GC(167)   Post Evacuate Collection Set: 0,4ms
[4,183s][info][gc,phases      ] GC(167)   Other: 0,1ms
[4,183s][info][gc,heap        ] GC(167) Eden regions: 98->0(76)
[4,183s][info][gc,heap        ] GC(167) Survivor regions: 7->14(14)
[4,183s][info][gc,heap        ] GC(167) Old regions: 765->808
[4,183s][info][gc,heap        ] GC(167) Humongous regions: 0->0
[4,183s][info][gc,metaspace   ] GC(167) Metaspace: 80K(320K)->80K(320K) NonClass: 77K(192K)->77K(192K) Class: 3K(128K)->3K(128K)
[4,183s][info][gc             ] GC(167) Pause Young (Mixed) (G1 Evacuation Pause) (Evacuation Failure) 1739M->1644M(2048M) 27,763ms
[4,183s][info][gc,cpu         ] GC(167) User=0,47s Sys=0,01s Real=0,02s
[4,195s][info][gc,start       ] GC(168) Pause Young (Mixed) (G1 Evacuation Pause)
[4,195s][info][gc,task        ] GC(168) Using 18 workers of 18 for evacuation
[4,218s][info][gc,phases      ] GC(168)   Pre Evacuate Collection Set: 0,3ms
[4,218s][info][gc,phases      ] GC(168)   Merge Heap Roots: 0,1ms
[4,218s][info][gc,phases      ] GC(168)   Evacuate Collection Set: 21,8ms
[4,218s][info][gc,phases      ] GC(168)   Post Evacuate Collection Set: 0,4ms
[4,218s][info][gc,phases      ] GC(168)   Other: 0,1ms
[4,218s][info][gc,heap        ] GC(168) Eden regions: 76->0(68)
[4,218s][info][gc,heap        ] GC(168) Survivor regions: 14->12(12)
[4,218s][info][gc,heap        ] GC(168) Old regions: 808->833
[4,218s][info][gc,heap        ] GC(168) Humongous regions: 0->0
[4,218s][info][gc,metaspace   ] GC(168) Metaspace: 80K(320K)->80K(320K) NonClass: 77K(192K)->77K(192K) Class: 3K(128K)->3K(128K)
[4,218s][info][gc             ] GC(168) Pause Young (Mixed) (G1 Evacuation Pause) (Evacuation Failure) 1795M->1690M(2048M) 23,081ms
[4,218s][info][gc,cpu         ] GC(168) User=0,39s Sys=0,00s Real=0,02s
[4,229s][info][gc,start       ] GC(169) Pause Young (Mixed) (G1 Evacuation Pause)
[4,229s][info][gc,task        ] GC(169) Using 18 workers of 18 for evacuation
[4,249s][info][gc,phases      ] GC(169)   Pre Evacuate Collection Set: 0,3ms
[4,249s][info][gc,phases      ] GC(169)   Merge Heap Roots: 0,1ms
[4,249s][info][gc,phases      ] GC(169)   Evacuate Collection Set: 19,2ms
[4,249s][info][gc,phases      ] GC(169)   Post Evacuate Collection Set: 0,5ms
[4,249s][info][gc,phases      ] GC(169)   Other: 0,1ms
[4,249s][info][gc,heap        ] GC(169) Eden regions: 68->0(61)
[4,249s][info][gc,heap        ] GC(169) Survivor regions: 12->10(10)
[4,249s][info][gc,heap        ] GC(169) Old regions: 833->857
[4,249s][info][gc,heap        ] GC(169) Humongous regions: 0->0
[4,249s][info][gc,metaspace   ] GC(169) Metaspace: 80K(320K)->80K(320K) NonClass: 77K(192K)->77K(192K) Class: 3K(128K)->3K(128K)
[4,249s][info][gc             ] GC(169) Pause Young (Mixed) (G1 Evacuation Pause) (Evacuation Failure) 1825M->1734M(2048M) 20,558ms
[4,249s][info][gc,cpu         ] GC(169) User=0,34s Sys=0,01s Real=0,02s
[4,259s][info][gc,start       ] GC(170) Pause Young (Mixed) (G1 Evacuation Pause)
[4,259s][info][gc,task        ] GC(170) Using 18 workers of 18 for evacuation
[4,277s][info][gc,phases      ] GC(170)   Pre Evacuate Collection Set: 0,3ms
[4,277s][info][gc,phases      ] GC(170)   Merge Heap Roots: 0,1ms
[4,277s][info][gc,phases      ] GC(170)   Evacuate Collection Set: 16,7ms
[4,277s][info][gc,phases      ] GC(170)   Post Evacuate Collection Set: 0,7ms
[4,277s][info][gc,phases      ] GC(170)   Other: 0,1ms
[4,277s][info][gc,heap        ] GC(170) Eden regions: 61->0(49)
[4,277s][info][gc,heap        ] GC(170) Survivor regions: 10->6(9)
[4,277s][info][gc,heap        ] GC(170) Old regions: 857->904
[4,277s][info][gc,heap        ] GC(170) Humongous regions: 0->0
[4,277s][info][gc,metaspace   ] GC(170) Metaspace: 80K(320K)->80K(320K) NonClass: 77K(192K)->77K(192K) Class: 3K(128K)->3K(128K)
[4,277s][info][gc             ] GC(170) Pause Young (Mixed) (G1 Evacuation Pause) (Evacuation Failure) 1855M->1819M(2048M) 18,148ms
[4,277s][info][gc,cpu         ] GC(170) User=0,30s Sys=0,00s Real=0,02s
[4,284s][info][gc,start       ] GC(171) Pause Young (Mixed) (G1 Evacuation Pause)
[4,284s][info][gc,task        ] GC(171) Using 18 workers of 18 for evacuation
[4,297s][info][gc,phases      ] GC(171)   Pre Evacuate Collection Set: 0,3ms
[4,297s][info][gc,phases      ] GC(171)   Merge Heap Roots: 0,1ms
[4,297s][info][gc,phases      ] GC(171)   Evacuate Collection Set: 11,6ms
[4,297s][info][gc,phases      ] GC(171)   Post Evacuate Collection Set: 0,5ms
[4,297s][info][gc,phases      ] GC(171)   Other: 0,1ms
[4,297s][info][gc,heap        ] GC(171) Eden regions: 49->0(44)
[4,297s][info][gc,heap        ] GC(171) Survivor regions: 6->7(7)
[4,297s][info][gc,heap        ] GC(171) Old regions: 904->939
[4,297s][info][gc,heap        ] GC(171) Humongous regions: 0->0
[4,297s][info][gc,metaspace   ] GC(171) Metaspace: 80K(320K)->80K(320K) NonClass: 77K(192K)->77K(192K) Class: 3K(128K)->3K(128K)
[4,297s][info][gc             ] GC(171) Pause Young (Mixed) (G1 Evacuation Pause) (Evacuation Failure) 1917M->1891M(2048M) 12,860ms
[4,297s][info][gc,cpu         ] GC(171) User=0,20s Sys=0,01s Real=0,02s
[4,304s][info][gc,start       ] GC(172) Pause Young (Concurrent Start) (G1 Evacuation Pause)
[4,304s][info][gc,task        ] GC(172) Using 18 workers of 18 for evacuation
[4,312s][info][gc,phases      ] GC(172)   Pre Evacuate Collection Set: 0,4ms
[4,312s][info][gc,phases      ] GC(172)   Merge Heap Roots: 0,1ms
[4,312s][info][gc,phases      ] GC(172)   Evacuate Collection Set: 6,3ms
[4,312s][info][gc,phases      ] GC(172)   Post Evacuate Collection Set: 0,4ms
[4,312s][info][gc,phases      ] GC(172)   Other: 0,1ms
[4,312s][info][gc,heap        ] GC(172) Eden regions: 44->0(26)
[4,312s][info][gc,heap        ] GC(172) Survivor regions: 7->7(7)
[4,312s][info][gc,heap        ] GC(172) Old regions: 939->984
[4,312s][info][gc,heap        ] GC(172) Humongous regions: 0->0
[4,312s][info][gc,metaspace   ] GC(172) Metaspace: 80K(320K)->80K(320K) NonClass: 77K(192K)->77K(192K) Class: 3K(128K)->3K(128K)
[4,312s][info][gc             ] GC(172) Pause Young (Concurrent Start) (G1 Evacuation Pause) (Evacuation Failure) 1979M->1981M(2048M) 7,491ms
[4,312s][info][gc             ] GC(173) Concurrent Mark Cycle
[4,312s][info][gc,marking     ] GC(173) Concurrent Scan Root Regions
[4,312s][info][gc,cpu         ] GC(172) User=0,11s Sys=0,01s Real=0,01s
[4,312s][info][gc,marking     ] GC(173) Concurrent Scan Root Regions 0,052ms
[4,312s][info][gc,marking     ] GC(173) Concurrent Mark
[4,312s][info][gc,marking     ] GC(173) Concurrent Mark From Roots
[4,312s][info][gc,task        ] GC(173) Using 5 workers of 5 for marking
[4,315s][info][gc,marking     ] GC(173) Concurrent Mark From Roots 3,044ms
[4,315s][info][gc,marking     ] GC(173) Concurrent Preclean
[4,315s][info][gc,marking     ] GC(173) Concurrent Preclean 0,018ms
[4,315s][info][gc,start       ] GC(173) Pause Remark
[4,316s][info][gc             ] GC(173) Pause Remark 2004M->1432M(2048M) 1,124ms
[4,316s][info][gc,cpu         ] GC(173) User=0,01s Sys=0,00s Real=0,00s
[4,317s][info][gc,marking     ] GC(173) Concurrent Mark 4,488ms
[4,317s][info][gc,marking     ] GC(173) Concurrent Rebuild Remembered Sets and Scrub Regions
[4,318s][info][gc,marking     ] GC(173) Concurrent Rebuild Remembered Sets and Scrub Regions 1,537ms
[4,318s][info][gc,start       ] GC(173) Pause Cleanup
[4,319s][info][gc             ] GC(173) Pause Cleanup 1452M->1452M(2048M) 0,851ms
[4,319s][info][gc,cpu         ] GC(173) User=0,01s Sys=0,00s Real=0,00s
[4,319s][info][gc,marking     ] GC(173) Concurrent Clear Claimed Marks
[4,319s][info][gc,marking     ] GC(173) Concurrent Clear Claimed Marks 0,040ms
[4,319s][info][gc,marking     ] GC(173) Concurrent Cleanup for Next Mark
[4,320s][info][gc,start       ] GC(174) Pause Young (Prepare Mixed) (G1 Evacuation Pause)
[4,320s][info][gc,task        ] GC(174) Using 18 workers of 18 for evacuation
[4,328s][info][gc,phases      ] GC(174)   Pre Evacuate Collection Set: 0,2ms
[4,328s][info][gc,phases      ] GC(174)   Merge Heap Roots: 0,1ms
[4,328s][info][gc,phases      ] GC(174)   Evacuate Collection Set: 6,6ms
[4,328s][info][gc,phases      ] GC(174)   Post Evacuate Collection Set: 0,4ms
[4,328s][info][gc,phases      ] GC(174)   Other: 0,1ms
[4,328s][info][gc,heap        ] GC(174) Eden regions: 26->0(126)
[4,328s][info][gc,heap        ] GC(174) Survivor regions: 7->5(5)
[4,328s][info][gc,heap        ] GC(174) Old regions: 698->726
[4,328s][info][gc,heap        ] GC(174) Humongous regions: 0->0
[4,328s][info][gc,metaspace   ] GC(174) Metaspace: 80K(320K)->80K(320K) NonClass: 77K(192K)->77K(192K) Class: 3K(128K)->3K(128K)
[4,328s][info][gc             ] GC(174) Pause Young (Prepare Mixed) (G1 Evacuation Pause) 1461M->1460M(2048M) 7,695ms
[4,328s][info][gc,cpu         ] GC(174) User=0,11s Sys=0,00s Real=0,01s
[4,328s][info][gc,marking     ] GC(173) Concurrent Cleanup for Next Mark 9,037ms
[4,328s][info][gc             ] GC(173) Concurrent Mark Cycle 16,414ms
[4,348s][info][gc,start       ] GC(175) Pause Young (Mixed) (G1 Evacuation Pause)
[4,348s][info][gc,task        ] GC(175) Using 18 workers of 18 for evacuation
[4,378s][info][gc,phases      ] GC(175)   Pre Evacuate Collection Set: 0,3ms
[4,378s][info][gc,phases      ] GC(175)   Merge Heap Roots: 0,1ms
[4,378s][info][gc,phases      ] GC(175)   Evacuate Collection Set: 29,1ms
[4,378s][info][gc,phases      ] GC(175)   Post Evacuate Collection Set: 0,5ms
[4,378s][info][gc,phases      ] GC(175)   Other: 0,1ms
[4,378s][info][gc,heap        ] GC(175) Eden regions: 126->0(86)
[4,378s][info][gc,heap        ] GC(175) Survivor regions: 5->17(17)
[4,378s][info][gc,heap        ] GC(175) Old regions: 726->792
[4,378s][info][gc,heap        ] GC(175) Humongous regions: 0->0
[4,378s][info][gc,metaspace   ] GC(175) Metaspace: 80K(320K)->80K(320K) NonClass: 77K(192K)->77K(192K) Class: 3K(128K)->3K(128K)
[4,378s][info][gc             ] GC(175) Pause Young (Mixed) (G1 Evacuation Pause) (Evacuation Failure) 1712M->1618M(2048M) 30,370ms
[4,378s][info][gc,cpu         ] GC(175) User=0,52s Sys=0,01s Real=0,03s
[4,392s][info][gc,start       ] GC(176) Pause Young (Mixed) (G1 Evacuation Pause)
[4,392s][info][gc,task        ] GC(176) Using 18 workers of 18 for evacuation
[4,415s][info][gc,phases      ] GC(176)   Pre Evacuate Collection Set: 0,3ms
[4,415s][info][gc,phases      ] GC(176)   Merge Heap Roots: 0,1ms
[4,415s][info][gc,phases      ] GC(176)   Evacuate Collection Set: 22,4ms
[4,415s][info][gc,phases      ] GC(176)   Post Evacuate Collection Set: 0,5ms
[4,415s][info][gc,phases      ] GC(176)   Other: 0,1ms
[4,415s][info][gc,heap        ] GC(176) Eden regions: 86->0(75)
[4,415s][info][gc,heap        ] GC(176) Survivor regions: 17->13(13)
[4,415s][info][gc,heap        ] GC(176) Old regions: 792->823
[4,415s][info][gc,heap        ] GC(176) Humongous regions: 0->0
[4,416s][info][gc,metaspace   ] GC(176) Metaspace: 80K(320K)->80K(320K) NonClass: 77K(192K)->77K(192K) Class: 3K(128K)->3K(128K)
[4,416s][info][gc             ] GC(176) Pause Young (Mixed) (G1 Evacuation Pause) (Evacuation Failure) 1789M->1672M(2048M) 23,834ms
[4,416s][info][gc,cpu         ] GC(176) User=0,40s Sys=0,01s Real=0,03s
[4,427s][info][gc,start       ] GC(177) Pause Young (Mixed) (G1 Evacuation Pause)
[4,427s][info][gc,task        ] GC(177) Using 18 workers of 18 for evacuation
[4,448s][info][gc,phases      ] GC(177)   Pre Evacuate Collection Set: 0,3ms
[4,448s][info][gc,phases      ] GC(177)   Merge Heap Roots: 0,1ms
[4,448s][info][gc,phases      ] GC(177)   Evacuate Collection Set: 19,4ms
[4,448s][info][gc,phases      ] GC(177)   Post Evacuate Collection Set: 0,5ms
[4,448s][info][gc,phases      ] GC(177)   Other: 0,1ms
[4,448s][info][gc,heap        ] GC(177) Eden regions: 75->0(70)
[4,448s][info][gc,heap        ] GC(177) Survivor regions: 13->11(11)
[4,448s][info][gc,heap        ] GC(177) Old regions: 823->835
[4,448s][info][gc,heap        ] GC(177) Humongous regions: 0->0
[4,448s][info][gc,metaspace   ] GC(177) Metaspace: 80K(320K)->80K(320K) NonClass: 77K(192K)->77K(192K) Class: 3K(128K)->3K(128K)
[4,448s][info][gc             ] GC(177) Pause Young (Mixed) (G1 Evacuation Pause) (Evacuation Failure) 1821M->1692M(2048M) 20,758ms
[4,448s][info][gc,cpu         ] GC(177) User=0,35s Sys=0,00s Real=0,02s
[4,459s][info][gc,start       ] GC(178) Pause Young (Mixed) (G1 Evacuation Pause)
[4,459s][info][gc,task        ] GC(178) Using 18 workers of 18 for evacuation
[4,479s][info][gc,phases      ] GC(178)   Pre Evacuate Collection Set: 0,3ms
[4,479s][info][gc,phases      ] GC(178)   Merge Heap Roots: 0,1ms
[4,479s][info][gc,phases      ] GC(178)   Evacuate Collection Set: 18,8ms
[4,479s][info][gc,phases      ] GC(178)   Post Evacuate Collection Set: 0,5ms
[4,479s][info][gc,phases      ] GC(178)   Other: 0,1ms
[4,479s][info][gc,heap        ] GC(178) Eden regions: 70->0(64)
[4,479s][info][gc,heap        ] GC(178) Survivor regions: 11->11(11)
[4,479s][info][gc,heap        ] GC(178) Old regions: 835->857
[4,479s][info][gc,heap        ] GC(178) Humongous regions: 0->0
[4,479s][info][gc,metaspace   ] GC(178) Metaspace: 80K(320K)->80K(320K) NonClass: 77K(192K)->77K(192K) Class: 3K(128K)->3K(128K)
[4,479s][info][gc             ] GC(178) Pause Young (Mixed) (G1 Evacuation Pause) (Evacuation Failure) 1831M->1736M(2048M) 20,139ms
[4,479s][info][gc,cpu         ] GC(178) User=0,33s Sys=0,01s Real=0,02s
[4,489s][info][gc,start       ] GC(179) Pause Young (Mixed) (G1 Evacuation Pause)
[4,489s][info][gc,task        ] GC(179) Using 18 workers of 18 for evacuation
[4,506s][info][gc,phases      ] GC(179)   Pre Evacuate Collection Set: 0,3ms
[4,506s][info][gc,phases      ] GC(179)   Merge Heap Roots: 0,1ms
[4,506s][info][gc,phases      ] GC(179)   Evacuate Collection Set: 15,9ms
[4,506s][info][gc,phases      ] GC(179)   Post Evacuate Collection Set: 0,4ms
[4,506s][info][gc,phases      ] GC(179)   Other: 0,1ms
[4,506s][info][gc,heap        ] GC(179) Eden regions: 64->0(50)
[4,506s][info][gc,heap        ] GC(179) Survivor regions: 11->10(10)
[4,506s][info][gc,heap        ] GC(179) Old regions: 857->885
[4,506s][info][gc,heap        ] GC(179) Humongous regions: 0->0
[4,506s][info][gc,metaspace   ] GC(179) Metaspace: 80K(320K)->80K(320K) NonClass: 77K(192K)->77K(192K) Class: 3K(128K)->3K(128K)
[4,506s][info][gc             ] GC(179) Pause Young (Mixed) (G1 Evacuation Pause) (Evacuation Failure) 1863M->1790M(2048M) 17,041ms
[4,506s][info][gc,cpu         ] GC(179) User=0,29s Sys=0,00s Real=0,02s
[4,514s][info][gc,start       ] GC(180) Pause Young (Concurrent Start) (G1 Evacuation Pause)
[4,514s][info][gc,task        ] GC(180) Using 18 workers of 18 for evacuation
[4,525s][info][gc,phases      ] GC(180)   Pre Evacuate Collection Set: 0,3ms
[4,525s][info][gc,phases      ] GC(180)   Merge Heap Roots: 0,1ms
[4,525s][info][gc,phases      ] GC(180)   Evacuate Collection Set: 10,7ms
[4,525s][info][gc,phases      ] GC(180)   Post Evacuate Collection Set: 0,3ms
[4,526s][info][gc,phases      ] GC(180)   Other: 0,1ms
[4,526s][info][gc,heap        ] GC(180) Eden regions: 50->0(43)
[4,526s][info][gc,heap        ] GC(180) Survivor regions: 10->8(8)
[4,526s][info][gc,heap        ] GC(180) Old regions: 885->937
[4,526s][info][gc,heap        ] GC(180) Humongous regions: 0->0
[4,526s][info][gc,metaspace   ] GC(180) Metaspace: 80K(320K)->80K(320K) NonClass: 77K(192K)->77K(192K) Class: 3K(128K)->3K(128K)
[4,526s][info][gc             ] GC(180) Pause Young (Concurrent Start) (G1 Evacuation Pause) 1889M->1889M(2048M) 11,823ms
[4,526s][info][gc,cpu         ] GC(180) User=0,19s Sys=0,00s Real=0,02s
[4,526s][info][gc             ] GC(181) Concurrent Mark Cycle
[4,526s][info][gc,marking     ] GC(181) Concurrent Scan Root Regions
[4,526s][info][gc,marking     ] GC(181) Concurrent Scan Root Regions 0,074ms
[4,526s][info][gc,marking     ] GC(181) Concurrent Mark
[4,526s][info][gc,marking     ] GC(181) Concurrent Mark From Roots
[4,526s][info][gc,task        ] GC(181) Using 5 workers of 5 for marking
[4,529s][info][gc,marking     ] GC(181) Concurrent Mark From Roots 3,316ms
[4,529s][info][gc,marking     ] GC(181) Concurrent Preclean
[4,529s][info][gc,marking     ] GC(181) Concurrent Preclean 0,012ms
[4,529s][info][gc,start       ] GC(181) Pause Remark
[4,530s][info][gc             ] GC(181) Pause Remark 1915M->1507M(2048M) 0,990ms
[4,530s][info][gc,cpu         ] GC(181) User=0,00s Sys=0,00s Real=0,00s
[4,530s][info][gc,marking     ] GC(181) Concurrent Mark 4,591ms
[4,531s][info][gc,marking     ] GC(181) Concurrent Rebuild Remembered Sets and Scrub Regions
[4,532s][info][gc,marking     ] GC(181) Concurrent Rebuild Remembered Sets and Scrub Regions 1,930ms
[4,533s][info][gc,start       ] GC(181) Pause Cleanup
[4,534s][info][gc             ] GC(181) Pause Cleanup 1534M->1534M(2048M) 0,835ms
[4,534s][info][gc,cpu         ] GC(181) User=0,00s Sys=0,00s Real=0,00s
[4,534s][info][gc,marking     ] GC(181) Concurrent Clear Claimed Marks
[4,534s][info][gc,marking     ] GC(181) Concurrent Clear Claimed Marks 0,042ms
[4,534s][info][gc,marking     ] GC(181) Concurrent Cleanup for Next Mark
[4,535s][info][gc,marking     ] GC(181) Concurrent Cleanup for Next Mark 1,570ms
[4,535s][info][gc             ] GC(181) Concurrent Mark Cycle 9,644ms
[4,537s][info][gc,start       ] GC(182) Pause Young (Prepare Mixed) (G1 Evacuation Pause)
[4,537s][info][gc,task        ] GC(182) Using 18 workers of 18 for evacuation
[4,547s][info][gc,phases      ] GC(182)   Pre Evacuate Collection Set: 0,3ms
[4,547s][info][gc,phases      ] GC(182)   Merge Heap Roots: 0,1ms
[4,547s][info][gc,phases      ] GC(182)   Evacuate Collection Set: 9,5ms
[4,547s][info][gc,phases      ] GC(182)   Post Evacuate Collection Set: 0,4ms
[4,547s][info][gc,phases      ] GC(182)   Other: 0,1ms
[4,547s][info][gc,heap        ] GC(182) Eden regions: 43->0(94)
[4,547s][info][gc,heap        ] GC(182) Survivor regions: 8->7(7)
[4,547s][info][gc,heap        ] GC(182) Old regions: 733->777
[4,547s][info][gc,heap        ] GC(182) Humongous regions: 0->0
[4,547s][info][gc,metaspace   ] GC(182) Metaspace: 80K(320K)->80K(320K) NonClass: 77K(192K)->77K(192K) Class: 3K(128K)->3K(128K)
[4,547s][info][gc             ] GC(182) Pause Young (Prepare Mixed) (G1 Evacuation Pause) 1566M->1566M(2048M) 10,631ms
[4,547s][info][gc,cpu         ] GC(182) User=0,16s Sys=0,01s Real=0,01s
[4,562s][info][gc,start       ] GC(183) Pause Young (Mixed) (G1 Evacuation Pause)
[4,562s][info][gc,task        ] GC(183) Using 18 workers of 18 for evacuation
[4,586s][info][gc,phases      ] GC(183)   Pre Evacuate Collection Set: 0,3ms
[4,586s][info][gc,phases      ] GC(183)   Merge Heap Roots: 0,1ms
[4,586s][info][gc,phases      ] GC(183)   Evacuate Collection Set: 22,7ms
[4,586s][info][gc,phases      ] GC(183)   Post Evacuate Collection Set: 0,5ms
[4,586s][info][gc,phases      ] GC(183)   Other: 0,1ms
[4,586s][info][gc,heap        ] GC(183) Eden regions: 94->0(82)
[4,586s][info][gc,heap        ] GC(183) Survivor regions: 7->13(13)
[4,586s][info][gc,heap        ] GC(183) Old regions: 777->792
[4,586s][info][gc,heap        ] GC(183) Humongous regions: 0->0
[4,586s][info][gc,metaspace   ] GC(183) Metaspace: 80K(320K)->80K(320K) NonClass: 77K(192K)->77K(192K) Class: 3K(128K)->3K(128K)
[4,586s][info][gc             ] GC(183) Pause Young (Mixed) (G1 Evacuation Pause) 1754M->1609M(2048M) 23,993ms
[4,586s][info][gc,cpu         ] GC(183) User=0,39s Sys=0,01s Real=0,03s
[4,599s][info][gc,start       ] GC(184) Pause Young (Mixed) (G1 Evacuation Pause)
[4,599s][info][gc,task        ] GC(184) Using 18 workers of 18 for evacuation
[4,623s][info][gc,phases      ] GC(184)   Pre Evacuate Collection Set: 0,3ms
[4,623s][info][gc,phases      ] GC(184)   Merge Heap Roots: 0,1ms
[4,623s][info][gc,phases      ] GC(184)   Evacuate Collection Set: 23,7ms
[4,623s][info][gc,phases      ] GC(184)   Post Evacuate Collection Set: 0,4ms
[4,624s][info][gc,phases      ] GC(184)   Other: 0,1ms
[4,624s][info][gc,heap        ] GC(184) Eden regions: 82->0(71)
[4,624s][info][gc,heap        ] GC(184) Survivor regions: 13->12(12)
[4,624s][info][gc,heap        ] GC(184) Old regions: 792->819
[4,624s][info][gc,heap        ] GC(184) Humongous regions: 0->0
[4,624s][info][gc,metaspace   ] GC(184) Metaspace: 80K(320K)->80K(320K) NonClass: 77K(192K)->77K(192K) Class: 3K(128K)->3K(128K)
[4,624s][info][gc             ] GC(184) Pause Young (Mixed) (G1 Evacuation Pause) (Evacuation Failure) 1772M->1662M(2048M) 24,924ms
[4,624s][info][gc,cpu         ] GC(184) User=0,42s Sys=0,00s Real=0,02s
[4,634s][info][gc,start       ] GC(185) Pause Young (Mixed) (G1 Evacuation Pause)
[4,634s][info][gc,task        ] GC(185) Using 18 workers of 18 for evacuation
[4,656s][info][gc,phases      ] GC(185)   Pre Evacuate Collection Set: 0,3ms
[4,656s][info][gc,phases      ] GC(185)   Merge Heap Roots: 0,1ms
[4,656s][info][gc,phases      ] GC(185)   Evacuate Collection Set: 21,1ms
[4,656s][info][gc,phases      ] GC(185)   Post Evacuate Collection Set: 0,5ms
[4,656s][info][gc,phases      ] GC(185)   Other: 0,1ms
[4,656s][info][gc,heap        ] GC(185) Eden regions: 71->0(62)
[4,656s][info][gc,heap        ] GC(185) Survivor regions: 12->11(11)
[4,656s][info][gc,heap        ] GC(185) Old regions: 819->849
[4,656s][info][gc,heap        ] GC(185) Humongous regions: 0->0
[4,656s][info][gc,metaspace   ] GC(185) Metaspace: 80K(320K)->80K(320K) NonClass: 77K(192K)->77K(192K) Class: 3K(128K)->3K(128K)
[4,656s][info][gc             ] GC(185) Pause Young (Mixed) (G1 Evacuation Pause) (Evacuation Failure) 1803M->1720M(2048M) 22,311ms
[4,656s][info][gc,cpu         ] GC(185) User=0,38s Sys=0,01s Real=0,03s
[4,665s][info][gc,start       ] GC(186) Pause Young (Mixed) (G1 Evacuation Pause)
[4,665s][info][gc,task        ] GC(186) Using 18 workers of 18 for evacuation
[4,684s][info][gc,phases      ] GC(186)   Pre Evacuate Collection Set: 0,2ms
[4,684s][info][gc,phases      ] GC(186)   Merge Heap Roots: 0,1ms
[4,684s][info][gc,phases      ] GC(186)   Evacuate Collection Set: 17,6ms
[4,684s][info][gc,phases      ] GC(186)   Post Evacuate Collection Set: 0,5ms
[4,684s][info][gc,phases      ] GC(186)   Other: 0,1ms
[4,684s][info][gc,heap        ] GC(186) Eden regions: 62->0(53)
[4,684s][info][gc,heap        ] GC(186) Survivor regions: 11->10(10)
[4,684s][info][gc,heap        ] GC(186) Old regions: 849->887
[4,684s][info][gc,heap        ] GC(186) Humongous regions: 0->0
[4,684s][info][gc,metaspace   ] GC(186) Metaspace: 80K(320K)->80K(320K) NonClass: 77K(192K)->77K(192K) Class: 3K(128K)->3K(128K)
[4,684s][info][gc             ] GC(186) Pause Young (Mixed) (G1 Evacuation Pause) (Evacuation Failure) 1843M->1794M(2048M) 18,732ms
[4,684s][info][gc,cpu         ] GC(186) User=0,32s Sys=0,01s Real=0,01s
[4,691s][info][gc,start       ] GC(187) Pause Young (Mixed) (G1 Evacuation Pause)
[4,691s][info][gc,task        ] GC(187) Using 18 workers of 18 for evacuation
[4,705s][info][gc,phases      ] GC(187)   Pre Evacuate Collection Set: 0,2ms
[4,705s][info][gc,phases      ] GC(187)   Merge Heap Roots: 0,1ms
[4,705s][info][gc,phases      ] GC(187)   Evacuate Collection Set: 13,1ms
[4,705s][info][gc,phases      ] GC(187)   Post Evacuate Collection Set: 0,4ms
[4,705s][info][gc,phases      ] GC(187)   Other: 0,1ms
[4,705s][info][gc,heap        ] GC(187) Eden regions: 53->0(43)
[4,705s][info][gc,heap        ] GC(187) Survivor regions: 10->8(8)
[4,705s][info][gc,heap        ] GC(187) Old regions: 887->923
[4,705s][info][gc,heap        ] GC(187) Humongous regions: 0->0
[4,705s][info][gc,metaspace   ] GC(187) Metaspace: 80K(320K)->80K(320K) NonClass: 77K(192K)->77K(192K) Class: 3K(128K)->3K(128K)
[4,705s][info][gc             ] GC(187) Pause Young (Mixed) (G1 Evacuation Pause) (Evacuation Failure) 1899M->1862M(2048M) 13,969ms
[4,705s][info][gc,cpu         ] GC(187) User=0,23s Sys=0,01s Real=0,02s
[4,710s][info][gc,start       ] GC(188) Pause Young (Concurrent Start) (G1 Evacuation Pause)
[4,710s][info][gc,task        ] GC(188) Using 18 workers of 18 for evacuation
[4,720s][info][gc,phases      ] GC(188)   Pre Evacuate Collection Set: 0,3ms
[4,720s][info][gc,phases      ] GC(188)   Merge Heap Roots: 0,0ms
[4,720s][info][gc,phases      ] GC(188)   Evacuate Collection Set: 8,8ms
[4,720s][info][gc,phases      ] GC(188)   Post Evacuate Collection Set: 0,2ms
[4,720s][info][gc,phases      ] GC(188)   Other: 0,0ms
[4,720s][info][gc,heap        ] GC(188) Eden regions: 43->0(43)
[4,720s][info][gc,heap        ] GC(188) Survivor regions: 8->7(7)
[4,720s][info][gc,heap        ] GC(188) Old regions: 923->967
[4,720s][info][gc,heap        ] GC(188) Humongous regions: 0->0
[4,720s][info][gc,metaspace   ] GC(188) Metaspace: 80K(320K)->80K(320K) NonClass: 77K(192K)->77K(192K) Class: 3K(128K)->3K(128K)
[4,720s][info][gc             ] GC(188) Pause Young (Concurrent Start) (G1 Evacuation Pause) (Evacuation Failure) 1947M->1948M(2048M) 9,591ms
[4,720s][info][gc,cpu         ] GC(188) User=0,14s Sys=0,00s Real=0,01s
[4,720s][info][gc             ] GC(189) Concurrent Mark Cycle
[4,720s][info][gc,marking     ] GC(189) Concurrent Scan Root Regions
[4,720s][info][gc,marking     ] GC(189) Concurrent Scan Root Regions 0,056ms
[4,720s][info][gc,marking     ] GC(189) Concurrent Mark
[4,720s][info][gc,marking     ] GC(189) Concurrent Mark From Roots
[4,720s][info][gc,task        ] GC(189) Using 5 workers of 5 for marking
[4,723s][info][gc,marking     ] GC(189) Concurrent Mark From Roots 2,737ms
[4,723s][info][gc,marking     ] GC(189) Concurrent Preclean
[4,723s][info][gc,marking     ] GC(189) Concurrent Preclean 0,020ms
[4,723s][info][gc,start       ] GC(189) Pause Remark
[4,724s][info][gc             ] GC(189) Pause Remark 1963M->1557M(2048M) 0,650ms
[4,724s][info][gc,cpu         ] GC(189) User=0,01s Sys=0,00s Real=0,00s
[4,724s][info][gc,marking     ] GC(189) Concurrent Mark 3,587ms
[4,724s][info][gc,marking     ] GC(189) Concurrent Rebuild Remembered Sets and Scrub Regions
[4,726s][info][gc,marking     ] GC(189) Concurrent Rebuild Remembered Sets and Scrub Regions 2,386ms
[4,726s][info][gc,start       ] GC(189) Pause Cleanup
[4,727s][info][gc             ] GC(189) Pause Cleanup 1591M->1591M(2048M) 0,537ms
[4,727s][info][gc,cpu         ] GC(189) User=0,01s Sys=0,00s Real=0,00s
[4,727s][info][gc,marking     ] GC(189) Concurrent Clear Claimed Marks
[4,727s][info][gc,marking     ] GC(189) Concurrent Clear Claimed Marks 0,045ms
[4,727s][info][gc,marking     ] GC(189) Concurrent Cleanup for Next Mark
[4,728s][info][gc,marking     ] GC(189) Concurrent Cleanup for Next Mark 1,426ms
[4,728s][info][gc             ] GC(189) Concurrent Mark Cycle 8,408ms
[4,730s][info][gc,start       ] GC(190) Pause Young (Prepare Mixed) (G1 Evacuation Pause)
[4,730s][info][gc,task        ] GC(190) Using 18 workers of 18 for evacuation
[4,740s][info][gc,phases      ] GC(190)   Pre Evacuate Collection Set: 0,2ms
[4,740s][info][gc,phases      ] GC(190)   Merge Heap Roots: 0,1ms
[4,740s][info][gc,phases      ] GC(190)   Evacuate Collection Set: 9,0ms
[4,740s][info][gc,phases      ] GC(190)   Post Evacuate Collection Set: 0,3ms
[4,740s][info][gc,phases      ] GC(190)   Other: 0,1ms
[4,740s][info][gc,heap        ] GC(190) Eden regions: 43->0(84)
[4,740s][info][gc,heap        ] GC(190) Survivor regions: 7->7(7)
[4,740s][info][gc,heap        ] GC(190) Old regions: 764->807
[4,740s][info][gc,heap        ] GC(190) Humongous regions: 0->0
[4,740s][info][gc,metaspace   ] GC(190) Metaspace: 80K(320K)->80K(320K) NonClass: 77K(192K)->77K(192K) Class: 3K(128K)->3K(128K)
[4,740s][info][gc             ] GC(190) Pause Young (Prepare Mixed) (G1 Evacuation Pause) 1627M->1627M(2048M) 9,946ms
[4,740s][info][gc,cpu         ] GC(190) User=0,16s Sys=0,00s Real=0,01s
[4,751s][info][gc,start       ] GC(191) Pause Young (Mixed) (G1 Evacuation Pause)
[4,751s][info][gc,task        ] GC(191) Using 18 workers of 18 for evacuation
[4,770s][info][gc,phases      ] GC(191)   Pre Evacuate Collection Set: 0,3ms
[4,770s][info][gc,phases      ] GC(191)   Merge Heap Roots: 0,1ms
[4,770s][info][gc,phases      ] GC(191)   Evacuate Collection Set: 18,4ms
[4,770s][info][gc,phases      ] GC(191)   Post Evacuate Collection Set: 0,3ms
[4,770s][info][gc,phases      ] GC(191)   Other: 0,1ms
[4,770s][info][gc,heap        ] GC(191) Eden regions: 84->0(81)
[4,770s][info][gc,heap        ] GC(191) Survivor regions: 7->12(12)
[4,770s][info][gc,heap        ] GC(191) Old regions: 807->799
[4,770s][info][gc,heap        ] GC(191) Humongous regions: 0->0
[4,770s][info][gc,metaspace   ] GC(191) Metaspace: 80K(320K)->80K(320K) NonClass: 77K(192K)->77K(192K) Class: 3K(128K)->3K(128K)
[4,770s][info][gc             ] GC(191) Pause Young (Mixed) (G1 Evacuation Pause) 1794M->1620M(2048M) 19,442ms
[4,770s][info][gc,cpu         ] GC(191) User=0,33s Sys=0,01s Real=0,02s
[4,780s][info][gc,start       ] GC(192) Pause Young (Mixed) (G1 Evacuation Pause)
[4,780s][info][gc,task        ] GC(192) Using 18 workers of 18 for evacuation
[4,804s][info][gc,phases      ] GC(192)   Pre Evacuate Collection Set: 0,3ms
[4,804s][info][gc,phases      ] GC(192)   Merge Heap Roots: 0,1ms
[4,804s][info][gc,phases      ] GC(192)   Evacuate Collection Set: 22,7ms
[4,804s][info][gc,phases      ] GC(192)   Post Evacuate Collection Set: 0,3ms
[4,804s][info][gc,phases      ] GC(192)   Other: 0,1ms
[4,804s][info][gc,heap        ] GC(192) Eden regions: 81->0(72)
[4,804s][info][gc,heap        ] GC(192) Survivor regions: 12->12(12)
[4,804s][info][gc,heap        ] GC(192) Old regions: 799->818
[4,804s][info][gc,heap        ] GC(192) Humongous regions: 0->0
[4,804s][info][gc,metaspace   ] GC(192) Metaspace: 80K(320K)->80K(320K) NonClass: 77K(192K)->77K(192K) Class: 3K(128K)->3K(128K)
[4,804s][info][gc             ] GC(192) Pause Young (Mixed) (G1 Evacuation Pause) (Evacuation Failure) 1782M->1660M(2048M) 23,696ms
[4,804s][info][gc,cpu         ] GC(192) User=0,40s Sys=0,01s Real=0,02s
[4,813s][info][gc,start       ] GC(193) Pause Young (Mixed) (G1 Evacuation Pause)
[4,813s][info][gc,task        ] GC(193) Using 18 workers of 18 for evacuation
[4,835s][info][gc,phases      ] GC(193)   Pre Evacuate Collection Set: 0,3ms
[4,835s][info][gc,phases      ] GC(193)   Merge Heap Roots: 0,1ms
[4,835s][info][gc,phases      ] GC(193)   Evacuate Collection Set: 20,9ms
[4,835s][info][gc,phases      ] GC(193)   Post Evacuate Collection Set: 0,4ms
[4,835s][info][gc,phases      ] GC(193)   Other: 0,1ms
[4,835s][info][gc,heap        ] GC(193) Eden regions: 72->0(63)
[4,835s][info][gc,heap        ] GC(193) Survivor regions: 12->11(11)
[4,835s][info][gc,heap        ] GC(193) Old regions: 818->842
[4,835s][info][gc,heap        ] GC(193) Humongous regions: 0->0
[4,835s][info][gc,metaspace   ] GC(193) Metaspace: 80K(320K)->80K(320K) NonClass: 77K(192K)->77K(192K) Class: 3K(128K)->3K(128K)
[4,835s][info][gc             ] GC(193) Pause Young (Mixed) (G1 Evacuation Pause) (Evacuation Failure) 1803M->1706M(2048M) 22,005ms
[4,835s][info][gc,cpu         ] GC(193) User=0,37s Sys=0,00s Real=0,03s
[4,843s][info][gc,start       ] GC(194) Pause Young (Mixed) (G1 Evacuation Pause)
[4,843s][info][gc,task        ] GC(194) Using 18 workers of 18 for evacuation
[4,863s][info][gc,phases      ] GC(194)   Pre Evacuate Collection Set: 0,3ms
[4,863s][info][gc,phases      ] GC(194)   Merge Heap Roots: 0,1ms
[4,863s][info][gc,phases      ] GC(194)   Evacuate Collection Set: 18,7ms
[4,863s][info][gc,phases      ] GC(194)   Post Evacuate Collection Set: 0,4ms
[4,863s][info][gc,phases      ] GC(194)   Other: 0,1ms
[4,863s][info][gc,heap        ] GC(194) Eden regions: 63->0(59)
[4,863s][info][gc,heap        ] GC(194) Survivor regions: 11->10(10)
[4,863s][info][gc,heap        ] GC(194) Old regions: 842->861
[4,863s][info][gc,heap        ] GC(194) Humongous regions: 0->0
[4,863s][info][gc,metaspace   ] GC(194) Metaspace: 80K(320K)->80K(320K) NonClass: 77K(192K)->77K(192K) Class: 3K(128K)->3K(128K)
[4,863s][info][gc             ] GC(194) Pause Young (Mixed) (G1 Evacuation Pause) (Evacuation Failure) 1831M->1742M(2048M) 19,924ms
[4,863s][info][gc,cpu         ] GC(194) User=0,33s Sys=0,01s Real=0,02s
[4,871s][info][gc,start       ] GC(195) Pause Young (Mixed) (G1 Evacuation Pause)
[4,871s][info][gc,task        ] GC(195) Using 18 workers of 18 for evacuation
[4,888s][info][gc,phases      ] GC(195)   Pre Evacuate Collection Set: 0,2ms
[4,888s][info][gc,phases      ] GC(195)   Merge Heap Roots: 0,1ms
[4,888s][info][gc,phases      ] GC(195)   Evacuate Collection Set: 16,3ms
[4,888s][info][gc,phases      ] GC(195)   Post Evacuate Collection Set: 0,3ms
[4,888s][info][gc,phases      ] GC(195)   Other: 0,1ms
[4,888s][info][gc,heap        ] GC(195) Eden regions: 59->0(60)
[4,888s][info][gc,heap        ] GC(195) Survivor regions: 10->9(9)
[4,888s][info][gc,heap        ] GC(195) Old regions: 861->865
[4,888s][info][gc,heap        ] GC(195) Humongous regions: 0->0
[4,888s][info][gc,metaspace   ] GC(195) Metaspace: 80K(320K)->80K(320K) NonClass: 77K(192K)->77K(192K) Class: 3K(128K)->3K(128K)
[4,888s][info][gc             ] GC(195) Pause Young (Mixed) (G1 Evacuation Pause) (Evacuation Failure) 1859M->1748M(2048M) 17,180ms
[4,888s][info][gc,cpu         ] GC(195) User=0,29s Sys=0,01s Real=0,02s
[4,895s][info][gc,start       ] GC(196) Pause Young (Mixed) (G1 Evacuation Pause)
[4,896s][info][gc,task        ] GC(196) Using 18 workers of 18 for evacuation
[4,909s][info][gc,phases      ] GC(196)   Pre Evacuate Collection Set: 0,3ms
[4,909s][info][gc,phases      ] GC(196)   Merge Heap Roots: 0,1ms
[4,909s][info][gc,phases      ] GC(196)   Evacuate Collection Set: 12,4ms
[4,909s][info][gc,phases      ] GC(196)   Post Evacuate Collection Set: 0,2ms
[4,909s][info][gc,phases      ] GC(196)   Other: 0,1ms
[4,909s][info][gc,heap        ] GC(196) Eden regions: 60->0(42)
[4,909s][info][gc,heap        ] GC(196) Survivor regions: 9->9(9)
[4,909s][info][gc,heap        ] GC(196) Old regions: 865->922
[4,909s][info][gc,heap        ] GC(196) Humongous regions: 0->0
[4,909s][info][gc,metaspace   ] GC(196) Metaspace: 80K(320K)->80K(320K) NonClass: 77K(192K)->77K(192K) Class: 3K(128K)->3K(128K)
[4,909s][info][gc             ] GC(196) Pause Young (Mixed) (G1 Evacuation Pause) 1867M->1861M(2048M) 13,260ms
[4,909s][info][gc,cpu         ] GC(196) User=0,21s Sys=0,00s Real=0,01s
[4,914s][info][gc,start       ] GC(197) Pause Young (Concurrent Start) (G1 Evacuation Pause)
[4,914s][info][gc,task        ] GC(197) Using 18 workers of 18 for evacuation
[4,924s][info][gc,phases      ] GC(197)   Pre Evacuate Collection Set: 0,3ms
[4,924s][info][gc,phases      ] GC(197)   Merge Heap Roots: 0,0ms
[4,924s][info][gc,phases      ] GC(197)   Evacuate Collection Set: 9,1ms
[4,924s][info][gc,phases      ] GC(197)   Post Evacuate Collection Set: 0,2ms
[4,924s][info][gc,phases      ] GC(197)   Other: 0,1ms
[4,924s][info][gc,heap        ] GC(197) Eden regions: 42->0(44)
[4,924s][info][gc,heap        ] GC(197) Survivor regions: 9->7(7)
[4,924s][info][gc,heap        ] GC(197) Old regions: 922->966
[4,924s][info][gc,heap        ] GC(197) Humongous regions: 0->0
[4,924s][info][gc,metaspace   ] GC(197) Metaspace: 80K(320K)->80K(320K) NonClass: 77K(192K)->77K(192K) Class: 3K(128K)->3K(128K)
[4,924s][info][gc             ] GC(197) Pause Young (Concurrent Start) (G1 Evacuation Pause) 1944M->1944M(2048M) 9,904ms
[4,924s][info][gc,cpu         ] GC(197) User=0,16s Sys=0,00s Real=0,01s
[4,924s][info][gc             ] GC(198) Concurrent Mark Cycle
[4,924s][info][gc,marking     ] GC(198) Concurrent Scan Root Regions
[4,924s][info][gc,marking     ] GC(198) Concurrent Scan Root Regions 0,053ms
[4,924s][info][gc,marking     ] GC(198) Concurrent Mark
[4,924s][info][gc,marking     ] GC(198) Concurrent Mark From Roots
[4,924s][info][gc,task        ] GC(198) Using 5 workers of 5 for marking
[4,926s][info][gc,marking     ] GC(198) Concurrent Mark From Roots 2,320ms
[4,926s][info][gc,marking     ] GC(198) Concurrent Preclean
[4,926s][info][gc,marking     ] GC(198) Concurrent Preclean 0,018ms
[4,927s][info][gc,start       ] GC(198) Pause Remark
[4,927s][info][gc             ] GC(198) Pause Remark 1957M->1579M(2048M) 0,642ms
[4,927s][info][gc,cpu         ] GC(198) User=0,01s Sys=0,00s Real=0,00s
[4,927s][info][gc,marking     ] GC(198) Concurrent Mark 3,198ms
[4,927s][info][gc,marking     ] GC(198) Concurrent Rebuild Remembered Sets and Scrub Regions
[4,929s][info][gc,marking     ] GC(198) Concurrent Rebuild Remembered Sets and Scrub Regions 1,571ms
[4,929s][info][gc,start       ] GC(198) Pause Cleanup
[4,930s][info][gc             ] GC(198) Pause Cleanup 1602M->1602M(2048M) 0,593ms
[4,930s][info][gc,cpu         ] GC(198) User=0,00s Sys=0,00s Real=0,00s
[4,930s][info][gc,marking     ] GC(198) Concurrent Clear Claimed Marks
[4,930s][info][gc,marking     ] GC(198) Concurrent Clear Claimed Marks 0,037ms
[4,930s][info][gc,marking     ] GC(198) Concurrent Cleanup for Next Mark
[4,931s][info][gc,marking     ] GC(198) Concurrent Cleanup for Next Mark 1,314ms
[4,931s][info][gc             ] GC(198) Concurrent Mark Cycle 7,133ms
[4,934s][info][gc,start       ] GC(199) Pause Young (Prepare Mixed) (G1 Evacuation Pause)
[4,934s][info][gc,task        ] GC(199) Using 18 workers of 18 for evacuation
[4,944s][info][gc,phases      ] GC(199)   Pre Evacuate Collection Set: 0,2ms
[4,944s][info][gc,phases      ] GC(199)   Merge Heap Roots: 0,0ms
[4,944s][info][gc,phases      ] GC(199)   Evacuate Collection Set: 9,2ms
[4,944s][info][gc,phases      ] GC(199)   Post Evacuate Collection Set: 0,4ms
[4,944s][info][gc,phases      ] GC(199)   Other: 0,1ms
[4,944s][info][gc,heap        ] GC(199) Eden regions: 44->0(75)
[4,944s][info][gc,heap        ] GC(199) Survivor regions: 7->7(7)
[4,944s][info][gc,heap        ] GC(199) Old regions: 777->820
[4,944s][info][gc,heap        ] GC(199) Humongous regions: 0->0
[4,944s][info][gc,metaspace   ] GC(199) Metaspace: 80K(320K)->80K(320K) NonClass: 77K(192K)->77K(192K) Class: 3K(128K)->3K(128K)
[4,944s][info][gc             ] GC(199) Pause Young (Prepare Mixed) (G1 Evacuation Pause) 1654M->1653M(2048M) 10,106ms
[4,944s][info][gc,cpu         ] GC(199) User=0,16s Sys=0,00s Real=0,01s
[4,953s][info][gc,start       ] GC(200) Pause Young (Mixed) (G1 Evacuation Pause)
[4,953s][info][gc,task        ] GC(200) Using 18 workers of 18 for evacuation
[4,972s][info][gc,phases      ] GC(200)   Pre Evacuate Collection Set: 0,2ms
[4,972s][info][gc,phases      ] GC(200)   Merge Heap Roots: 0,1ms
[4,972s][info][gc,phases      ] GC(200)   Evacuate Collection Set: 18,1ms
[4,972s][info][gc,phases      ] GC(200)   Post Evacuate Collection Set: 0,3ms
[4,972s][info][gc,phases      ] GC(200)   Other: 0,1ms
[4,972s][info][gc,heap        ] GC(200) Eden regions: 75->0(76)
[4,972s][info][gc,heap        ] GC(200) Survivor regions: 7->11(11)
[4,972s][info][gc,heap        ] GC(200) Old regions: 820->811
[4,972s][info][gc,heap        ] GC(200) Humongous regions: 0->0
[4,972s][info][gc,metaspace   ] GC(200) Metaspace: 80K(320K)->80K(320K) NonClass: 77K(192K)->77K(192K) Class: 3K(128K)->3K(128K)
[4,972s][info][gc             ] GC(200) Pause Young (Mixed) (G1 Evacuation Pause) 1803M->1642M(2048M) 19,086ms
[4,972s][info][gc,cpu         ] GC(200) User=0,32s Sys=0,00s Real=0,02s
[4,982s][info][gc,start       ] GC(201) Pause Young (Mixed) (G1 Evacuation Pause)
[4,982s][info][gc,task        ] GC(201) Using 18 workers of 18 for evacuation
[5,005s][info][gc,phases      ] GC(201)   Pre Evacuate Collection Set: 0,2ms
[5,005s][info][gc,phases      ] GC(201)   Merge Heap Roots: 0,1ms
[5,005s][info][gc,phases      ] GC(201)   Evacuate Collection Set: 21,8ms
[5,005s][info][gc,phases      ] GC(201)   Post Evacuate Collection Set: 0,3ms
[5,005s][info][gc,phases      ] GC(201)   Other: 0,1ms
[5,005s][info][gc,heap        ] GC(201) Eden regions: 76->0(66)
[5,005s][info][gc,heap        ] GC(201) Survivor regions: 11->11(11)
[5,005s][info][gc,heap        ] GC(201) Old regions: 811->840
[5,005s][info][gc,heap        ] GC(201) Humongous regions: 0->0
[5,005s][info][gc,metaspace   ] GC(201) Metaspace: 80K(320K)->80K(320K) NonClass: 77K(192K)->77K(192K) Class: 3K(128K)->3K(128K)
[5,005s][info][gc             ] GC(201) Pause Young (Mixed) (G1 Evacuation Pause) (Evacuation Failure) 1794M->1702M(2048M) 22,804ms
[5,005s][info][gc,cpu         ] GC(201) User=0,39s Sys=0,00s Real=0,02s
[5,013s][info][gc,start       ] GC(202) Pause Young (Mixed) (G1 Evacuation Pause)
[5,013s][info][gc,task        ] GC(202) Using 18 workers of 18 for evacuation
[5,033s][info][gc,phases      ] GC(202)   Pre Evacuate Collection Set: 0,4ms
[5,033s][info][gc,phases      ] GC(202)   Merge Heap Roots: 0,1ms
[5,033s][info][gc,phases      ] GC(202)   Evacuate Collection Set: 18,4ms
[5,033s][info][gc,phases      ] GC(202)   Post Evacuate Collection Set: 0,3ms
[5,033s][info][gc,phases      ] GC(202)   Other: 0,1ms
[5,033s][info][gc,heap        ] GC(202) Eden regions: 66->0(64)
[5,033s][info][gc,heap        ] GC(202) Survivor regions: 11->10(10)
[5,033s][info][gc,heap        ] GC(202) Old regions: 840->841
[5,033s][info][gc,heap        ] GC(202) Humongous regions: 0->0
[5,033s][info][gc,metaspace   ] GC(202) Metaspace: 80K(320K)->80K(320K) NonClass: 77K(192K)->77K(192K) Class: 3K(128K)->3K(128K)
[5,033s][info][gc             ] GC(202) Pause Young (Mixed) (G1 Evacuation Pause) (Evacuation Failure) 1833M->1702M(2048M) 19,568ms
[5,033s][info][gc,cpu         ] GC(202) User=0,32s Sys=0,01s Real=0,02s
[5,041s][info][gc,start       ] GC(203) Pause Young (Mixed) (G1 Evacuation Pause)
[5,041s][info][gc,task        ] GC(203) Using 18 workers of 18 for evacuation
[5,061s][info][gc,phases      ] GC(203)   Pre Evacuate Collection Set: 0,3ms
[5,061s][info][gc,phases      ] GC(203)   Merge Heap Roots: 0,1ms
[5,061s][info][gc,phases      ] GC(203)   Evacuate Collection Set: 18,9ms
[5,061s][info][gc,phases      ] GC(203)   Post Evacuate Collection Set: 0,3ms
[5,061s][info][gc,phases      ] GC(203)   Other: 0,1ms
[5,061s][info][gc,heap        ] GC(203) Eden regions: 64->0(61)
[5,061s][info][gc,heap        ] GC(203) Survivor regions: 10->10(10)
[5,061s][info][gc,heap        ] GC(203) Old regions: 841->852
[5,061s][info][gc,heap        ] GC(203) Humongous regions: 0->0
[5,061s][info][gc,metaspace   ] GC(203) Metaspace: 80K(320K)->80K(320K) NonClass: 77K(192K)->77K(192K) Class: 3K(128K)->3K(128K)
[5,061s][info][gc             ] GC(203) Pause Young (Mixed) (G1 Evacuation Pause) (Evacuation Failure) 1829M->1724M(2048M) 19,963ms
[5,061s][info][gc,cpu         ] GC(203) User=0,34s Sys=0,01s Real=0,02s
[5,069s][info][gc,start       ] GC(204) Pause Young (Mixed) (G1 Evacuation Pause)
[5,069s][info][gc,task        ] GC(204) Using 18 workers of 18 for evacuation
[5,087s][info][gc,phases      ] GC(204)   Pre Evacuate Collection Set: 0,3ms
[5,087s][info][gc,phases      ] GC(204)   Merge Heap Roots: 0,1ms
[5,087s][info][gc,phases      ] GC(204)   Evacuate Collection Set: 17,6ms
[5,087s][info][gc,phases      ] GC(204)   Post Evacuate Collection Set: 0,4ms
[5,087s][info][gc,phases      ] GC(204)   Other: 0,1ms
[5,087s][info][gc,heap        ] GC(204) Eden regions: 61->0(58)
[5,087s][info][gc,heap        ] GC(204) Survivor regions: 10->9(9)
[5,087s][info][gc,heap        ] GC(204) Old regions: 852->868
[5,087s][info][gc,heap        ] GC(204) Humongous regions: 0->0
[5,087s][info][gc,metaspace   ] GC(204) Metaspace: 80K(320K)->80K(320K) NonClass: 77K(192K)->77K(192K) Class: 3K(128K)->3K(128K)
[5,087s][info][gc             ] GC(204) Pause Young (Mixed) (G1 Evacuation Pause) (Evacuation Failure) 1845M->1754M(2048M) 18,718ms
[5,087s][info][gc,cpu         ] GC(204) User=0,32s Sys=0,00s Real=0,02s
[5,095s][info][gc,start       ] GC(205) Pause Young (Mixed) (G1 Evacuation Pause)
[5,095s][info][gc,task        ] GC(205) Using 18 workers of 18 for evacuation
[5,108s][info][gc,phases      ] GC(205)   Pre Evacuate Collection Set: 0,3ms
[5,108s][info][gc,phases      ] GC(205)   Merge Heap Roots: 0,1ms
[5,108s][info][gc,phases      ] GC(205)   Evacuate Collection Set: 12,3ms
[5,108s][info][gc,phases      ] GC(205)   Post Evacuate Collection Set: 0,2ms
[5,108s][info][gc,phases      ] GC(205)   Other: 0,1ms
[5,108s][info][gc,heap        ] GC(205) Eden regions: 58->0(42)
[5,108s][info][gc,heap        ] GC(205) Survivor regions: 9->9(9)
[5,108s][info][gc,heap        ] GC(205) Old regions: 868->910
[5,108s][info][gc,heap        ] GC(205) Humongous regions: 0->0
[5,108s][info][gc,metaspace   ] GC(205) Metaspace: 80K(320K)->80K(320K) NonClass: 77K(192K)->77K(192K) Class: 3K(128K)->3K(128K)
[5,108s][info][gc             ] GC(205) Pause Young (Mixed) (G1 Evacuation Pause) 1869M->1837M(2048M) 13,196ms
[5,108s][info][gc,cpu         ] GC(205) User=0,22s Sys=0,00s Real=0,02s
[5,113s][info][gc,start       ] GC(206) Pause Young (Concurrent Start) (G1 Evacuation Pause)
[5,113s][info][gc,task        ] GC(206) Using 18 workers of 18 for evacuation
[5,123s][info][gc,phases      ] GC(206)   Pre Evacuate Collection Set: 0,3ms
[5,123s][info][gc,phases      ] GC(206)   Merge Heap Roots: 0,1ms
[5,123s][info][gc,phases      ] GC(206)   Evacuate Collection Set: 9,1ms
[5,123s][info][gc,phases      ] GC(206)   Post Evacuate Collection Set: 0,2ms
[5,123s][info][gc,phases      ] GC(206)   Other: 0,1ms
[5,123s][info][gc,heap        ] GC(206) Eden regions: 42->0(44)
[5,123s][info][gc,heap        ] GC(206) Survivor regions: 9->7(7)
[5,123s][info][gc,heap        ] GC(206) Old regions: 910->954
[5,123s][info][gc,heap        ] GC(206) Humongous regions: 0->0
[5,123s][info][gc,metaspace   ] GC(206) Metaspace: 80K(320K)->80K(320K) NonClass: 77K(192K)->77K(192K) Class: 3K(128K)->3K(128K)
[5,123s][info][gc             ] GC(206) Pause Young (Concurrent Start) (G1 Evacuation Pause) 1920M->1920M(2048M) 10,037ms
[5,123s][info][gc,cpu         ] GC(206) User=0,15s Sys=0,00s Real=0,01s
[5,123s][info][gc             ] GC(207) Concurrent Mark Cycle
[5,123s][info][gc,marking     ] GC(207) Concurrent Scan Root Regions
[5,123s][info][gc,marking     ] GC(207) Concurrent Scan Root Regions 0,045ms
[5,123s][info][gc,marking     ] GC(207) Concurrent Mark
[5,123s][info][gc,marking     ] GC(207) Concurrent Mark From Roots
[5,123s][info][gc,task        ] GC(207) Using 5 workers of 5 for marking
[5,126s][info][gc,marking     ] GC(207) Concurrent Mark From Roots 2,525ms
[5,126s][info][gc,marking     ] GC(207) Concurrent Preclean
[5,126s][info][gc,marking     ] GC(207) Concurrent Preclean 0,012ms
[5,126s][info][gc,start       ] GC(207) Pause Remark
[5,127s][info][gc             ] GC(207) Pause Remark 1935M->1507M(2048M) 0,804ms
[5,127s][info][gc,cpu         ] GC(207) User=0,00s Sys=0,00s Real=0,00s
[5,127s][info][gc,marking     ] GC(207) Concurrent Mark 3,548ms
[5,127s][info][gc,marking     ] GC(207) Concurrent Rebuild Remembered Sets and Scrub Regions
[5,129s][info][gc,marking     ] GC(207) Concurrent Rebuild Remembered Sets and Scrub Regions 2,067ms
[5,129s][info][gc,start       ] GC(207) Pause Cleanup
[5,130s][info][gc             ] GC(207) Pause Cleanup 1539M->1539M(2048M) 0,584ms
[5,130s][info][gc,cpu         ] GC(207) User=0,00s Sys=0,00s Real=0,00s
[5,130s][info][gc,marking     ] GC(207) Concurrent Clear Claimed Marks
[5,130s][info][gc,marking     ] GC(207) Concurrent Clear Claimed Marks 0,018ms
[5,130s][info][gc,marking     ] GC(207) Concurrent Cleanup for Next Mark
[5,131s][info][gc,marking     ] GC(207) Concurrent Cleanup for Next Mark 1,406ms
[5,131s][info][gc             ] GC(207) Concurrent Mark Cycle 8,009ms
[5,133s][info][gc,start       ] GC(208) Pause Young (Prepare Mixed) (G1 Evacuation Pause)
[5,133s][info][gc,task        ] GC(208) Using 18 workers of 18 for evacuation
[5,143s][info][gc,phases      ] GC(208)   Pre Evacuate Collection Set: 0,2ms
[5,143s][info][gc,phases      ] GC(208)   Merge Heap Roots: 0,1ms
[5,143s][info][gc,phases      ] GC(208)   Evacuate Collection Set: 9,2ms
[5,143s][info][gc,phases      ] GC(208)   Post Evacuate Collection Set: 0,3ms
[5,143s][info][gc,phases      ] GC(208)   Other: 0,1ms
[5,143s][info][gc,heap        ] GC(208) Eden regions: 44->0(92)
[5,143s][info][gc,heap        ] GC(208) Survivor regions: 7->7(7)
[5,143s][info][gc,heap        ] GC(208) Old regions: 740->783
[5,143s][info][gc,heap        ] GC(208) Humongous regions: 0->0
[5,143s][info][gc,metaspace   ] GC(208) Metaspace: 80K(320K)->80K(320K) NonClass: 77K(192K)->77K(192K) Class: 3K(128K)->3K(128K)
[5,143s][info][gc             ] GC(208) Pause Young (Prepare Mixed) (G1 Evacuation Pause) 1580M->1579M(2048M) 10,175ms
[5,143s][info][gc,cpu         ] GC(208) User=0,16s Sys=0,00s Real=0,01s
[5,155s][info][gc,start       ] GC(209) Pause Young (Mixed) (G1 Evacuation Pause)
[5,155s][info][gc,task        ] GC(209) Using 18 workers of 18 for evacuation
[5,179s][info][gc,phases      ] GC(209)   Pre Evacuate Collection Set: 0,3ms
[5,179s][info][gc,phases      ] GC(209)   Merge Heap Roots: 0,1ms
[5,179s][info][gc,phases      ] GC(209)   Evacuate Collection Set: 22,9ms
[5,179s][info][gc,phases      ] GC(209)   Post Evacuate Collection Set: 0,4ms
[5,179s][info][gc,phases      ] GC(209)   Other: 0,1ms
[5,179s][info][gc,heap        ] GC(209) Eden regions: 92->0(80)
[5,179s][info][gc,heap        ] GC(209) Survivor regions: 7->13(13)
[5,179s][info][gc,heap        ] GC(209) Old regions: 783->799
[5,179s][info][gc,heap        ] GC(209) Humongous regions: 0->0
[5,179s][info][gc,metaspace   ] GC(209) Metaspace: 80K(320K)->80K(320K) NonClass: 77K(192K)->77K(192K) Class: 3K(128K)->3K(128K)
[5,179s][info][gc             ] GC(209) Pause Young (Mixed) (G1 Evacuation Pause) 1763M->1623M(2048M) 23,988ms
[5,179s][info][gc,cpu         ] GC(209) User=0,41s Sys=0,00s Real=0,02s
[5,189s][info][gc,start       ] GC(210) Pause Young (Mixed) (G1 Evacuation Pause)
[5,189s][info][gc,task        ] GC(210) Using 18 workers of 18 for evacuation
[5,213s][info][gc,phases      ] GC(210)   Pre Evacuate Collection Set: 0,3ms
[5,213s][info][gc,phases      ] GC(210)   Merge Heap Roots: 0,1ms
[5,213s][info][gc,phases      ] GC(210)   Evacuate Collection Set: 23,0ms
[5,213s][info][gc,phases      ] GC(210)   Post Evacuate Collection Set: 0,4ms
[5,213s][info][gc,phases      ] GC(210)   Other: 0,1ms
[5,213s][info][gc,heap        ] GC(210) Eden regions: 80->0(66)
[5,213s][info][gc,heap        ] GC(210) Survivor regions: 13->12(12)
[5,213s][info][gc,heap        ] GC(210) Old regions: 799->832
[5,213s][info][gc,heap        ] GC(210) Humongous regions: 0->0
[5,213s][info][gc,metaspace   ] GC(210) Metaspace: 80K(320K)->80K(320K) NonClass: 77K(192K)->77K(192K) Class: 3K(128K)->3K(128K)
[5,213s][info][gc             ] GC(210) Pause Young (Mixed) (G1 Evacuation Pause) (Evacuation Failure) 1782M->1688M(2048M) 24,079ms
[5,213s][info][gc,cpu         ] GC(210) User=0,41s Sys=0,00s Real=0,02s
[5,222s][info][gc,start       ] GC(211) Pause Young (Mixed) (G1 Evacuation Pause)
[5,222s][info][gc,task        ] GC(211) Using 18 workers of 18 for evacuation
[5,242s][info][gc,phases      ] GC(211)   Pre Evacuate Collection Set: 0,3ms
[5,242s][info][gc,phases      ] GC(211)   Merge Heap Roots: 0,1ms
[5,242s][info][gc,phases      ] GC(211)   Evacuate Collection Set: 19,7ms
[5,242s][info][gc,phases      ] GC(211)   Post Evacuate Collection Set: 0,3ms
[5,242s][info][gc,phases      ] GC(211)   Other: 0,1ms
[5,242s][info][gc,heap        ] GC(211) Eden regions: 66->0(64)
[5,242s][info][gc,heap        ] GC(211) Survivor regions: 12->10(10)
[5,242s][info][gc,heap        ] GC(211) Old regions: 832->841
[5,242s][info][gc,heap        ] GC(211) Humongous regions: 0->0
[5,242s][info][gc,metaspace   ] GC(211) Metaspace: 80K(320K)->80K(320K) NonClass: 77K(192K)->77K(192K) Class: 3K(128K)->3K(128K)
[5,242s][info][gc             ] GC(211) Pause Young (Mixed) (G1 Evacuation Pause) (Evacuation Failure) 1819M->1702M(2048M) 20,658ms
[5,242s][info][gc,cpu         ] GC(211) User=0,35s Sys=0,01s Real=0,02s
[5,251s][info][gc,start       ] GC(212) Pause Young (Mixed) (G1 Evacuation Pause)
[5,251s][info][gc,task        ] GC(212) Using 18 workers of 18 for evacuation
[5,270s][info][gc,phases      ] GC(212)   Pre Evacuate Collection Set: 0,3ms
[5,270s][info][gc,phases      ] GC(212)   Merge Heap Roots: 0,1ms
[5,270s][info][gc,phases      ] GC(212)   Evacuate Collection Set: 18,9ms
[5,270s][info][gc,phases      ] GC(212)   Post Evacuate Collection Set: 0,4ms
[5,270s][info][gc,phases      ] GC(212)   Other: 0,1ms
[5,271s][info][gc,heap        ] GC(212) Eden regions: 64->0(57)
[5,271s][info][gc,heap        ] GC(212) Survivor regions: 10->10(10)
[5,271s][info][gc,heap        ] GC(212) Old regions: 841->866
[5,271s][info][gc,heap        ] GC(212) Humongous regions: 0->0
[5,271s][info][gc,metaspace   ] GC(212) Metaspace: 80K(320K)->80K(320K) NonClass: 77K(192K)->77K(192K) Class: 3K(128K)->3K(128K)
[5,271s][info][gc             ] GC(212) Pause Young (Mixed) (G1 Evacuation Pause) (Evacuation Failure) 1829M->1752M(2048M) 20,005ms
[5,271s][info][gc,cpu         ] GC(212) User=0,34s Sys=0,00s Real=0,02s
[5,278s][info][gc,start       ] GC(213) Pause Young (Mixed) (G1 Evacuation Pause)
[5,278s][info][gc,task        ] GC(213) Using 18 workers of 18 for evacuation
[5,295s][info][gc,phases      ] GC(213)   Pre Evacuate Collection Set: 0,3ms
[5,295s][info][gc,phases      ] GC(213)   Merge Heap Roots: 0,1ms
[5,295s][info][gc,phases      ] GC(213)   Evacuate Collection Set: 15,8ms
[5,295s][info][gc,phases      ] GC(213)   Post Evacuate Collection Set: 0,4ms
[5,295s][info][gc,phases      ] GC(213)   Other: 0,1ms
[5,295s][info][gc,heap        ] GC(213) Eden regions: 57->0(50)
[5,295s][info][gc,heap        ] GC(213) Survivor regions: 10->9(9)
[5,295s][info][gc,heap        ] GC(213) Old regions: 866->894
[5,295s][info][gc,heap        ] GC(213) Humongous regions: 0->0
[5,295s][info][gc,metaspace   ] GC(213) Metaspace: 80K(320K)->80K(320K) NonClass: 77K(192K)->77K(192K) Class: 3K(128K)->3K(128K)
[5,295s][info][gc             ] GC(213) Pause Young (Mixed) (G1 Evacuation Pause) (Evacuation Failure) 1865M->1806M(2048M) 16,941ms
[5,295s][info][gc,cpu         ] GC(213) User=0,29s Sys=0,00s Real=0,02s
[5,302s][info][gc,start       ] GC(214) Pause Young (Concurrent Start) (G1 Evacuation Pause)
[5,302s][info][gc,task        ] GC(214) Using 18 workers of 18 for evacuation
[5,314s][info][gc,phases      ] GC(214)   Pre Evacuate Collection Set: 0,4ms
[5,314s][info][gc,phases      ] GC(214)   Merge Heap Roots: 0,1ms
[5,314s][info][gc,phases      ] GC(214)   Evacuate Collection Set: 10,4ms
[5,314s][info][gc,phases      ] GC(214)   Post Evacuate Collection Set: 0,2ms
[5,314s][info][gc,phases      ] GC(214)   Other: 0,1ms
[5,314s][info][gc,heap        ] GC(214) Eden regions: 50->0(43)
[5,314s][info][gc,heap        ] GC(214) Survivor regions: 9->8(8)
[5,314s][info][gc,heap        ] GC(214) Old regions: 894->945
[5,314s][info][gc,heap        ] GC(214) Humongous regions: 0->0
[5,314s][info][gc,metaspace   ] GC(214) Metaspace: 80K(320K)->80K(320K) NonClass: 77K(192K)->77K(192K) Class: 3K(128K)->3K(128K)
[5,314s][info][gc             ] GC(214) Pause Young (Concurrent Start) (G1 Evacuation Pause) 1905M->1905M(2048M) 11,440ms
[5,314s][info][gc,cpu         ] GC(214) User=0,18s Sys=0,00s Real=0,01s
[5,314s][info][gc             ] GC(215) Concurrent Mark Cycle
[5,314s][info][gc,marking     ] GC(215) Concurrent Scan Root Regions
[5,314s][info][gc,marking     ] GC(215) Concurrent Scan Root Regions 0,064ms
[5,314s][info][gc,marking     ] GC(215) Concurrent Mark
[5,314s][info][gc,marking     ] GC(215) Concurrent Mark From Roots
[5,314s][info][gc,task        ] GC(215) Using 5 workers of 5 for marking
[5,318s][info][gc,marking     ] GC(215) Concurrent Mark From Roots 3,544ms
[5,318s][info][gc,marking     ] GC(215) Concurrent Preclean
[5,318s][info][gc,marking     ] GC(215) Concurrent Preclean 0,013ms
[5,318s][info][gc,start       ] GC(215) Pause Remark
[5,319s][info][gc             ] GC(215) Pause Remark 1924M->1556M(2048M) 0,837ms
[5,319s][info][gc,cpu         ] GC(215) User=0,00s Sys=0,00s Real=0,00s
[5,319s][info][gc,marking     ] GC(215) Concurrent Mark 4,691ms
[5,319s][info][gc,marking     ] GC(215) Concurrent Rebuild Remembered Sets and Scrub Regions
[5,321s][info][gc,marking     ] GC(215) Concurrent Rebuild Remembered Sets and Scrub Regions 2,007ms
[5,321s][info][gc,start       ] GC(215) Pause Cleanup
[5,322s][info][gc             ] GC(215) Pause Cleanup 1582M->1582M(2048M) 0,803ms
[5,322s][info][gc,cpu         ] GC(215) User=0,00s Sys=0,00s Real=0,00s
[5,322s][info][gc,marking     ] GC(215) Concurrent Clear Claimed Marks
[5,322s][info][gc,marking     ] GC(215) Concurrent Clear Claimed Marks 0,029ms
[5,322s][info][gc,marking     ] GC(215) Concurrent Cleanup for Next Mark
[5,323s][info][gc,marking     ] GC(215) Concurrent Cleanup for Next Mark 1,357ms
[5,323s][info][gc             ] GC(215) Concurrent Mark Cycle 9,345ms
[5,326s][info][gc,start       ] GC(216) Pause Young (Prepare Mixed) (G1 Evacuation Pause)
[5,326s][info][gc,task        ] GC(216) Using 18 workers of 18 for evacuation
[5,336s][info][gc,phases      ] GC(216)   Pre Evacuate Collection Set: 0,3ms
[5,336s][info][gc,phases      ] GC(216)   Merge Heap Roots: 0,1ms
[5,336s][info][gc,phases      ] GC(216)   Evacuate Collection Set: 9,0ms
[5,336s][info][gc,phases      ] GC(216)   Post Evacuate Collection Set: 0,4ms
[5,336s][info][gc,phases      ] GC(216)   Other: 0,1ms
[5,336s][info][gc,heap        ] GC(216) Eden regions: 43->0(83)
[5,336s][info][gc,heap        ] GC(216) Survivor regions: 8->7(7)
[5,336s][info][gc,heap        ] GC(216) Old regions: 761->805
[5,336s][info][gc,heap        ] GC(216) Humongous regions: 0->0
[5,336s][info][gc,metaspace   ] GC(216) Metaspace: 80K(320K)->80K(320K) NonClass: 77K(192K)->77K(192K) Class: 3K(128K)->3K(128K)
[5,336s][info][gc             ] GC(216) Pause Young (Prepare Mixed) (G1 Evacuation Pause) 1622M->1622M(2048M) 10,206ms
[5,336s][info][gc,cpu         ] GC(216) User=0,16s Sys=0,00s Real=0,01s
[5,349s][info][gc,start       ] GC(217) Pause Young (Mixed) (G1 Evacuation Pause)
[5,349s][info][gc,task        ] GC(217) Using 18 workers of 18 for evacuation
[5,369s][info][gc,phases      ] GC(217)   Pre Evacuate Collection Set: 0,3ms
[5,369s][info][gc,phases      ] GC(217)   Merge Heap Roots: 0,1ms
[5,369s][info][gc,phases      ] GC(217)   Evacuate Collection Set: 18,4ms
[5,369s][info][gc,phases      ] GC(217)   Post Evacuate Collection Set: 0,4ms
[5,369s][info][gc,phases      ] GC(217)   Other: 0,1ms
[5,369s][info][gc,heap        ] GC(217) Eden regions: 83->0(82)
[5,369s][info][gc,heap        ] GC(217) Survivor regions: 7->12(12)
[5,369s][info][gc,heap        ] GC(217) Old regions: 805->796
[5,369s][info][gc,heap        ] GC(217) Humongous regions: 0->0
[5,369s][info][gc,metaspace   ] GC(217) Metaspace: 80K(320K)->80K(320K) NonClass: 77K(192K)->77K(192K) Class: 3K(128K)->3K(128K)
[5,369s][info][gc             ] GC(217) Pause Young (Mixed) (G1 Evacuation Pause) 1788M->1615M(2048M) 19,761ms
[5,369s][info][gc,cpu         ] GC(217) User=0,32s Sys=0,01s Real=0,02s
[5,382s][info][gc,start       ] GC(218) Pause Young (Mixed) (G1 Evacuation Pause)
[5,382s][info][gc,task        ] GC(218) Using 18 workers of 18 for evacuation
[5,406s][info][gc,phases      ] GC(218)   Pre Evacuate Collection Set: 0,3ms
[5,406s][info][gc,phases      ] GC(218)   Merge Heap Roots: 0,1ms
[5,406s][info][gc,phases      ] GC(218)   Evacuate Collection Set: 23,1ms
[5,406s][info][gc,phases      ] GC(218)   Post Evacuate Collection Set: 0,4ms
[5,406s][info][gc,phases      ] GC(218)   Other: 0,1ms
[5,406s][info][gc,heap        ] GC(218) Eden regions: 82->0(70)
[5,406s][info][gc,heap        ] GC(218) Survivor regions: 12->12(12)
[5,406s][info][gc,heap        ] GC(218) Old regions: 796->824
[5,406s][info][gc,heap        ] GC(218) Humongous regions: 0->0
[5,406s][info][gc,metaspace   ] GC(218) Metaspace: 80K(320K)->80K(320K) NonClass: 77K(192K)->77K(192K) Class: 3K(128K)->3K(128K)
[5,406s][info][gc             ] GC(218) Pause Young (Mixed) (G1 Evacuation Pause) (Evacuation Failure) 1779M->1672M(2048M) 24,390ms
[5,406s][info][gc,cpu         ] GC(218) User=0,41s Sys=0,01s Real=0,03s
[5,417s][info][gc,start       ] GC(219) Pause Young (Mixed) (G1 Evacuation Pause)
[5,417s][info][gc,task        ] GC(219) Using 18 workers of 18 for evacuation
[5,438s][info][gc,phases      ] GC(219)   Pre Evacuate Collection Set: 0,4ms
[5,438s][info][gc,phases      ] GC(219)   Merge Heap Roots: 0,1ms
[5,438s][info][gc,phases      ] GC(219)   Evacuate Collection Set: 20,5ms
[5,438s][info][gc,phases      ] GC(219)   Post Evacuate Collection Set: 0,4ms
[5,438s][info][gc,phases      ] GC(219)   Other: 0,1ms
[5,438s][info][gc,heap        ] GC(219) Eden regions: 70->0(59)
[5,438s][info][gc,heap        ] GC(219) Survivor regions: 12->11(11)
[5,438s][info][gc,heap        ] GC(219) Old regions: 824->856
[5,438s][info][gc,heap        ] GC(219) Humongous regions: 0->0
[5,438s][info][gc,metaspace   ] GC(219) Metaspace: 80K(320K)->80K(320K) NonClass: 77K(192K)->77K(192K) Class: 3K(128K)->3K(128K)
[5,439s][info][gc             ] GC(219) Pause Young (Mixed) (G1 Evacuation Pause) (Evacuation Failure) 1811M->1734M(2048M) 21,751ms
[5,439s][info][gc,cpu         ] GC(219) User=0,36s Sys=0,01s Real=0,02s
[5,448s][info][gc,start       ] GC(220) Pause Young (Mixed) (G1 Evacuation Pause)
[5,448s][info][gc,task        ] GC(220) Using 18 workers of 18 for evacuation
[5,466s][info][gc,phases      ] GC(220)   Pre Evacuate Collection Set: 0,3ms
[5,466s][info][gc,phases      ] GC(220)   Merge Heap Roots: 0,1ms
[5,466s][info][gc,phases      ] GC(220)   Evacuate Collection Set: 17,2ms
[5,466s][info][gc,phases      ] GC(220)   Post Evacuate Collection Set: 0,3ms
[5,466s][info][gc,phases      ] GC(220)   Other: 0,1ms
[5,466s][info][gc,heap        ] GC(220) Eden regions: 59->0(62)
[5,466s][info][gc,heap        ] GC(220) Survivor regions: 11->9(9)
[5,466s][info][gc,heap        ] GC(220) Old regions: 856->853
[5,466s][info][gc,heap        ] GC(220) Humongous regions: 0->0
[5,466s][info][gc,metaspace   ] GC(220) Metaspace: 80K(320K)->80K(320K) NonClass: 77K(192K)->77K(192K) Class: 3K(128K)->3K(128K)
[5,466s][info][gc             ] GC(220) Pause Young (Mixed) (G1 Evacuation Pause) (Evacuation Failure) 1851M->1724M(2048M) 18,250ms
[5,466s][info][gc,cpu         ] GC(220) User=0,30s Sys=0,00s Real=0,02s
[5,476s][info][gc,start       ] GC(221) Pause Young (Mixed) (G1 Evacuation Pause)
[5,476s][info][gc,task        ] GC(221) Using 18 workers of 18 for evacuation
[5,494s][info][gc,phases      ] GC(221)   Pre Evacuate Collection Set: 0,3ms
[5,494s][info][gc,phases      ] GC(221)   Merge Heap Roots: 0,1ms
[5,494s][info][gc,phases      ] GC(221)   Evacuate Collection Set: 17,4ms
[5,494s][info][gc,phases      ] GC(221)   Post Evacuate Collection Set: 0,4ms
[5,494s][info][gc,phases      ] GC(221)   Other: 0,1ms
[5,494s][info][gc,heap        ] GC(221) Eden regions: 62->0(60)
[5,494s][info][gc,heap        ] GC(221) Survivor regions: 9->9(9)
[5,494s][info][gc,heap        ] GC(221) Old regions: 853->863
[5,494s][info][gc,heap        ] GC(221) Humongous regions: 0->0
[5,494s][info][gc,metaspace   ] GC(221) Metaspace: 80K(320K)->80K(320K) NonClass: 77K(192K)->77K(192K) Class: 3K(128K)->3K(128K)
[5,494s][info][gc             ] GC(221) Pause Young (Mixed) (G1 Evacuation Pause) (Evacuation Failure) 1847M->1744M(2048M) 18,435ms
[5,494s][info][gc,cpu         ] GC(221) User=0,31s Sys=0,01s Real=0,01s
[5,504s][info][gc,start       ] GC(222) Pause Young (Concurrent Start) (G1 Evacuation Pause)
[5,504s][info][gc,task        ] GC(222) Using 18 workers of 18 for evacuation
[5,517s][info][gc,phases      ] GC(222)   Pre Evacuate Collection Set: 0,3ms
[5,517s][info][gc,phases      ] GC(222)   Merge Heap Roots: 0,1ms
[5,517s][info][gc,phases      ] GC(222)   Evacuate Collection Set: 12,2ms
[5,517s][info][gc,phases      ] GC(222)   Post Evacuate Collection Set: 0,2ms
[5,517s][info][gc,phases      ] GC(222)   Other: 0,1ms
[5,517s][info][gc,heap        ] GC(222) Eden regions: 60->0(42)
[5,517s][info][gc,heap        ] GC(222) Survivor regions: 9->9(9)
[5,517s][info][gc,heap        ] GC(222) Old regions: 863->923
[5,517s][info][gc,heap        ] GC(222) Humongous regions: 0->0
[5,517s][info][gc,metaspace   ] GC(222) Metaspace: 80K(320K)->80K(320K) NonClass: 77K(192K)->77K(192K) Class: 3K(128K)->3K(128K)
[5,517s][info][gc             ] GC(222) Pause Young (Concurrent Start) (G1 Evacuation Pause) 1863M->1863M(2048M) 13,176ms
[5,517s][info][gc,cpu         ] GC(222) User=0,21s Sys=0,00s Real=0,02s
[5,517s][info][gc             ] GC(223) Concurrent Mark Cycle
[5,517s][info][gc,marking     ] GC(223) Concurrent Scan Root Regions
[5,517s][info][gc,marking     ] GC(223) Concurrent Scan Root Regions 0,065ms
[5,517s][info][gc,marking     ] GC(223) Concurrent Mark
[5,517s][info][gc,marking     ] GC(223) Concurrent Mark From Roots
[5,517s][info][gc,task        ] GC(223) Using 5 workers of 5 for marking
[5,519s][info][gc,marking     ] GC(223) Concurrent Mark From Roots 2,295ms
[5,519s][info][gc,marking     ] GC(223) Concurrent Preclean
[5,520s][info][gc,marking     ] GC(223) Concurrent Preclean 0,012ms
[5,520s][info][gc,start       ] GC(223) Pause Remark
[5,520s][info][gc             ] GC(223) Pause Remark 1878M->1536M(2048M) 0,637ms
[5,520s][info][gc,cpu         ] GC(223) User=0,00s Sys=0,00s Real=0,00s
[5,520s][info][gc,marking     ] GC(223) Concurrent Mark 3,165ms
[5,520s][info][gc,marking     ] GC(223) Concurrent Rebuild Remembered Sets and Scrub Regions
[5,522s][info][gc,marking     ] GC(223) Concurrent Rebuild Remembered Sets and Scrub Regions 1,521ms
[5,522s][info][gc,start       ] GC(223) Pause Cleanup
[5,523s][info][gc             ] GC(223) Pause Cleanup 1553M->1553M(2048M) 0,520ms
[5,523s][info][gc,cpu         ] GC(223) User=0,00s Sys=0,00s Real=0,00s
[5,523s][info][gc,marking     ] GC(223) Concurrent Clear Claimed Marks
[5,523s][info][gc,marking     ] GC(223) Concurrent Clear Claimed Marks 0,027ms
[5,523s][info][gc,marking     ] GC(223) Concurrent Cleanup for Next Mark
[5,524s][info][gc,marking     ] GC(223) Concurrent Cleanup for Next Mark 1,337ms
[5,524s][info][gc             ] GC(223) Concurrent Mark Cycle 6,974ms
[5,527s][info][gc,start       ] GC(224) Pause Young (Prepare Mixed) (G1 Evacuation Pause)
[5,527s][info][gc,task        ] GC(224) Using 18 workers of 18 for evacuation
[5,537s][info][gc,phases      ] GC(224)   Pre Evacuate Collection Set: 0,2ms
[5,537s][info][gc,phases      ] GC(224)   Merge Heap Roots: 0,1ms
[5,537s][info][gc,phases      ] GC(224)   Evacuate Collection Set: 9,2ms
[5,537s][info][gc,phases      ] GC(224)   Post Evacuate Collection Set: 0,4ms
[5,537s][info][gc,phases      ] GC(224)   Other: 0,1ms
[5,537s][info][gc,heap        ] GC(224) Eden regions: 42->0(86)
[5,537s][info][gc,heap        ] GC(224) Survivor regions: 9->7(7)
[5,537s][info][gc,heap        ] GC(224) Old regions: 752->796
[5,538s][info][gc,heap        ] GC(224) Humongous regions: 0->0
[5,538s][info][gc,metaspace   ] GC(224) Metaspace: 80K(320K)->80K(320K) NonClass: 77K(192K)->77K(192K) Class: 3K(128K)->3K(128K)
[5,538s][info][gc             ] GC(224) Pause Young (Prepare Mixed) (G1 Evacuation Pause) 1604M->1604M(2048M) 10,213ms
[5,538s][info][gc,cpu         ] GC(224) User=0,16s Sys=0,00s Real=0,01s
[5,554s][info][gc,start       ] GC(225) Pause Young (Mixed) (G1 Evacuation Pause)
[5,555s][info][gc,task        ] GC(225) Using 18 workers of 18 for evacuation
[5,578s][info][gc,phases      ] GC(225)   Pre Evacuate Collection Set: 0,4ms
[5,578s][info][gc,phases      ] GC(225)   Merge Heap Roots: 0,1ms
[5,578s][info][gc,phases      ] GC(225)   Evacuate Collection Set: 22,6ms
[5,578s][info][gc,phases      ] GC(225)   Post Evacuate Collection Set: 0,4ms
[5,578s][info][gc,phases      ] GC(225)   Other: 0,1ms
[5,578s][info][gc,heap        ] GC(225) Eden regions: 86->0(75)
[5,578s][info][gc,heap        ] GC(225) Survivor regions: 7->12(12)
[5,578s][info][gc,heap        ] GC(225) Old regions: 796->811
[5,578s][info][gc,heap        ] GC(225) Humongous regions: 0->0
[5,578s][info][gc,metaspace   ] GC(225) Metaspace: 80K(320K)->80K(320K) NonClass: 77K(192K)->77K(192K) Class: 3K(128K)->3K(128K)
[5,578s][info][gc             ] GC(225) Pause Young (Mixed) (G1 Evacuation Pause) 1776M->1645M(2048M) 23,796ms
[5,578s][info][gc,cpu         ] GC(225) User=0,40s Sys=0,00s Real=0,03s
[5,593s][info][gc,start       ] GC(226) Pause Young (Mixed) (G1 Evacuation Pause)
[5,593s][info][gc,task        ] GC(226) Using 18 workers of 18 for evacuation
[5,616s][info][gc,phases      ] GC(226)   Pre Evacuate Collection Set: 0,3ms
[5,616s][info][gc,phases      ] GC(226)   Merge Heap Roots: 0,1ms
[5,616s][info][gc,phases      ] GC(226)   Evacuate Collection Set: 21,9ms
[5,616s][info][gc,phases      ] GC(226)   Post Evacuate Collection Set: 0,5ms
[5,616s][info][gc,phases      ] GC(226)   Other: 0,1ms
[5,616s][info][gc,heap        ] GC(226) Eden regions: 75->0(59)
[5,616s][info][gc,heap        ] GC(226) Survivor regions: 12->11(11)
[5,616s][info][gc,heap        ] GC(226) Old regions: 811->855
[5,616s][info][gc,heap        ] GC(226) Humongous regions: 0->0
[5,616s][info][gc,metaspace   ] GC(226) Metaspace: 80K(320K)->80K(320K) NonClass: 77K(192K)->77K(192K) Class: 3K(128K)->3K(128K)
[5,616s][info][gc             ] GC(226) Pause Young (Mixed) (G1 Evacuation Pause) (Evacuation Failure) 1795M->1732M(2048M) 23,215ms
[5,616s][info][gc,cpu         ] GC(226) User=0,39s Sys=0,00s Real=0,03s
[5,627s][info][gc,start       ] GC(227) Pause Young (Mixed) (G1 Evacuation Pause)
[5,627s][info][gc,task        ] GC(227) Using 18 workers of 18 for evacuation
[5,646s][info][gc,phases      ] GC(227)   Pre Evacuate Collection Set: 0,3ms
[5,646s][info][gc,phases      ] GC(227)   Merge Heap Roots: 0,1ms
[5,646s][info][gc,phases      ] GC(227)   Evacuate Collection Set: 17,3ms
[5,646s][info][gc,phases      ] GC(227)   Post Evacuate Collection Set: 0,6ms
[5,646s][info][gc,phases      ] GC(227)   Other: 0,1ms
[5,646s][info][gc,heap        ] GC(227) Eden regions: 59->0(50)
[5,646s][info][gc,heap        ] GC(227) Survivor regions: 11->9(9)
[5,646s][info][gc,heap        ] GC(227) Old regions: 855->889
[5,646s][info][gc,heap        ] GC(227) Humongous regions: 0->0
[5,646s][info][gc,metaspace   ] GC(227) Metaspace: 80K(320K)->80K(320K) NonClass: 77K(192K)->77K(192K) Class: 3K(128K)->3K(128K)
[5,646s][info][gc             ] GC(227) Pause Young (Mixed) (G1 Evacuation Pause) (Evacuation Failure) 1849M->1796M(2048M) 18,873ms
[5,646s][info][gc,cpu         ] GC(227) User=0,32s Sys=0,01s Real=0,02s
[5,654s][info][gc,start       ] GC(228) Pause Young (Mixed) (G1 Evacuation Pause)
[5,654s][info][gc,task        ] GC(228) Using 18 workers of 18 for evacuation
[5,668s][info][gc,phases      ] GC(228)   Pre Evacuate Collection Set: 0,3ms
[5,668s][info][gc,phases      ] GC(228)   Merge Heap Roots: 0,1ms
[5,668s][info][gc,phases      ] GC(228)   Evacuate Collection Set: 13,5ms
[5,668s][info][gc,phases      ] GC(228)   Post Evacuate Collection Set: 0,4ms
[5,668s][info][gc,phases      ] GC(228)   Other: 0,1ms
[5,668s][info][gc,heap        ] GC(228) Eden regions: 50->0(59)
[5,669s][info][gc,heap        ] GC(228) Survivor regions: 9->8(8)
[5,669s][info][gc,heap        ] GC(228) Old regions: 889->865
[5,669s][info][gc,heap        ] GC(228) Humongous regions: 0->0
[5,669s][info][gc,metaspace   ] GC(228) Metaspace: 80K(320K)->80K(320K) NonClass: 77K(192K)->77K(192K) Class: 3K(128K)->3K(128K)
[5,669s][info][gc             ] GC(228) Pause Young (Mixed) (G1 Evacuation Pause) (Evacuation Failure) 1895M->1746M(2048M) 14,885ms
[5,669s][info][gc,cpu         ] GC(228) User=0,25s Sys=0,00s Real=0,02s
[5,678s][info][gc,start       ] GC(229) Pause Young (Mixed) (G1 Evacuation Pause)
[5,678s][info][gc,task        ] GC(229) Using 18 workers of 18 for evacuation
[5,695s][info][gc,phases      ] GC(229)   Pre Evacuate Collection Set: 0,3ms
[5,695s][info][gc,phases      ] GC(229)   Merge Heap Roots: 0,1ms
[5,695s][info][gc,phases      ] GC(229)   Evacuate Collection Set: 16,0ms
[5,695s][info][gc,phases      ] GC(229)   Post Evacuate Collection Set: 0,5ms
[5,695s][info][gc,phases      ] GC(229)   Other: 0,1ms
[5,695s][info][gc,heap        ] GC(229) Eden regions: 59->0(51)
[5,695s][info][gc,heap        ] GC(229) Survivor regions: 8->9(9)
[5,695s][info][gc,heap        ] GC(229) Old regions: 865->891
[5,695s][info][gc,heap        ] GC(229) Humongous regions: 0->0
[5,695s][info][gc,metaspace   ] GC(229) Metaspace: 80K(320K)->80K(320K) NonClass: 77K(192K)->77K(192K) Class: 3K(128K)->3K(128K)
[5,695s][info][gc             ] GC(229) Pause Young (Mixed) (G1 Evacuation Pause) (Evacuation Failure) 1863M->1800M(2048M) 17,636ms
[5,695s][info][gc,cpu         ] GC(229) User=0,29s Sys=0,00s Real=0,02s
[5,703s][info][gc,start       ] GC(230) Pause Young (Concurrent Start) (G1 Evacuation Pause)
[5,703s][info][gc,task        ] GC(230) Using 18 workers of 18 for evacuation
[5,715s][info][gc,phases      ] GC(230)   Pre Evacuate Collection Set: 0,4ms
[5,715s][info][gc,phases      ] GC(230)   Merge Heap Roots: 0,1ms
[5,715s][info][gc,phases      ] GC(230)   Evacuate Collection Set: 10,8ms
[5,715s][info][gc,phases      ] GC(230)   Post Evacuate Collection Set: 0,2ms
[5,715s][info][gc,phases      ] GC(230)   Other: 0,1ms
[5,715s][info][gc,heap        ] GC(230) Eden regions: 51->0(43)
[5,715s][info][gc,heap        ] GC(230) Survivor regions: 9->8(8)
[5,715s][info][gc,heap        ] GC(230) Old regions: 891->943
[5,715s][info][gc,heap        ] GC(230) Humongous regions: 0->0
[5,715s][info][gc,metaspace   ] GC(230) Metaspace: 80K(320K)->80K(320K) NonClass: 77K(192K)->77K(192K) Class: 3K(128K)->3K(128K)
[5,715s][info][gc             ] GC(230) Pause Young (Concurrent Start) (G1 Evacuation Pause) 1901M->1901M(2048M) 11,776ms
[5,715s][info][gc             ] GC(231) Concurrent Mark Cycle
[5,715s][info][gc,marking     ] GC(231) Concurrent Scan Root Regions
[5,715s][info][gc,cpu         ] GC(230) User=0,19s Sys=0,00s Real=0,02s
[5,715s][info][gc,marking     ] GC(231) Concurrent Scan Root Regions 0,076ms
[5,715s][info][gc,marking     ] GC(231) Concurrent Mark
[5,715s][info][gc,marking     ] GC(231) Concurrent Mark From Roots
[5,715s][info][gc,task        ] GC(231) Using 5 workers of 5 for marking
[5,719s][info][gc,marking     ] GC(231) Concurrent Mark From Roots 3,705ms
[5,719s][info][gc,marking     ] GC(231) Concurrent Preclean
[5,719s][info][gc,marking     ] GC(231) Concurrent Preclean 0,011ms
[5,719s][info][gc,start       ] GC(231) Pause Remark
[5,720s][info][gc             ] GC(231) Pause Remark 1928M->1598M(2048M) 0,756ms
[5,720s][info][gc,cpu         ] GC(231) User=0,00s Sys=0,00s Real=0,00s
[5,720s][info][gc,marking     ] GC(231) Concurrent Mark 4,640ms
[5,720s][info][gc,marking     ] GC(231) Concurrent Rebuild Remembered Sets and Scrub Regions
[5,722s][info][gc,marking     ] GC(231) Concurrent Rebuild Remembered Sets and Scrub Regions 2,558ms
[5,723s][info][gc,start       ] GC(231) Pause Cleanup
[5,723s][info][gc             ] GC(231) Pause Cleanup 1633M->1633M(2048M) 0,627ms
[5,723s][info][gc,cpu         ] GC(231) User=0,00s Sys=0,00s Real=0,00s
[5,723s][info][gc,marking     ] GC(231) Concurrent Clear Claimed Marks
[5,723s][info][gc,marking     ] GC(231) Concurrent Clear Claimed Marks 0,033ms
[5,723s][info][gc,marking     ] GC(231) Concurrent Cleanup for Next Mark
[5,725s][info][gc,marking     ] GC(231) Concurrent Cleanup for Next Mark 1,749ms
[5,725s][info][gc             ] GC(231) Concurrent Mark Cycle 10,123ms
[5,726s][info][gc,start       ] GC(232) Pause Young (Prepare Mixed) (G1 Evacuation Pause)
[5,726s][info][gc,task        ] GC(232) Using 18 workers of 18 for evacuation
[5,736s][info][gc,phases      ] GC(232)   Pre Evacuate Collection Set: 0,2ms
[5,736s][info][gc,phases      ] GC(232)   Merge Heap Roots: 0,1ms
[5,736s][info][gc,phases      ] GC(232)   Evacuate Collection Set: 9,2ms
[5,736s][info][gc,phases      ] GC(232)   Post Evacuate Collection Set: 0,4ms
[5,736s][info][gc,phases      ] GC(232)   Other: 0,1ms
[5,736s][info][gc,heap        ] GC(232) Eden regions: 43->0(76)
[5,736s][info][gc,heap        ] GC(232) Survivor regions: 8->7(7)
[5,736s][info][gc,heap        ] GC(232) Old regions: 778->822
[5,736s][info][gc,heap        ] GC(232) Humongous regions: 0->0
[5,736s][info][gc,metaspace   ] GC(232) Metaspace: 80K(320K)->80K(320K) NonClass: 77K(192K)->77K(192K) Class: 3K(128K)->3K(128K)
[5,736s][info][gc             ] GC(232) Pause Young (Prepare Mixed) (G1 Evacuation Pause) 1656M->1656M(2048M) 10,143ms
[5,736s][info][gc,cpu         ] GC(232) User=0,16s Sys=0,00s Real=0,01s
[5,748s][info][gc,start       ] GC(233) Pause Young (Mixed) (G1 Evacuation Pause)
[5,748s][info][gc,task        ] GC(233) Using 18 workers of 18 for evacuation
[5,766s][info][gc,phases      ] GC(233)   Pre Evacuate Collection Set: 0,3ms
[5,766s][info][gc,phases      ] GC(233)   Merge Heap Roots: 0,1ms
[5,766s][info][gc,phases      ] GC(233)   Evacuate Collection Set: 17,0ms
[5,766s][info][gc,phases      ] GC(233)   Post Evacuate Collection Set: 0,4ms
[5,766s][info][gc,phases      ] GC(233)   Other: 0,1ms
[5,766s][info][gc,heap        ] GC(233) Eden regions: 76->0(78)
[5,766s][info][gc,heap        ] GC(233) Survivor regions: 7->11(11)
[5,766s][info][gc,heap        ] GC(233) Old regions: 822->806
[5,766s][info][gc,heap        ] GC(233) Humongous regions: 0->0
[5,766s][info][gc,metaspace   ] GC(233) Metaspace: 80K(320K)->80K(320K) NonClass: 77K(192K)->77K(192K) Class: 3K(128K)->3K(128K)
[5,766s][info][gc             ] GC(233) Pause Young (Mixed) (G1 Evacuation Pause) 1808M->1632M(2048M) 18,172ms
[5,766s][info][gc,cpu         ] GC(233) User=0,30s Sys=0,01s Real=0,02s
[5,778s][info][gc,start       ] GC(234) Pause Young (Mixed) (G1 Evacuation Pause)
[5,778s][info][gc,task        ] GC(234) Using 18 workers of 18 for evacuation
[5,798s][info][gc,phases      ] GC(234)   Pre Evacuate Collection Set: 0,3ms
[5,798s][info][gc,phases      ] GC(234)   Merge Heap Roots: 0,1ms
[5,798s][info][gc,phases      ] GC(234)   Evacuate Collection Set: 18,6ms
[5,798s][info][gc,phases      ] GC(234)   Post Evacuate Collection Set: 0,4ms
[5,798s][info][gc,phases      ] GC(234)   Other: 0,1ms
[5,798s][info][gc,heap        ] GC(234) Eden regions: 78->0(79)
[5,798s][info][gc,heap        ] GC(234) Survivor regions: 11->12(12)
[5,798s][info][gc,heap        ] GC(234) Old regions: 806->799
[5,798s][info][gc,heap        ] GC(234) Humongous regions: 0->0
[5,798s][info][gc,metaspace   ] GC(234) Metaspace: 80K(320K)->80K(320K) NonClass: 77K(192K)->77K(192K) Class: 3K(128K)->3K(128K)
[5,798s][info][gc             ] GC(234) Pause Young (Mixed) (G1 Evacuation Pause) 1788M->1620M(2048M) 19,772ms
[5,798s][info][gc,cpu         ] GC(234) User=0,33s Sys=0,00s Real=0,02s
[5,810s][info][gc,start       ] GC(235) Pause Young (Mixed) (G1 Evacuation Pause)
[5,810s][info][gc,task        ] GC(235) Using 18 workers of 18 for evacuation
[5,834s][info][gc,phases      ] GC(235)   Pre Evacuate Collection Set: 0,3ms
[5,834s][info][gc,phases      ] GC(235)   Merge Heap Roots: 0,1ms
[5,834s][info][gc,phases      ] GC(235)   Evacuate Collection Set: 23,1ms
[5,834s][info][gc,phases      ] GC(235)   Post Evacuate Collection Set: 0,4ms
[5,834s][info][gc,phases      ] GC(235)   Other: 0,1ms
[5,834s][info][gc,heap        ] GC(235) Eden regions: 79->0(66)
[5,834s][info][gc,heap        ] GC(235) Survivor regions: 12->12(12)
[5,834s][info][gc,heap        ] GC(235) Old regions: 799->831
[5,834s][info][gc,heap        ] GC(235) Humongous regions: 0->0
[5,834s][info][gc,metaspace   ] GC(235) Metaspace: 80K(320K)->80K(320K) NonClass: 77K(192K)->77K(192K) Class: 3K(128K)->3K(128K)
[5,834s][info][gc             ] GC(235) Pause Young (Mixed) (G1 Evacuation Pause) (Evacuation Failure) 1778M->1686M(2048M) 24,287ms
[5,834s][info][gc,cpu         ] GC(235) User=0,42s Sys=0,00s Real=0,02s
[5,844s][info][gc,start       ] GC(236) Pause Young (Mixed) (G1 Evacuation Pause)
[5,844s][info][gc,task        ] GC(236) Using 18 workers of 18 for evacuation
[5,865s][info][gc,phases      ] GC(236)   Pre Evacuate Collection Set: 0,2ms
[5,865s][info][gc,phases      ] GC(236)   Merge Heap Roots: 0,1ms
[5,865s][info][gc,phases      ] GC(236)   Evacuate Collection Set: 20,0ms
[5,865s][info][gc,phases      ] GC(236)   Post Evacuate Collection Set: 0,4ms
[5,865s][info][gc,phases      ] GC(236)   Other: 0,1ms
[5,865s][info][gc,heap        ] GC(236) Eden regions: 66->0(60)
[5,865s][info][gc,heap        ] GC(236) Survivor regions: 12->10(10)
[5,865s][info][gc,heap        ] GC(236) Old regions: 831->857
[5,865s][info][gc,heap        ] GC(236) Humongous regions: 0->0
[5,865s][info][gc,metaspace   ] GC(236) Metaspace: 80K(320K)->80K(320K) NonClass: 77K(192K)->77K(192K) Class: 3K(128K)->3K(128K)
[5,866s][info][gc             ] GC(236) Pause Young (Mixed) (G1 Evacuation Pause) (Evacuation Failure) 1817M->1734M(2048M) 21,119ms
[5,866s][info][gc,cpu         ] GC(236) User=0,36s Sys=0,00s Real=0,03s
[5,875s][info][gc,start       ] GC(237) Pause Young (Mixed) (G1 Evacuation Pause)
[5,875s][info][gc,task        ] GC(237) Using 18 workers of 18 for evacuation
[5,892s][info][gc,phases      ] GC(237)   Pre Evacuate Collection Set: 0,3ms
[5,893s][info][gc,phases      ] GC(237)   Merge Heap Roots: 0,1ms
[5,893s][info][gc,phases      ] GC(237)   Evacuate Collection Set: 16,8ms
[5,893s][info][gc,phases      ] GC(237)   Post Evacuate Collection Set: 0,3ms
[5,893s][info][gc,phases      ] GC(237)   Other: 0,1ms
[5,893s][info][gc,heap        ] GC(237) Eden regions: 60->0(64)
[5,893s][info][gc,heap        ] GC(237) Survivor regions: 10->9(9)
[5,893s][info][gc,heap        ] GC(237) Old regions: 857->843
[5,893s][info][gc,heap        ] GC(237) Humongous regions: 0->0
[5,893s][info][gc,metaspace   ] GC(237) Metaspace: 80K(320K)->80K(320K) NonClass: 77K(192K)->77K(192K) Class: 3K(128K)->3K(128K)
[5,893s][info][gc             ] GC(237) Pause Young (Mixed) (G1 Evacuation Pause) (Evacuation Failure) 1853M->1704M(2048M) 17,831ms
[5,893s][info][gc,cpu         ] GC(237) User=0,30s Sys=0,01s Real=0,02s
[5,902s][info][gc,start       ] GC(238) Pause Young (Mixed) (G1 Evacuation Pause)
[5,902s][info][gc,task        ] GC(238) Using 18 workers of 18 for evacuation
[5,916s][info][gc,phases      ] GC(238)   Pre Evacuate Collection Set: 0,3ms
[5,916s][info][gc,phases      ] GC(238)   Merge Heap Roots: 0,1ms
[5,916s][info][gc,phases      ] GC(238)   Evacuate Collection Set: 13,1ms
[5,916s][info][gc,phases      ] GC(238)   Post Evacuate Collection Set: 0,3ms
[5,916s][info][gc,phases      ] GC(238)   Other: 0,1ms
[5,916s][info][gc,heap        ] GC(238) Eden regions: 64->0(44)
[5,916s][info][gc,heap        ] GC(238) Survivor regions: 9->10(10)
[5,916s][info][gc,heap        ] GC(238) Old regions: 843->894
[5,916s][info][gc,heap        ] GC(238) Humongous regions: 0->0
[5,916s][info][gc,metaspace   ] GC(238) Metaspace: 80K(320K)->80K(320K) NonClass: 77K(192K)->77K(192K) Class: 3K(128K)->3K(128K)
[5,916s][info][gc             ] GC(238) Pause Young (Mixed) (G1 Evacuation Pause) 1831M->1807M(2048M) 14,052ms
[5,916s][info][gc,cpu         ] GC(238) User=0,23s Sys=0,00s Real=0,02s
[5,923s][info][gc,start       ] GC(239) Pause Young (Concurrent Start) (G1 Evacuation Pause)
[5,923s][info][gc,task        ] GC(239) Using 18 workers of 18 for evacuation
[5,933s][info][gc,phases      ] GC(239)   Pre Evacuate Collection Set: 0,3ms
[5,933s][info][gc,phases      ] GC(239)   Merge Heap Roots: 0,1ms
[5,933s][info][gc,phases      ] GC(239)   Evacuate Collection Set: 9,6ms
[5,933s][info][gc,phases      ] GC(239)   Post Evacuate Collection Set: 0,2ms
[5,933s][info][gc,phases      ] GC(239)   Other: 0,1ms
[5,934s][info][gc,heap        ] GC(239) Eden regions: 44->0(44)
[5,934s][info][gc,heap        ] GC(239) Survivor regions: 10->7(7)
[5,934s][info][gc,heap        ] GC(239) Old regions: 894->941
[5,934s][info][gc,heap        ] GC(239) Humongous regions: 0->0
[5,934s][info][gc,metaspace   ] GC(239) Metaspace: 80K(320K)->80K(320K) NonClass: 77K(192K)->77K(192K) Class: 3K(128K)->3K(128K)
[5,934s][info][gc             ] GC(239) Pause Young (Concurrent Start) (G1 Evacuation Pause) 1894M->1894M(2048M) 10,614ms
[5,934s][info][gc,cpu         ] GC(239) User=0,18s Sys=0,00s Real=0,01s
[5,934s][info][gc             ] GC(240) Concurrent Mark Cycle
[5,934s][info][gc,marking     ] GC(240) Concurrent Scan Root Regions
[5,934s][info][gc,marking     ] GC(240) Concurrent Scan Root Regions 0,072ms
[5,934s][info][gc,marking     ] GC(240) Concurrent Mark
[5,934s][info][gc,marking     ] GC(240) Concurrent Mark From Roots
[5,934s][info][gc,task        ] GC(240) Using 5 workers of 5 for marking
[5,937s][info][gc,marking     ] GC(240) Concurrent Mark From Roots 2,994ms
[5,937s][info][gc,marking     ] GC(240) Concurrent Preclean
[5,937s][info][gc,marking     ] GC(240) Concurrent Preclean 0,023ms
[5,937s][info][gc,start       ] GC(240) Pause Remark
[5,938s][info][gc             ] GC(240) Pause Remark 1918M->1566M(2048M) 0,730ms
[5,938s][info][gc,cpu         ] GC(240) User=0,01s Sys=0,01s Real=0,00s
[5,938s][info][gc,marking     ] GC(240) Concurrent Mark 4,043ms
[5,938s][info][gc,marking     ] GC(240) Concurrent Rebuild Remembered Sets and Scrub Regions
[5,940s][info][gc,marking     ] GC(240) Concurrent Rebuild Remembered Sets and Scrub Regions 2,303ms
[5,940s][info][gc,start       ] GC(240) Pause Cleanup
[5,941s][info][gc             ] GC(240) Pause Cleanup 1597M->1597M(2048M) 0,824ms
[5,941s][info][gc,cpu         ] GC(240) User=0,00s Sys=0,00s Real=0,00s
[5,941s][info][gc,marking     ] GC(240) Concurrent Clear Claimed Marks
[5,941s][info][gc,marking     ] GC(240) Concurrent Clear Claimed Marks 0,034ms
[5,941s][info][gc,marking     ] GC(240) Concurrent Cleanup for Next Mark
[5,943s][info][gc,marking     ] GC(240) Concurrent Cleanup for Next Mark 1,567ms
[5,943s][info][gc             ] GC(240) Concurrent Mark Cycle 9,269ms
[5,944s][info][gc,start       ] GC(241) Pause Young (Prepare Mixed) (G1 Evacuation Pause)
[5,944s][info][gc,task        ] GC(241) Using 18 workers of 18 for evacuation
[5,955s][info][gc,phases      ] GC(241)   Pre Evacuate Collection Set: 0,3ms
[5,955s][info][gc,phases      ] GC(241)   Merge Heap Roots: 0,1ms
[5,955s][info][gc,phases      ] GC(241)   Evacuate Collection Set: 9,3ms
[5,955s][info][gc,phases      ] GC(241)   Post Evacuate Collection Set: 0,4ms
[5,955s][info][gc,phases      ] GC(241)   Other: 0,1ms
[5,955s][info][gc,heap        ] GC(241) Eden regions: 44->0(80)
[5,955s][info][gc,heap        ] GC(241) Survivor regions: 7->7(7)
[5,955s][info][gc,heap        ] GC(241) Old regions: 765->808
[5,955s][info][gc,heap        ] GC(241) Humongous regions: 0->0
[5,955s][info][gc,metaspace   ] GC(241) Metaspace: 80K(320K)->80K(320K) NonClass: 77K(192K)->77K(192K) Class: 3K(128K)->3K(128K)
[5,955s][info][gc             ] GC(241) Pause Young (Prepare Mixed) (G1 Evacuation Pause) 1630M->1629M(2048M) 10,642ms
[5,955s][info][gc,cpu         ] GC(241) User=0,16s Sys=0,00s Real=0,02s
[5,967s][info][gc,start       ] GC(242) Pause Young (Mixed) (G1 Evacuation Pause)
[5,967s][info][gc,task        ] GC(242) Using 18 workers of 18 for evacuation
[5,985s][info][gc,phases      ] GC(242)   Pre Evacuate Collection Set: 0,3ms
[5,986s][info][gc,phases      ] GC(242)   Merge Heap Roots: 0,1ms
[5,986s][info][gc,phases      ] GC(242)   Evacuate Collection Set: 16,9ms
[5,986s][info][gc,phases      ] GC(242)   Post Evacuate Collection Set: 0,5ms
[5,986s][info][gc,phases      ] GC(242)   Other: 0,2ms
[5,986s][info][gc,heap        ] GC(242) Eden regions: 80->0(83)
[5,986s][info][gc,heap        ] GC(242) Survivor regions: 7->11(11)
[5,986s][info][gc,heap        ] GC(242) Old regions: 808->792
[5,986s][info][gc,heap        ] GC(242) Humongous regions: 0->0
[5,986s][info][gc,metaspace   ] GC(242) Metaspace: 80K(320K)->80K(320K) NonClass: 77K(192K)->77K(192K) Class: 3K(128K)->3K(128K)
[5,986s][info][gc             ] GC(242) Pause Young (Mixed) (G1 Evacuation Pause) 1789M->1604M(2048M) 18,409ms
[5,986s][info][gc,cpu         ] GC(242) User=0,30s Sys=0,01s Real=0,02s
[5,999s][info][gc,start       ] GC(243) Pause Young (Mixed) (G1 Evacuation Pause)
[5,999s][info][gc,task        ] GC(243) Using 18 workers of 18 for evacuation
[6,021s][info][gc,phases      ] GC(243)   Pre Evacuate Collection Set: 0,3ms
[6,021s][info][gc,phases      ] GC(243)   Merge Heap Roots: 0,1ms
[6,021s][info][gc,phases      ] GC(243)   Evacuate Collection Set: 21,0ms
[6,021s][info][gc,phases      ] GC(243)   Post Evacuate Collection Set: 0,4ms
[6,021s][info][gc,phases      ] GC(243)   Other: 0,1ms
[6,021s][info][gc,heap        ] GC(243) Eden regions: 83->0(80)
[6,021s][info][gc,heap        ] GC(243) Survivor regions: 11->12(12)
[6,021s][info][gc,heap        ] GC(243) Old regions: 792->797
[6,021s][info][gc,heap        ] GC(243) Humongous regions: 0->0
[6,021s][info][gc,metaspace   ] GC(243) Metaspace: 80K(320K)->80K(320K) NonClass: 77K(192K)->77K(192K) Class: 3K(128K)->3K(128K)
[6,021s][info][gc             ] GC(243) Pause Young (Mixed) (G1 Evacuation Pause) 1770M->1617M(2048M) 22,469ms
[6,021s][info][gc,cpu         ] GC(243) User=0,37s Sys=0,00s Real=0,02s
[6,033s][info][gc,start       ] GC(244) Pause Young (Mixed) (G1 Evacuation Pause)
[6,034s][info][gc,task        ] GC(244) Using 18 workers of 18 for evacuation
[6,058s][info][gc,phases      ] GC(244)   Pre Evacuate Collection Set: 0,3ms
[6,058s][info][gc,phases      ] GC(244)   Merge Heap Roots: 0,1ms
[6,058s][info][gc,phases      ] GC(244)   Evacuate Collection Set: 23,2ms
[6,058s][info][gc,phases      ] GC(244)   Post Evacuate Collection Set: 0,4ms
[6,058s][info][gc,phases      ] GC(244)   Other: 0,1ms
[6,058s][info][gc,heap        ] GC(244) Eden regions: 80->0(67)
[6,058s][info][gc,heap        ] GC(244) Survivor regions: 12->12(12)
[6,058s][info][gc,heap        ] GC(244) Old regions: 797->833
[6,058s][info][gc,heap        ] GC(244) Humongous regions: 0->0
[6,058s][info][gc,metaspace   ] GC(244) Metaspace: 80K(320K)->80K(320K) NonClass: 77K(192K)->77K(192K) Class: 3K(128K)->3K(128K)
[6,058s][info][gc             ] GC(244) Pause Young (Mixed) (G1 Evacuation Pause) (Evacuation Failure) 1777M->1690M(2048M) 24,671ms
[6,058s][info][gc,cpu         ] GC(244) User=0,42s Sys=0,01s Real=0,03s
[6,069s][info][gc,start       ] GC(245) Pause Young (Mixed) (G1 Evacuation Pause)
[6,069s][info][gc,task        ] GC(245) Using 18 workers of 18 for evacuation
[6,089s][info][gc,phases      ] GC(245)   Pre Evacuate Collection Set: 0,3ms
[6,089s][info][gc,phases      ] GC(245)   Merge Heap Roots: 0,1ms
[6,089s][info][gc,phases      ] GC(245)   Evacuate Collection Set: 19,3ms
[6,089s][info][gc,phases      ] GC(245)   Post Evacuate Collection Set: 0,5ms
[6,089s][info][gc,phases      ] GC(245)   Other: 0,1ms
[6,089s][info][gc,heap        ] GC(245) Eden regions: 67->0(59)
[6,089s][info][gc,heap        ] GC(245) Survivor regions: 12->10(10)
[6,089s][info][gc,heap        ] GC(245) Old regions: 833->865
[6,089s][info][gc,heap        ] GC(245) Humongous regions: 0->0
[6,089s][info][gc,metaspace   ] GC(245) Metaspace: 80K(320K)->80K(320K) NonClass: 77K(192K)->77K(192K) Class: 3K(128K)->3K(128K)
[6,089s][info][gc             ] GC(245) Pause Young (Mixed) (G1 Evacuation Pause) (Evacuation Failure) 1823M->1750M(2048M) 20,678ms
[6,089s][info][gc,cpu         ] GC(245) User=0,34s Sys=0,01s Real=0,02s
[6,098s][info][gc,start       ] GC(246) Pause Young (Mixed) (G1 Evacuation Pause)
[6,098s][info][gc,task        ] GC(246) Using 18 workers of 18 for evacuation
[6,115s][info][gc,phases      ] GC(246)   Pre Evacuate Collection Set: 0,3ms
[6,115s][info][gc,phases      ] GC(246)   Merge Heap Roots: 0,1ms
[6,115s][info][gc,phases      ] GC(246)   Evacuate Collection Set: 15,7ms
[6,115s][info][gc,phases      ] GC(246)   Post Evacuate Collection Set: 0,5ms
[6,115s][info][gc,phases      ] GC(246)   Other: 0,1ms
[6,115s][info][gc,heap        ] GC(246) Eden regions: 59->0(59)
[6,115s][info][gc,heap        ] GC(246) Survivor regions: 10->9(9)
[6,115s][info][gc,heap        ] GC(246) Old regions: 865->873
[6,115s][info][gc,heap        ] GC(246) Humongous regions: 0->0
[6,115s][info][gc,metaspace   ] GC(246) Metaspace: 80K(320K)->80K(320K) NonClass: 77K(192K)->77K(192K) Class: 3K(128K)->3K(128K)
[6,115s][info][gc             ] GC(246) Pause Young (Mixed) (G1 Evacuation Pause) (Evacuation Failure) 1867M->1764M(2048M) 17,052ms
[6,115s][info][gc,cpu         ] GC(246) User=0,29s Sys=0,00s Real=0,02s
[6,124s][info][gc,start       ] GC(247) Pause Young (Mixed) (G1 Evacuation Pause)
[6,124s][info][gc,task        ] GC(247) Using 18 workers of 18 for evacuation
[6,137s][info][gc,phases      ] GC(247)   Pre Evacuate Collection Set: 0,3ms
[6,137s][info][gc,phases      ] GC(247)   Merge Heap Roots: 0,1ms
[6,137s][info][gc,phases      ] GC(247)   Evacuate Collection Set: 11,9ms
[6,137s][info][gc,phases      ] GC(247)   Post Evacuate Collection Set: 0,3ms
[6,137s][info][gc,phases      ] GC(247)   Other: 0,1ms
[6,137s][info][gc,heap        ] GC(247) Eden regions: 59->0(42)
[6,137s][info][gc,heap        ] GC(247) Survivor regions: 9->9(9)
[6,137s][info][gc,heap        ] GC(247) Old regions: 873->927
[6,137s][info][gc,heap        ] GC(247) Humongous regions: 0->0
[6,137s][info][gc,metaspace   ] GC(247) Metaspace: 80K(320K)->80K(320K) NonClass: 77K(192K)->77K(192K) Class: 3K(128K)->3K(128K)
[6,137s][info][gc             ] GC(247) Pause Young (Mixed) (G1 Evacuation Pause) 1881M->1871M(2048M) 12,885ms
[6,137s][info][gc,cpu         ] GC(247) User=0,21s Sys=0,00s Real=0,02s
[6,144s][info][gc,start       ] GC(248) Pause Young (Concurrent Start) (G1 Evacuation Pause)
[6,144s][info][gc,task        ] GC(248) Using 18 workers of 18 for evacuation
[6,153s][info][gc,phases      ] GC(248)   Pre Evacuate Collection Set: 0,4ms
[6,153s][info][gc,phases      ] GC(248)   Merge Heap Roots: 0,1ms
[6,153s][info][gc,phases      ] GC(248)   Evacuate Collection Set: 8,4ms
[6,153s][info][gc,phases      ] GC(248)   Post Evacuate Collection Set: 0,3ms
[6,153s][info][gc,phases      ] GC(248)   Other: 0,1ms
[6,153s][info][gc,heap        ] GC(248) Eden regions: 42->0(39)
[6,153s][info][gc,heap        ] GC(248) Survivor regions: 9->7(7)
[6,153s][info][gc,heap        ] GC(248) Old regions: 927->971
[6,153s][info][gc,heap        ] GC(248) Humongous regions: 0->0
[6,153s][info][gc,metaspace   ] GC(248) Metaspace: 80K(320K)->80K(320K) NonClass: 77K(192K)->77K(192K) Class: 3K(128K)->3K(128K)
[6,153s][info][gc             ] GC(248) Pause Young (Concurrent Start) (G1 Evacuation Pause) (Evacuation Failure) 1954M->1956M(2048M) 9,540ms
[6,153s][info][gc             ] GC(249) Concurrent Mark Cycle
[6,153s][info][gc,marking     ] GC(249) Concurrent Scan Root Regions
[6,153s][info][gc,cpu         ] GC(248) User=0,16s Sys=0,00s Real=0,01s
[6,153s][info][gc,marking     ] GC(249) Concurrent Scan Root Regions 0,057ms
[6,153s][info][gc,marking     ] GC(249) Concurrent Mark
[6,153s][info][gc,marking     ] GC(249) Concurrent Mark From Roots
[6,153s][info][gc,task        ] GC(249) Using 5 workers of 5 for marking
[6,156s][info][gc,marking     ] GC(249) Concurrent Mark From Roots 3,183ms
[6,156s][info][gc,marking     ] GC(249) Concurrent Preclean
[6,156s][info][gc,marking     ] GC(249) Concurrent Preclean 0,016ms
[6,157s][info][gc,start       ] GC(249) Pause Remark
[6,158s][info][gc             ] GC(249) Pause Remark 1980M->1492M(2048M) 1,038ms
[6,158s][info][gc,cpu         ] GC(249) User=0,01s Sys=0,00s Real=0,00s
[6,158s][info][gc,marking     ] GC(249) Concurrent Mark 4,526ms
[6,158s][info][gc,marking     ] GC(249) Concurrent Rebuild Remembered Sets and Scrub Regions
[6,160s][info][gc,marking     ] GC(249) Concurrent Rebuild Remembered Sets and Scrub Regions 2,226ms
[6,160s][info][gc,start       ] GC(249) Pause Cleanup
[6,161s][info][gc             ] GC(249) Pause Cleanup 1522M->1522M(2048M) 0,761ms
[6,161s][info][gc,cpu         ] GC(249) User=0,00s Sys=0,00s Real=0,00s
[6,161s][info][gc,marking     ] GC(249) Concurrent Clear Claimed Marks
[6,161s][info][gc,marking     ] GC(249) Concurrent Clear Claimed Marks 0,034ms
[6,161s][info][gc,marking     ] GC(249) Concurrent Cleanup for Next Mark
[6,163s][info][gc,marking     ] GC(249) Concurrent Cleanup for Next Mark 1,565ms
[6,163s][info][gc             ] GC(249) Concurrent Mark Cycle 9,566ms
[6,163s][info][gc,start       ] GC(250) Pause Young (Prepare Mixed) (G1 Evacuation Pause)
[6,164s][info][gc,task        ] GC(250) Using 18 workers of 18 for evacuation
[6,173s][info][gc,phases      ] GC(250)   Pre Evacuate Collection Set: 0,2ms
[6,173s][info][gc,phases      ] GC(250)   Merge Heap Roots: 0,1ms
[6,173s][info][gc,phases      ] GC(250)   Evacuate Collection Set: 8,5ms
[6,173s][info][gc,phases      ] GC(250)   Post Evacuate Collection Set: 0,4ms
[6,173s][info][gc,phases      ] GC(250)   Other: 0,1ms
[6,173s][info][gc,heap        ] GC(250) Eden regions: 39->0(101)
[6,173s][info][gc,heap        ] GC(250) Survivor regions: 7->6(6)
[6,173s][info][gc,heap        ] GC(250) Old regions: 727->767
[6,173s][info][gc,heap        ] GC(250) Humongous regions: 0->0
[6,173s][info][gc,metaspace   ] GC(250) Metaspace: 80K(320K)->80K(320K) NonClass: 77K(192K)->77K(192K) Class: 3K(128K)->3K(128K)
[6,173s][info][gc             ] GC(250) Pause Young (Prepare Mixed) (G1 Evacuation Pause) 1545M->1545M(2048M) 9,621ms
[6,173s][info][gc,cpu         ] GC(250) User=0,14s Sys=0,01s Real=0,01s
[6,189s][info][gc,start       ] GC(251) Pause Young (Mixed) (G1 Evacuation Pause)
[6,189s][info][gc,task        ] GC(251) Using 18 workers of 18 for evacuation
[6,212s][info][gc,phases      ] GC(251)   Pre Evacuate Collection Set: 0,3ms
[6,213s][info][gc,phases      ] GC(251)   Merge Heap Roots: 0,1ms
[6,213s][info][gc,phases      ] GC(251)   Evacuate Collection Set: 22,7ms
[6,213s][info][gc,phases      ] GC(251)   Post Evacuate Collection Set: 0,5ms
[6,213s][info][gc,phases      ] GC(251)   Other: 0,1ms
[6,213s][info][gc,heap        ] GC(251) Eden regions: 101->0(86)
[6,213s][info][gc,heap        ] GC(251) Survivor regions: 6->14(14)
[6,213s][info][gc,heap        ] GC(251) Old regions: 767->782
[6,213s][info][gc,heap        ] GC(251) Humongous regions: 0->0
[6,213s][info][gc,metaspace   ] GC(251) Metaspace: 80K(320K)->80K(320K) NonClass: 77K(192K)->77K(192K) Class: 3K(128K)->3K(128K)
[6,213s][info][gc             ] GC(251) Pause Young (Mixed) (G1 Evacuation Pause) 1746M->1590M(2048M) 24,065ms
[6,213s][info][gc,cpu         ] GC(251) User=0,41s Sys=0,00s Real=0,02s
[6,226s][info][gc,start       ] GC(252) Pause Young (Mixed) (G1 Evacuation Pause)
[6,226s][info][gc,task        ] GC(252) Using 18 workers of 18 for evacuation
[6,251s][info][gc,phases      ] GC(252)   Pre Evacuate Collection Set: 0,3ms
[6,251s][info][gc,phases      ] GC(252)   Merge Heap Roots: 0,1ms
[6,251s][info][gc,phases      ] GC(252)   Evacuate Collection Set: 24,2ms
[6,251s][info][gc,phases      ] GC(252)   Post Evacuate Collection Set: 0,4ms
[6,251s][info][gc,phases      ] GC(252)   Other: 0,1ms
[6,251s][info][gc,heap        ] GC(252) Eden regions: 86->0(76)
[6,251s][info][gc,heap        ] GC(252) Survivor regions: 14->13(13)
[6,251s][info][gc,heap        ] GC(252) Old regions: 782->806
[6,251s][info][gc,heap        ] GC(252) Humongous regions: 0->0
[6,251s][info][gc,metaspace   ] GC(252) Metaspace: 80K(320K)->80K(320K) NonClass: 77K(192K)->77K(192K) Class: 3K(128K)->3K(128K)
[6,251s][info][gc             ] GC(252) Pause Young (Mixed) (G1 Evacuation Pause) 1762M->1637M(2048M) 25,458ms
[6,252s][info][gc,cpu         ] GC(252) User=0,43s Sys=0,00s Real=0,02s
[6,263s][info][gc,start       ] GC(253) Pause Young (Mixed) (G1 Evacuation Pause)
[6,263s][info][gc,task        ] GC(253) Using 18 workers of 18 for evacuation
[6,287s][info][gc,phases      ] GC(253)   Pre Evacuate Collection Set: 0,3ms
[6,287s][info][gc,phases      ] GC(253)   Merge Heap Roots: 0,1ms
[6,287s][info][gc,phases      ] GC(253)   Evacuate Collection Set: 22,3ms
[6,287s][info][gc,phases      ] GC(253)   Post Evacuate Collection Set: 0,5ms
[6,287s][info][gc,phases      ] GC(253)   Other: 0,1ms
[6,287s][info][gc,heap        ] GC(253) Eden regions: 76->0(67)
[6,287s][info][gc,heap        ] GC(253) Survivor regions: 13->12(12)
[6,287s][info][gc,heap        ] GC(253) Old regions: 806->831
[6,287s][info][gc,heap        ] GC(253) Humongous regions: 0->0
[6,287s][info][gc,metaspace   ] GC(253) Metaspace: 80K(320K)->80K(320K) NonClass: 77K(192K)->77K(192K) Class: 3K(128K)->3K(128K)
[6,287s][info][gc             ] GC(253) Pause Young (Mixed) (G1 Evacuation Pause) (Evacuation Failure) 1789M->1686M(2048M) 23,621ms
[6,287s][info][gc,cpu         ] GC(253) User=0,39s Sys=0,01s Real=0,03s
[6,297s][info][gc,start       ] GC(254) Pause Young (Mixed) (G1 Evacuation Pause)
[6,297s][info][gc,task        ] GC(254) Using 18 workers of 18 for evacuation
[6,318s][info][gc,phases      ] GC(254)   Pre Evacuate Collection Set: 0,3ms
[6,318s][info][gc,phases      ] GC(254)   Merge Heap Roots: 0,1ms
[6,318s][info][gc,phases      ] GC(254)   Evacuate Collection Set: 19,8ms
[6,318s][info][gc,phases      ] GC(254)   Post Evacuate Collection Set: 0,4ms
[6,318s][info][gc,phases      ] GC(254)   Other: 0,1ms
[6,318s][info][gc,heap        ] GC(254) Eden regions: 67->0(63)
[6,318s][info][gc,heap        ] GC(254) Survivor regions: 12->10(10)
[6,318s][info][gc,heap        ] GC(254) Old regions: 831->850
[6,318s][info][gc,heap        ] GC(254) Humongous regions: 0->0
[6,318s][info][gc,metaspace   ] GC(254) Metaspace: 80K(320K)->80K(320K) NonClass: 77K(192K)->77K(192K) Class: 3K(128K)->3K(128K)
[6,318s][info][gc             ] GC(254) Pause Young (Mixed) (G1 Evacuation Pause) (Evacuation Failure) 1819M->1720M(2048M) 20,882ms
[6,318s][info][gc,cpu         ] GC(254) User=0,36s Sys=0,00s Real=0,02s
[6,327s][info][gc,start       ] GC(255) Pause Young (Mixed) (G1 Evacuation Pause)
[6,327s][info][gc,task        ] GC(255) Using 18 workers of 18 for evacuation
[6,345s][info][gc,phases      ] GC(255)   Pre Evacuate Collection Set: 0,3ms
[6,346s][info][gc,phases      ] GC(255)   Merge Heap Roots: 0,1ms
[6,346s][info][gc,phases      ] GC(255)   Evacuate Collection Set: 17,2ms
[6,346s][info][gc,phases      ] GC(255)   Post Evacuate Collection Set: 0,3ms
[6,346s][info][gc,phases      ] GC(255)   Other: 0,1ms
[6,346s][info][gc,heap        ] GC(255) Eden regions: 63->0(53)
[6,346s][info][gc,heap        ] GC(255) Survivor regions: 10->10(10)
[6,346s][info][gc,heap        ] GC(255) Old regions: 850->873
[6,346s][info][gc,heap        ] GC(255) Humongous regions: 0->0
[6,346s][info][gc,metaspace   ] GC(255) Metaspace: 80K(320K)->80K(320K) NonClass: 77K(192K)->77K(192K) Class: 3K(128K)->3K(128K)
[6,346s][info][gc             ] GC(255) Pause Young (Mixed) (G1 Evacuation Pause) (Evacuation Failure) 1845M->1766M(2048M) 18,261ms
[6,346s][info][gc,cpu         ] GC(255) User=0,30s Sys=0,00s Real=0,02s
[6,353s][info][gc,start       ] GC(256) Pause Young (Concurrent Start) (G1 Evacuation Pause)
[6,353s][info][gc,task        ] GC(256) Using 18 workers of 18 for evacuation
[6,365s][info][gc,phases      ] GC(256)   Pre Evacuate Collection Set: 0,3ms
[6,365s][info][gc,phases      ] GC(256)   Merge Heap Roots: 0,1ms
[6,365s][info][gc,phases      ] GC(256)   Evacuate Collection Set: 11,1ms
[6,365s][info][gc,phases      ] GC(256)   Post Evacuate Collection Set: 0,2ms
[6,365s][info][gc,phases      ] GC(256)   Other: 0,1ms
[6,365s][info][gc,heap        ] GC(256) Eden regions: 53->0(43)
[6,365s][info][gc,heap        ] GC(256) Survivor regions: 10->8(8)
[6,365s][info][gc,heap        ] GC(256) Old regions: 873->928
[6,365s][info][gc,heap        ] GC(256) Humongous regions: 0->0
[6,365s][info][gc,metaspace   ] GC(256) Metaspace: 80K(320K)->80K(320K) NonClass: 77K(192K)->77K(192K) Class: 3K(128K)->3K(128K)
[6,365s][info][gc             ] GC(256) Pause Young (Concurrent Start) (G1 Evacuation Pause) 1871M->1871M(2048M) 12,021ms
[6,365s][info][gc,cpu         ] GC(256) User=0,20s Sys=0,01s Real=0,02s
[6,365s][info][gc             ] GC(257) Concurrent Mark Cycle
[6,365s][info][gc,marking     ] GC(257) Concurrent Scan Root Regions
[6,365s][info][gc,marking     ] GC(257) Concurrent Scan Root Regions 0,064ms
[6,365s][info][gc,marking     ] GC(257) Concurrent Mark
[6,365s][info][gc,marking     ] GC(257) Concurrent Mark From Roots
[6,365s][info][gc,task        ] GC(257) Using 5 workers of 5 for marking
[6,368s][info][gc,marking     ] GC(257) Concurrent Mark From Roots 3,138ms
[6,368s][info][gc,marking     ] GC(257) Concurrent Preclean
[6,368s][info][gc,marking     ] GC(257) Concurrent Preclean 0,014ms
[6,368s][info][gc,start       ] GC(257) Pause Remark
[6,369s][info][gc             ] GC(257) Pause Remark 1899M->1511M(2048M) 0,789ms
[6,369s][info][gc,cpu         ] GC(257) User=0,01s Sys=0,00s Real=0,00s
[6,369s][info][gc,marking     ] GC(257) Concurrent Mark 4,172ms
[6,369s][info][gc,marking     ] GC(257) Concurrent Rebuild Remembered Sets and Scrub Regions
[6,372s][info][gc,marking     ] GC(257) Concurrent Rebuild Remembered Sets and Scrub Regions 2,379ms
[6,372s][info][gc,start       ] GC(257) Pause Cleanup
[6,373s][info][gc             ] GC(257) Pause Cleanup 1550M->1550M(2048M) 0,803ms
[6,373s][info][gc,cpu         ] GC(257) User=0,01s Sys=0,00s Real=0,00s
[6,373s][info][gc,marking     ] GC(257) Concurrent Clear Claimed Marks
[6,373s][info][gc,marking     ] GC(257) Concurrent Clear Claimed Marks 0,030ms
[6,373s][info][gc,marking     ] GC(257) Concurrent Cleanup for Next Mark
[6,374s][info][gc,marking     ] GC(257) Concurrent Cleanup for Next Mark 1,595ms
[6,374s][info][gc             ] GC(257) Concurrent Mark Cycle 9,431ms
[6,375s][info][gc,start       ] GC(258) Pause Young (Prepare Mixed) (G1 Evacuation Pause)
[6,375s][info][gc,task        ] GC(258) Using 18 workers of 18 for evacuation
[6,385s][info][gc,phases      ] GC(258)   Pre Evacuate Collection Set: 0,2ms
[6,385s][info][gc,phases      ] GC(258)   Merge Heap Roots: 0,1ms
[6,385s][info][gc,phases      ] GC(258)   Evacuate Collection Set: 9,2ms
[6,385s][info][gc,phases      ] GC(258)   Post Evacuate Collection Set: 0,3ms
[6,385s][info][gc,phases      ] GC(258)   Other: 0,1ms
[6,385s][info][gc,heap        ] GC(258) Eden regions: 43->0(93)
[6,385s][info][gc,heap        ] GC(258) Survivor regions: 8->7(7)
[6,385s][info][gc,heap        ] GC(258) Old regions: 734->778
[6,385s][info][gc,heap        ] GC(258) Humongous regions: 0->0
[6,385s][info][gc,metaspace   ] GC(258) Metaspace: 80K(320K)->80K(320K) NonClass: 77K(192K)->77K(192K) Class: 3K(128K)->3K(128K)
[6,385s][info][gc             ] GC(258) Pause Young (Prepare Mixed) (G1 Evacuation Pause) 1568M->1568M(2048M) 10,152ms
[6,385s][info][gc,cpu         ] GC(258) User=0,16s Sys=0,00s Real=0,01s
[6,397s][info][gc,start       ] GC(259) Pause Young (Mixed) (G1 Evacuation Pause)
[6,397s][info][gc,task        ] GC(259) Using 18 workers of 18 for evacuation
[6,420s][info][gc,phases      ] GC(259)   Pre Evacuate Collection Set: 0,3ms
[6,420s][info][gc,phases      ] GC(259)   Merge Heap Roots: 0,1ms
[6,420s][info][gc,phases      ] GC(259)   Evacuate Collection Set: 22,1ms
[6,420s][info][gc,phases      ] GC(259)   Post Evacuate Collection Set: 0,3ms
[6,420s][info][gc,phases      ] GC(259)   Other: 0,1ms
[6,420s][info][gc,heap        ] GC(259) Eden regions: 93->0(83)
[6,420s][info][gc,heap        ] GC(259) Survivor regions: 7->13(13)
[6,420s][info][gc,heap        ] GC(259) Old regions: 778->789
[6,420s][info][gc,heap        ] GC(259) Humongous regions: 0->0
[6,420s][info][gc,metaspace   ] GC(259) Metaspace: 80K(320K)->80K(320K) NonClass: 77K(192K)->77K(192K) Class: 3K(128K)->3K(128K)
[6,420s][info][gc             ] GC(259) Pause Young (Mixed) (G1 Evacuation Pause) 1754M->1603M(2048M) 23,156ms
[6,420s][info][gc,cpu         ] GC(259) User=0,38s Sys=0,01s Real=0,02s
[6,430s][info][gc,start       ] GC(260) Pause Young (Mixed) (G1 Evacuation Pause)
[6,430s][info][gc,task        ] GC(260) Using 18 workers of 18 for evacuation
[6,455s][info][gc,phases      ] GC(260)   Pre Evacuate Collection Set: 0,3ms
[6,455s][info][gc,phases      ] GC(260)   Merge Heap Roots: 0,1ms
[6,455s][info][gc,phases      ] GC(260)   Evacuate Collection Set: 23,9ms
[6,455s][info][gc,phases      ] GC(260)   Post Evacuate Collection Set: 0,3ms
[6,455s][info][gc,phases      ] GC(260)   Other: 0,1ms
[6,455s][info][gc,heap        ] GC(260) Eden regions: 83->0(72)
[6,455s][info][gc,heap        ] GC(260) Survivor regions: 13->12(12)
[6,455s][info][gc,heap        ] GC(260) Old regions: 789->816
[6,455s][info][gc,heap        ] GC(260) Humongous regions: 0->0
[6,455s][info][gc,metaspace   ] GC(260) Metaspace: 80K(320K)->80K(320K) NonClass: 77K(192K)->77K(192K) Class: 3K(128K)->3K(128K)
[6,455s][info][gc             ] GC(260) Pause Young (Mixed) (G1 Evacuation Pause) (Evacuation Failure) 1768M->1656M(2048M) 24,921ms
[6,455s][info][gc,cpu         ] GC(260) User=0,42s Sys=0,01s Real=0,03s
[6,464s][info][gc,start       ] GC(261) Pause Young (Mixed) (G1 Evacuation Pause)
[6,464s][info][gc,task        ] GC(261) Using 18 workers of 18 for evacuation
[6,486s][info][gc,phases      ] GC(261)   Pre Evacuate Collection Set: 0,3ms
[6,486s][info][gc,phases      ] GC(261)   Merge Heap Roots: 0,1ms
[6,486s][info][gc,phases      ] GC(261)   Evacuate Collection Set: 21,3ms
[6,486s][info][gc,phases      ] GC(261)   Post Evacuate Collection Set: 0,3ms
[6,486s][info][gc,phases      ] GC(261)   Other: 0,1ms
[6,486s][info][gc,heap        ] GC(261) Eden regions: 72->0(67)
[6,486s][info][gc,heap        ] GC(261) Survivor regions: 12->11(11)
[6,486s][info][gc,heap        ] GC(261) Old regions: 816->833
[6,486s][info][gc,heap        ] GC(261) Humongous regions: 0->0
[6,486s][info][gc,metaspace   ] GC(261) Metaspace: 80K(320K)->80K(320K) NonClass: 77K(192K)->77K(192K) Class: 3K(128K)->3K(128K)
[6,486s][info][gc             ] GC(261) Pause Young (Mixed) (G1 Evacuation Pause) (Evacuation Failure) 1799M->1688M(2048M) 22,484ms
[6,486s][info][gc,cpu         ] GC(261) User=0,38s Sys=0,00s Real=0,03s
[6,495s][info][gc,start       ] GC(262) Pause Young (Mixed) (G1 Evacuation Pause)
[6,495s][info][gc,task        ] GC(262) Using 18 workers of 18 for evacuation
[6,515s][info][gc,phases      ] GC(262)   Pre Evacuate Collection Set: 0,3ms
[6,515s][info][gc,phases      ] GC(262)   Merge Heap Roots: 0,1ms
[6,515s][info][gc,phases      ] GC(262)   Evacuate Collection Set: 19,4ms
[6,515s][info][gc,phases      ] GC(262)   Post Evacuate Collection Set: 0,5ms
[6,515s][info][gc,phases      ] GC(262)   Other: 0,1ms
[6,515s][info][gc,heap        ] GC(262) Eden regions: 67->0(58)
[6,515s][info][gc,heap        ] GC(262) Survivor regions: 11->10(10)
[6,515s][info][gc,heap        ] GC(262) Old regions: 833->863
[6,515s][info][gc,heap        ] GC(262) Humongous regions: 0->0
[6,515s][info][gc,metaspace   ] GC(262) Metaspace: 80K(320K)->80K(320K) NonClass: 77K(192K)->77K(192K) Class: 3K(128K)->3K(128K)
[6,515s][info][gc             ] GC(262) Pause Young (Mixed) (G1 Evacuation Pause) (Evacuation Failure) 1821M->1746M(2048M) 20,733ms
[6,515s][info][gc,cpu         ] GC(262) User=0,34s Sys=0,00s Real=0,03s
[6,523s][info][gc,start       ] GC(263) Pause Young (Mixed) (G1 Evacuation Pause)
[6,523s][info][gc,task        ] GC(263) Using 18 workers of 18 for evacuation
[6,538s][info][gc,phases      ] GC(263)   Pre Evacuate Collection Set: 0,3ms
[6,538s][info][gc,phases      ] GC(263)   Merge Heap Roots: 0,1ms
[6,538s][info][gc,phases      ] GC(263)   Evacuate Collection Set: 14,3ms
[6,538s][info][gc,phases      ] GC(263)   Post Evacuate Collection Set: 0,3ms
[6,538s][info][gc,phases      ] GC(263)   Other: 0,1ms
[6,538s][info][gc,heap        ] GC(263) Eden regions: 58->0(54)
[6,538s][info][gc,heap        ] GC(263) Survivor regions: 10->9(9)
[6,538s][info][gc,heap        ] GC(263) Old regions: 863->871
[6,538s][info][gc,heap        ] GC(263) Humongous regions: 0->0
[6,538s][info][gc,metaspace   ] GC(263) Metaspace: 80K(320K)->80K(320K) NonClass: 77K(192K)->77K(192K) Class: 3K(128K)->3K(128K)
[6,538s][info][gc             ] GC(263) Pause Young (Mixed) (G1 Evacuation Pause) 1861M->1758M(2048M) 15,332ms
[6,538s][info][gc,cpu         ] GC(263) User=0,25s Sys=0,01s Real=0,02s
[6,545s][info][gc,start       ] GC(264) Pause Young (Concurrent Start) (G1 Evacuation Pause)
[6,545s][info][gc,task        ] GC(264) Using 18 workers of 18 for evacuation
[6,557s][info][gc,phases      ] GC(264)   Pre Evacuate Collection Set: 0,3ms
[6,557s][info][gc,phases      ] GC(264)   Merge Heap Roots: 0,1ms
[6,557s][info][gc,phases      ] GC(264)   Evacuate Collection Set: 11,3ms
[6,557s][info][gc,phases      ] GC(264)   Post Evacuate Collection Set: 0,2ms
[6,557s][info][gc,phases      ] GC(264)   Other: 0,1ms
[6,557s][info][gc,heap        ] GC(264) Eden regions: 54->0(43)
[6,557s][info][gc,heap        ] GC(264) Survivor regions: 9->8(8)
[6,557s][info][gc,heap        ] GC(264) Old regions: 871->925
[6,557s][info][gc,heap        ] GC(264) Humongous regions: 0->0
[6,557s][info][gc,metaspace   ] GC(264) Metaspace: 80K(320K)->80K(320K) NonClass: 77K(192K)->77K(192K) Class: 3K(128K)->3K(128K)
[6,557s][info][gc             ] GC(264) Pause Young (Concurrent Start) (G1 Evacuation Pause) 1866M->1865M(2048M) 12,167ms
[6,557s][info][gc,cpu         ] GC(264) User=0,19s Sys=0,00s Real=0,02s
[6,557s][info][gc             ] GC(265) Concurrent Mark Cycle
[6,557s][info][gc,marking     ] GC(265) Concurrent Scan Root Regions
[6,557s][info][gc,marking     ] GC(265) Concurrent Scan Root Regions 0,057ms
[6,557s][info][gc,marking     ] GC(265) Concurrent Mark
[6,557s][info][gc,marking     ] GC(265) Concurrent Mark From Roots
[6,557s][info][gc,task        ] GC(265) Using 5 workers of 5 for marking
[6,559s][info][gc,marking     ] GC(265) Concurrent Mark From Roots 2,120ms
[6,559s][info][gc,marking     ] GC(265) Concurrent Preclean
[6,559s][info][gc,marking     ] GC(265) Concurrent Preclean 0,011ms
[6,559s][info][gc,start       ] GC(265) Pause Remark
[6,560s][info][gc             ] GC(265) Pause Remark 1886M->1496M(2048M) 0,608ms
[6,560s][info][gc,cpu         ] GC(265) User=0,00s Sys=0,00s Real=0,00s
[6,560s][info][gc,marking     ] GC(265) Concurrent Mark 2,943ms
[6,560s][info][gc,marking     ] GC(265) Concurrent Rebuild Remembered Sets and Scrub Regions
[6,562s][info][gc,marking     ] GC(265) Concurrent Rebuild Remembered Sets and Scrub Regions 1,801ms
[6,562s][info][gc,start       ] GC(265) Pause Cleanup
[6,562s][info][gc             ] GC(265) Pause Cleanup 1526M->1526M(2048M) 0,597ms
[6,562s][info][gc,cpu         ] GC(265) User=0,00s Sys=0,00s Real=0,00s
[6,562s][info][gc,marking     ] GC(265) Concurrent Clear Claimed Marks
[6,562s][info][gc,marking     ] GC(265) Concurrent Clear Claimed Marks 0,017ms
[6,562s][info][gc,marking     ] GC(265) Concurrent Cleanup for Next Mark
[6,564s][info][gc,marking     ] GC(265) Concurrent Cleanup for Next Mark 1,565ms
[6,564s][info][gc             ] GC(265) Concurrent Mark Cycle 7,269ms
[6,565s][info][gc,start       ] GC(266) Pause Young (Prepare Mixed) (G1 Evacuation Pause)
[6,565s][info][gc,task        ] GC(266) Using 18 workers of 18 for evacuation
[6,575s][info][gc,phases      ] GC(266)   Pre Evacuate Collection Set: 0,2ms
[6,575s][info][gc,phases      ] GC(266)   Merge Heap Roots: 0,1ms
[6,575s][info][gc,phases      ] GC(266)   Evacuate Collection Set: 9,2ms
[6,575s][info][gc,phases      ] GC(266)   Post Evacuate Collection Set: 0,3ms
[6,575s][info][gc,phases      ] GC(266)   Other: 0,1ms
[6,575s][info][gc,heap        ] GC(266) Eden regions: 43->0(94)
[6,575s][info][gc,heap        ] GC(266) Survivor regions: 8->7(7)
[6,575s][info][gc,heap        ] GC(266) Old regions: 730->774
[6,575s][info][gc,heap        ] GC(266) Humongous regions: 0->0
[6,575s][info][gc,metaspace   ] GC(266) Metaspace: 80K(320K)->80K(320K) NonClass: 77K(192K)->77K(192K) Class: 3K(128K)->3K(128K)
[6,575s][info][gc             ] GC(266) Pause Young (Prepare Mixed) (G1 Evacuation Pause) 1561M->1561M(2048M) 10,083ms
[6,575s][info][gc,cpu         ] GC(266) User=0,16s Sys=0,00s Real=0,01s
[6,587s][info][gc,start       ] GC(267) Pause Young (Mixed) (G1 Evacuation Pause)
[6,587s][info][gc,task        ] GC(267) Using 18 workers of 18 for evacuation
[6,610s][info][gc,phases      ] GC(267)   Pre Evacuate Collection Set: 0,2ms
[6,610s][info][gc,phases      ] GC(267)   Merge Heap Roots: 0,1ms
[6,610s][info][gc,phases      ] GC(267)   Evacuate Collection Set: 21,8ms
[6,610s][info][gc,phases      ] GC(267)   Post Evacuate Collection Set: 0,4ms
[6,610s][info][gc,phases      ] GC(267)   Other: 0,1ms
[6,610s][info][gc,heap        ] GC(267) Eden regions: 94->0(85)
[6,610s][info][gc,heap        ] GC(267) Survivor regions: 7->13(13)
[6,610s][info][gc,heap        ] GC(267) Old regions: 774->785
[6,610s][info][gc,heap        ] GC(267) Humongous regions: 0->0
[6,610s][info][gc,metaspace   ] GC(267) Metaspace: 80K(320K)->80K(320K) NonClass: 77K(192K)->77K(192K) Class: 3K(128K)->3K(128K)
[6,610s][info][gc             ] GC(267) Pause Young (Mixed) (G1 Evacuation Pause) 1748M->1595M(2048M) 22,793ms
[6,610s][info][gc,cpu         ] GC(267) User=0,38s Sys=0,01s Real=0,02s
[6,621s][info][gc,start       ] GC(268) Pause Young (Mixed) (G1 Evacuation Pause)
[6,621s][info][gc,task        ] GC(268) Using 18 workers of 18 for evacuation
[6,646s][info][gc,phases      ] GC(268)   Pre Evacuate Collection Set: 0,3ms
[6,646s][info][gc,phases      ] GC(268)   Merge Heap Roots: 0,1ms
[6,646s][info][gc,phases      ] GC(268)   Evacuate Collection Set: 24,0ms
[6,646s][info][gc,phases      ] GC(268)   Post Evacuate Collection Set: 0,3ms
[6,646s][info][gc,phases      ] GC(268)   Other: 0,1ms
[6,646s][info][gc,heap        ] GC(268) Eden regions: 85->0(69)
[6,646s][info][gc,heap        ] GC(268) Survivor regions: 13->13(13)
[6,646s][info][gc,heap        ] GC(268) Old regions: 785->823
[6,646s][info][gc,heap        ] GC(268) Humongous regions: 0->0
[6,646s][info][gc,metaspace   ] GC(268) Metaspace: 80K(320K)->80K(320K) NonClass: 77K(192K)->77K(192K) Class: 3K(128K)->3K(128K)
[6,646s][info][gc             ] GC(268) Pause Young (Mixed) (G1 Evacuation Pause) (Evacuation Failure) 1765M->1672M(2048M) 25,107ms
[6,646s][info][gc,cpu         ] GC(268) User=0,42s Sys=0,01s Real=0,03s
[6,654s][info][gc,start       ] GC(269) Pause Young (Mixed) (G1 Evacuation Pause)
[6,654s][info][gc,task        ] GC(269) Using 18 workers of 18 for evacuation
[6,676s][info][gc,phases      ] GC(269)   Pre Evacuate Collection Set: 0,3ms
[6,676s][info][gc,phases      ] GC(269)   Merge Heap Roots: 0,1ms
[6,676s][info][gc,phases      ] GC(269)   Evacuate Collection Set: 20,5ms
[6,676s][info][gc,phases      ] GC(269)   Post Evacuate Collection Set: 0,4ms
[6,676s][info][gc,phases      ] GC(269)   Other: 0,1ms
[6,676s][info][gc,heap        ] GC(269) Eden regions: 69->0(60)
[6,676s][info][gc,heap        ] GC(269) Survivor regions: 13->11(11)
[6,676s][info][gc,heap        ] GC(269) Old regions: 823->854
[6,676s][info][gc,heap        ] GC(269) Humongous regions: 0->0
[6,676s][info][gc,metaspace   ] GC(269) Metaspace: 80K(320K)->80K(320K) NonClass: 77K(192K)->77K(192K) Class: 3K(128K)->3K(128K)
[6,676s][info][gc             ] GC(269) Pause Young (Mixed) (G1 Evacuation Pause) (Evacuation Failure) 1809M->1730M(2048M) 21,649ms
[6,676s][info][gc,cpu         ] GC(269) User=0,36s Sys=0,01s Real=0,03s
[6,683s][info][gc,start       ] GC(270) Pause Young (Mixed) (G1 Evacuation Pause)
[6,683s][info][gc,task        ] GC(270) Using 18 workers of 18 for evacuation
[6,701s][info][gc,phases      ] GC(270)   Pre Evacuate Collection Set: 0,3ms
[6,701s][info][gc,phases      ] GC(270)   Merge Heap Roots: 0,1ms
[6,701s][info][gc,phases      ] GC(270)   Evacuate Collection Set: 17,2ms
[6,701s][info][gc,phases      ] GC(270)   Post Evacuate Collection Set: 0,4ms
[6,701s][info][gc,phases      ] GC(270)   Other: 0,1ms
[6,701s][info][gc,heap        ] GC(270) Eden regions: 60->0(59)
[6,701s][info][gc,heap        ] GC(270) Survivor regions: 11->9(9)
[6,702s][info][gc,heap        ] GC(270) Old regions: 854->866
[6,702s][info][gc,heap        ] GC(270) Humongous regions: 0->0
[6,702s][info][gc,metaspace   ] GC(270) Metaspace: 80K(320K)->80K(320K) NonClass: 77K(192K)->77K(192K) Class: 3K(128K)->3K(128K)
[6,702s][info][gc             ] GC(270) Pause Young (Mixed) (G1 Evacuation Pause) (Evacuation Failure) 1849M->1750M(2048M) 18,284ms
[6,702s][info][gc,cpu         ] GC(270) User=0,31s Sys=0,00s Real=0,02s
[6,709s][info][gc,start       ] GC(271) Pause Young (Mixed) (G1 Evacuation Pause)
[6,709s][info][gc,task        ] GC(271) Using 18 workers of 18 for evacuation
[6,724s][info][gc,phases      ] GC(271)   Pre Evacuate Collection Set: 0,2ms
[6,724s][info][gc,phases      ] GC(271)   Merge Heap Roots: 0,1ms
[6,724s][info][gc,phases      ] GC(271)   Evacuate Collection Set: 14,9ms
[6,724s][info][gc,phases      ] GC(271)   Post Evacuate Collection Set: 0,2ms
[6,724s][info][gc,phases      ] GC(271)   Other: 0,1ms
[6,724s][info][gc,heap        ] GC(271) Eden regions: 59->0(51)
[6,724s][info][gc,heap        ] GC(271) Survivor regions: 9->9(9)
[6,724s][info][gc,heap        ] GC(271) Old regions: 866->881
[6,724s][info][gc,heap        ] GC(271) Humongous regions: 0->0
[6,724s][info][gc,metaspace   ] GC(271) Metaspace: 80K(320K)->80K(320K) NonClass: 77K(192K)->77K(192K) Class: 3K(128K)->3K(128K)
[6,724s][info][gc             ] GC(271) Pause Young (Mixed) (G1 Evacuation Pause) 1867M->1779M(2048M) 15,757ms
[6,724s][info][gc,cpu         ] GC(271) User=0,27s Sys=0,00s Real=0,01s
[6,731s][info][gc,start       ] GC(272) Pause Young (Concurrent Start) (G1 Evacuation Pause)
[6,731s][info][gc,task        ] GC(272) Using 18 workers of 18 for evacuation
[6,742s][info][gc,phases      ] GC(272)   Pre Evacuate Collection Set: 0,3ms
[6,742s][info][gc,phases      ] GC(272)   Merge Heap Roots: 0,1ms
[6,742s][info][gc,phases      ] GC(272)   Evacuate Collection Set: 10,6ms
[6,742s][info][gc,phases      ] GC(272)   Post Evacuate Collection Set: 0,2ms
[6,742s][info][gc,phases      ] GC(272)   Other: 0,1ms
[6,742s][info][gc,heap        ] GC(272) Eden regions: 51->0(43)
[6,742s][info][gc,heap        ] GC(272) Survivor regions: 9->8(8)
[6,742s][info][gc,heap        ] GC(272) Old regions: 881->933
[6,742s][info][gc,heap        ] GC(272) Humongous regions: 0->0
[6,742s][info][gc,metaspace   ] GC(272) Metaspace: 80K(320K)->80K(320K) NonClass: 77K(192K)->77K(192K) Class: 3K(128K)->3K(128K)
[6,742s][info][gc             ] GC(272) Pause Young (Concurrent Start) (G1 Evacuation Pause) 1880M->1880M(2048M) 11,481ms
[6,742s][info][gc,cpu         ] GC(272) User=0,19s Sys=0,01s Real=0,01s
[6,742s][info][gc             ] GC(273) Concurrent Mark Cycle
[6,742s][info][gc,marking     ] GC(273) Concurrent Scan Root Regions
[6,742s][info][gc,marking     ] GC(273) Concurrent Scan Root Regions 0,045ms
[6,742s][info][gc,marking     ] GC(273) Concurrent Mark
[6,742s][info][gc,marking     ] GC(273) Concurrent Mark From Roots
[6,742s][info][gc,task        ] GC(273) Using 5 workers of 5 for marking
[6,745s][info][gc,marking     ] GC(273) Concurrent Mark From Roots 2,334ms
[6,745s][info][gc,marking     ] GC(273) Concurrent Preclean
[6,745s][info][gc,marking     ] GC(273) Concurrent Preclean 0,011ms
[6,745s][info][gc,start       ] GC(273) Pause Remark
[6,746s][info][gc             ] GC(273) Pause Remark 1903M->1509M(2048M) 0,738ms
[6,746s][info][gc,cpu         ] GC(273) User=0,00s Sys=0,00s Real=0,01s
[6,746s][info][gc,marking     ] GC(273) Concurrent Mark 3,321ms
[6,746s][info][gc,marking     ] GC(273) Concurrent Rebuild Remembered Sets and Scrub Regions
[6,747s][info][gc,marking     ] GC(273) Concurrent Rebuild Remembered Sets and Scrub Regions 1,576ms
[6,747s][info][gc,start       ] GC(273) Pause Cleanup
[6,748s][info][gc             ] GC(273) Pause Cleanup 1535M->1535M(2048M) 0,578ms
[6,748s][info][gc,cpu         ] GC(273) User=0,00s Sys=0,00s Real=0,00s
[6,748s][info][gc,marking     ] GC(273) Concurrent Clear Claimed Marks
[6,748s][info][gc,marking     ] GC(273) Concurrent Clear Claimed Marks 0,020ms
[6,748s][info][gc,marking     ] GC(273) Concurrent Cleanup for Next Mark
[6,750s][info][gc,marking     ] GC(273) Concurrent Cleanup for Next Mark 1,537ms
[6,750s][info][gc             ] GC(273) Concurrent Mark Cycle 7,426ms
[6,751s][info][gc,start       ] GC(274) Pause Young (Prepare Mixed) (G1 Evacuation Pause)
[6,751s][info][gc,task        ] GC(274) Using 18 workers of 18 for evacuation
[6,761s][info][gc,phases      ] GC(274)   Pre Evacuate Collection Set: 0,2ms
[6,761s][info][gc,phases      ] GC(274)   Merge Heap Roots: 0,1ms
[6,761s][info][gc,phases      ] GC(274)   Evacuate Collection Set: 9,2ms
[6,761s][info][gc,phases      ] GC(274)   Post Evacuate Collection Set: 0,3ms
[6,761s][info][gc,phases      ] GC(274)   Other: 0,1ms
[6,761s][info][gc,heap        ] GC(274) Eden regions: 43->0(93)
[6,761s][info][gc,heap        ] GC(274) Survivor regions: 8->7(7)
[6,761s][info][gc,heap        ] GC(274) Old regions: 736->779
[6,761s][info][gc,heap        ] GC(274) Humongous regions: 0->0
[6,761s][info][gc,metaspace   ] GC(274) Metaspace: 80K(320K)->80K(320K) NonClass: 77K(192K)->77K(192K) Class: 3K(128K)->3K(128K)
[6,761s][info][gc             ] GC(274) Pause Young (Prepare Mixed) (G1 Evacuation Pause) 1572M->1571M(2048M) 10,086ms
[6,761s][info][gc,cpu         ] GC(274) User=0,15s Sys=0,00s Real=0,01s
[6,773s][info][gc,start       ] GC(275) Pause Young (Mixed) (G1 Evacuation Pause)
[6,773s][info][gc,task        ] GC(275) Using 18 workers of 18 for evacuation
[6,795s][info][gc,phases      ] GC(275)   Pre Evacuate Collection Set: 0,3ms
[6,795s][info][gc,phases      ] GC(275)   Merge Heap Roots: 0,1ms
[6,795s][info][gc,phases      ] GC(275)   Evacuate Collection Set: 21,8ms
[6,795s][info][gc,phases      ] GC(275)   Post Evacuate Collection Set: 0,3ms
[6,795s][info][gc,phases      ] GC(275)   Other: 0,1ms
[6,795s][info][gc,heap        ] GC(275) Eden regions: 93->0(83)
[6,795s][info][gc,heap        ] GC(275) Survivor regions: 7->13(13)
[6,795s][info][gc,heap        ] GC(275) Old regions: 779->790
[6,795s][info][gc,heap        ] GC(275) Humongous regions: 0->0
[6,795s][info][gc,metaspace   ] GC(275) Metaspace: 80K(320K)->80K(320K) NonClass: 77K(192K)->77K(192K) Class: 3K(128K)->3K(128K)
[6,795s][info][gc             ] GC(275) Pause Young (Mixed) (G1 Evacuation Pause) 1757M->1605M(2048M) 22,821ms
[6,795s][info][gc,cpu         ] GC(275) User=0,38s Sys=0,01s Real=0,03s
[6,806s][info][gc,start       ] GC(276) Pause Young (Mixed) (G1 Evacuation Pause)
[6,806s][info][gc,task        ] GC(276) Using 18 workers of 18 for evacuation
[6,830s][info][gc,phases      ] GC(276)   Pre Evacuate Collection Set: 0,3ms
[6,830s][info][gc,phases      ] GC(276)   Merge Heap Roots: 0,1ms
[6,830s][info][gc,phases      ] GC(276)   Evacuate Collection Set: 23,8ms
[6,830s][info][gc,phases      ] GC(276)   Post Evacuate Collection Set: 0,4ms
[6,830s][info][gc,phases      ] GC(276)   Other: 0,1ms
[6,830s][info][gc,heap        ] GC(276) Eden regions: 83->0(65)
[6,830s][info][gc,heap        ] GC(276) Survivor regions: 13->12(12)
[6,830s][info][gc,heap        ] GC(276) Old regions: 790->834
[6,830s][info][gc,heap        ] GC(276) Humongous regions: 0->0
[6,830s][info][gc,metaspace   ] GC(276) Metaspace: 80K(320K)->80K(320K) NonClass: 77K(192K)->77K(192K) Class: 3K(128K)->3K(128K)
[6,830s][info][gc             ] GC(276) Pause Young (Mixed) (G1 Evacuation Pause) (Evacuation Failure) 1771M->1692M(2048M) 24,880ms
[6,830s][info][gc,cpu         ] GC(276) User=0,43s Sys=0,00s Real=0,02s
[6,839s][info][gc,start       ] GC(277) Pause Young (Mixed) (G1 Evacuation Pause)
[6,839s][info][gc,task        ] GC(277) Using 18 workers of 18 for evacuation
[6,859s][info][gc,phases      ] GC(277)   Pre Evacuate Collection Set: 0,3ms
[6,859s][info][gc,phases      ] GC(277)   Merge Heap Roots: 0,2ms
[6,859s][info][gc,phases      ] GC(277)   Evacuate Collection Set: 19,4ms
[6,859s][info][gc,phases      ] GC(277)   Post Evacuate Collection Set: 0,4ms
[6,859s][info][gc,phases      ] GC(277)   Other: 0,1ms
[6,859s][info][gc,heap        ] GC(277) Eden regions: 65->0(57)
[6,859s][info][gc,heap        ] GC(277) Survivor regions: 12->10(10)
[6,859s][info][gc,heap        ] GC(277) Old regions: 834->865
[6,859s][info][gc,heap        ] GC(277) Humongous regions: 0->0
[6,859s][info][gc,metaspace   ] GC(277) Metaspace: 80K(320K)->80K(320K) NonClass: 77K(192K)->77K(192K) Class: 3K(128K)->3K(128K)
[6,859s][info][gc             ] GC(277) Pause Young (Mixed) (G1 Evacuation Pause) (Evacuation Failure) 1821M->1750M(2048M) 20,636ms
[6,859s][info][gc,cpu         ] GC(277) User=0,35s Sys=0,00s Real=0,02s
[6,866s][info][gc,start       ] GC(278) Pause Young (Mixed) (G1 Evacuation Pause)
[6,866s][info][gc,task        ] GC(278) Using 18 workers of 18 for evacuation
[6,883s][info][gc,phases      ] GC(278)   Pre Evacuate Collection Set: 0,2ms
[6,883s][info][gc,phases      ] GC(278)   Merge Heap Roots: 0,1ms
[6,883s][info][gc,phases      ] GC(278)   Evacuate Collection Set: 16,0ms
[6,883s][info][gc,phases      ] GC(278)   Post Evacuate Collection Set: 0,4ms
[6,883s][info][gc,phases      ] GC(278)   Other: 0,1ms
[6,883s][info][gc,heap        ] GC(278) Eden regions: 57->0(56)
[6,883s][info][gc,heap        ] GC(278) Survivor regions: 10->9(9)
[6,883s][info][gc,heap        ] GC(278) Old regions: 865->874
[6,883s][info][gc,heap        ] GC(278) Humongous regions: 0->0
[6,883s][info][gc,metaspace   ] GC(278) Metaspace: 80K(320K)->80K(320K) NonClass: 77K(192K)->77K(192K) Class: 3K(128K)->3K(128K)
[6,883s][info][gc             ] GC(278) Pause Young (Mixed) (G1 Evacuation Pause) (Evacuation Failure) 1863M->1766M(2048M) 16,952ms
[6,883s][info][gc,cpu         ] GC(278) User=0,29s Sys=0,00s Real=0,01s
[6,890s][info][gc,start       ] GC(279) Pause Young (Mixed) (G1 Evacuation Pause)
[6,890s][info][gc,task        ] GC(279) Using 18 workers of 18 for evacuation
[6,905s][info][gc,phases      ] GC(279)   Pre Evacuate Collection Set: 0,2ms
[6,905s][info][gc,phases      ] GC(279)   Merge Heap Roots: 0,1ms
[6,905s][info][gc,phases      ] GC(279)   Evacuate Collection Set: 14,1ms
[6,905s][info][gc,phases      ] GC(279)   Post Evacuate Collection Set: 0,2ms
[6,905s][info][gc,phases      ] GC(279)   Other: 0,1ms
[6,905s][info][gc,heap        ] GC(279) Eden regions: 56->0(52)
[6,905s][info][gc,heap        ] GC(279) Survivor regions: 9->9(9)
[6,905s][info][gc,heap        ] GC(279) Old regions: 874->878
[6,905s][info][gc,heap        ] GC(279) Humongous regions: 0->0
[6,905s][info][gc,metaspace   ] GC(279) Metaspace: 80K(320K)->80K(320K) NonClass: 77K(192K)->77K(192K) Class: 3K(128K)->3K(128K)
[6,905s][info][gc             ] GC(279) Pause Young (Mixed) (G1 Evacuation Pause) 1877M->1773M(2048M) 14,874ms
[6,905s][info][gc,cpu         ] GC(279) User=0,26s Sys=0,00s Real=0,01s
[6,911s][info][gc,start       ] GC(280) Pause Young (Concurrent Start) (G1 Evacuation Pause)
[6,911s][info][gc,task        ] GC(280) Using 18 workers of 18 for evacuation
[6,922s][info][gc,phases      ] GC(280)   Pre Evacuate Collection Set: 0,3ms
[6,922s][info][gc,phases      ] GC(280)   Merge Heap Roots: 0,0ms
[6,922s][info][gc,phases      ] GC(280)   Evacuate Collection Set: 10,8ms
[6,922s][info][gc,phases      ] GC(280)   Post Evacuate Collection Set: 0,2ms
[6,922s][info][gc,phases      ] GC(280)   Other: 0,1ms
[6,922s][info][gc,heap        ] GC(280) Eden regions: 52->0(43)
[6,922s][info][gc,heap        ] GC(280) Survivor regions: 9->8(8)
[6,922s][info][gc,heap        ] GC(280) Old regions: 878->931
[6,922s][info][gc,heap        ] GC(280) Humongous regions: 0->0
[6,923s][info][gc,metaspace   ] GC(280) Metaspace: 80K(320K)->80K(320K) NonClass: 77K(192K)->77K(192K) Class: 3K(128K)->3K(128K)
[6,923s][info][gc             ] GC(280) Pause Young (Concurrent Start) (G1 Evacuation Pause) 1876M->1876M(2048M) 11,556ms
[6,923s][info][gc,cpu         ] GC(280) User=0,19s Sys=0,00s Real=0,01s
[6,923s][info][gc             ] GC(281) Concurrent Mark Cycle
[6,923s][info][gc,marking     ] GC(281) Concurrent Scan Root Regions
[6,923s][info][gc,marking     ] GC(281) Concurrent Scan Root Regions 0,044ms
[6,923s][info][gc,marking     ] GC(281) Concurrent Mark
[6,923s][info][gc,marking     ] GC(281) Concurrent Mark From Roots
[6,923s][info][gc,task        ] GC(281) Using 5 workers of 5 for marking
[6,925s][info][gc,marking     ] GC(281) Concurrent Mark From Roots 2,729ms
[6,925s][info][gc,marking     ] GC(281) Concurrent Preclean
[6,925s][info][gc,marking     ] GC(281) Concurrent Preclean 0,011ms
[6,926s][info][gc,start       ] GC(281) Pause Remark
[6,926s][info][gc             ] GC(281) Pause Remark 1902M->1524M(2048M) 0,759ms
[6,926s][info][gc,cpu         ] GC(281) User=0,00s Sys=0,01s Real=0,00s
[6,926s][info][gc,marking     ] GC(281) Concurrent Mark 3,719ms
[6,926s][info][gc,marking     ] GC(281) Concurrent Rebuild Remembered Sets and Scrub Regions
[6,929s][info][gc,marking     ] GC(281) Concurrent Rebuild Remembered Sets and Scrub Regions 2,364ms
[6,929s][info][gc,start       ] GC(281) Pause Cleanup
[6,930s][info][gc             ] GC(281) Pause Cleanup 1563M->1563M(2048M) 0,684ms
[6,930s][info][gc,cpu         ] GC(281) User=0,00s Sys=0,00s Real=0,00s
[6,930s][info][gc,marking     ] GC(281) Concurrent Clear Claimed Marks
[6,930s][info][gc,marking     ] GC(281) Concurrent Clear Claimed Marks 0,025ms
[6,930s][info][gc,marking     ] GC(281) Concurrent Cleanup for Next Mark
[6,931s][info][gc,marking     ] GC(281) Concurrent Cleanup for Next Mark 1,631ms
[6,931s][info][gc             ] GC(281) Concurrent Mark Cycle 8,826ms
[6,932s][info][gc,start       ] GC(282) Pause Young (Prepare Mixed) (G1 Evacuation Pause)
[6,932s][info][gc,task        ] GC(282) Using 18 workers of 18 for evacuation
[6,942s][info][gc,phases      ] GC(282)   Pre Evacuate Collection Set: 0,2ms
[6,942s][info][gc,phases      ] GC(282)   Merge Heap Roots: 0,1ms
[6,942s][info][gc,phases      ] GC(282)   Evacuate Collection Set: 9,1ms
[6,942s][info][gc,phases      ] GC(282)   Post Evacuate Collection Set: 0,4ms
[6,942s][info][gc,phases      ] GC(282)   Other: 0,1ms
[6,942s][info][gc,heap        ] GC(282) Eden regions: 43->0(90)
[6,942s][info][gc,heap        ] GC(282) Survivor regions: 8->7(7)
[6,942s][info][gc,heap        ] GC(282) Old regions: 742->785
[6,942s][info][gc,heap        ] GC(282) Humongous regions: 0->0
[6,942s][info][gc,metaspace   ] GC(282) Metaspace: 80K(320K)->80K(320K) NonClass: 77K(192K)->77K(192K) Class: 3K(128K)->3K(128K)
[6,942s][info][gc             ] GC(282) Pause Young (Prepare Mixed) (G1 Evacuation Pause) 1584M->1583M(2048M) 10,133ms
[6,942s][info][gc,cpu         ] GC(282) User=0,15s Sys=0,00s Real=0,01s
[6,953s][info][gc,start       ] GC(283) Pause Young (Mixed) (G1 Evacuation Pause)
[6,953s][info][gc,task        ] GC(283) Using 18 workers of 18 for evacuation
[6,975s][info][gc,phases      ] GC(283)   Pre Evacuate Collection Set: 0,3ms
[6,975s][info][gc,phases      ] GC(283)   Merge Heap Roots: 0,1ms
[6,975s][info][gc,phases      ] GC(283)   Evacuate Collection Set: 20,6ms
[6,975s][info][gc,phases      ] GC(283)   Post Evacuate Collection Set: 0,4ms
[6,975s][info][gc,phases      ] GC(283)   Other: 0,1ms
[6,975s][info][gc,heap        ] GC(283) Eden regions: 90->0(84)
[6,975s][info][gc,heap        ] GC(283) Survivor regions: 7->13(13)
[6,975s][info][gc,heap        ] GC(283) Old regions: 785->788
[6,975s][info][gc,heap        ] GC(283) Humongous regions: 0->0
[6,975s][info][gc,metaspace   ] GC(283) Metaspace: 80K(320K)->80K(320K) NonClass: 77K(192K)->77K(192K) Class: 3K(128K)->3K(128K)
[6,975s][info][gc             ] GC(283) Pause Young (Mixed) (G1 Evacuation Pause) 1763M->1601M(2048M) 21,865ms
[6,975s][info][gc,cpu         ] GC(283) User=0,37s Sys=0,00s Real=0,03s
[6,985s][info][gc,start       ] GC(284) Pause Young (Mixed) (G1 Evacuation Pause)
[6,985s][info][gc,task        ] GC(284) Using 18 workers of 18 for evacuation
[7,010s][info][gc,phases      ] GC(284)   Pre Evacuate Collection Set: 0,3ms
[7,010s][info][gc,phases      ] GC(284)   Merge Heap Roots: 0,1ms
[7,010s][info][gc,phases      ] GC(284)   Evacuate Collection Set: 23,9ms
[7,010s][info][gc,phases      ] GC(284)   Post Evacuate Collection Set: 0,5ms
[7,010s][info][gc,phases      ] GC(284)   Other: 0,1ms
[7,010s][info][gc,heap        ] GC(284) Eden regions: 84->0(64)
[7,010s][info][gc,heap        ] GC(284) Survivor regions: 13->13(13)
[7,010s][info][gc,heap        ] GC(284) Old regions: 788->837
[7,010s][info][gc,heap        ] GC(284) Humongous regions: 0->0
[7,010s][info][gc,metaspace   ] GC(284) Metaspace: 80K(320K)->80K(320K) NonClass: 77K(192K)->77K(192K) Class: 3K(128K)->3K(128K)
[7,010s][info][gc             ] GC(284) Pause Young (Mixed) (G1 Evacuation Pause) (Evacuation Failure) 1769M->1700M(2048M) 25,263ms
[7,011s][info][gc,cpu         ] GC(284) User=0,43s Sys=0,00s Real=0,02s
[7,018s][info][gc,start       ] GC(285) Pause Young (Mixed) (G1 Evacuation Pause)
[7,018s][info][gc,task        ] GC(285) Using 18 workers of 18 for evacuation
[7,039s][info][gc,phases      ] GC(285)   Pre Evacuate Collection Set: 0,3ms
[7,039s][info][gc,phases      ] GC(285)   Merge Heap Roots: 0,1ms
[7,039s][info][gc,phases      ] GC(285)   Evacuate Collection Set: 19,1ms
[7,039s][info][gc,phases      ] GC(285)   Post Evacuate Collection Set: 0,4ms
[7,039s][info][gc,phases      ] GC(285)   Other: 0,1ms
[7,039s][info][gc,heap        ] GC(285) Eden regions: 64->0(56)
[7,039s][info][gc,heap        ] GC(285) Survivor regions: 13->10(10)
[7,039s][info][gc,heap        ] GC(285) Old regions: 837->866
[7,039s][info][gc,heap        ] GC(285) Humongous regions: 0->0
[7,039s][info][gc,metaspace   ] GC(285) Metaspace: 80K(320K)->80K(320K) NonClass: 77K(192K)->77K(192K) Class: 3K(128K)->3K(128K)
[7,039s][info][gc             ] GC(285) Pause Young (Mixed) (G1 Evacuation Pause) (Evacuation Failure) 1827M->1752M(2048M) 20,436ms
[7,039s][info][gc,cpu         ] GC(285) User=0,34s Sys=0,01s Real=0,02s
[7,046s][info][gc,start       ] GC(286) Pause Young (Mixed) (G1 Evacuation Pause)
[7,046s][info][gc,task        ] GC(286) Using 18 workers of 18 for evacuation
[7,062s][info][gc,phases      ] GC(286)   Pre Evacuate Collection Set: 0,2ms
[7,062s][info][gc,phases      ] GC(286)   Merge Heap Roots: 0,1ms
[7,062s][info][gc,phases      ] GC(286)   Evacuate Collection Set: 15,8ms
[7,062s][info][gc,phases      ] GC(286)   Post Evacuate Collection Set: 0,4ms
[7,062s][info][gc,phases      ] GC(286)   Other: 0,1ms
[7,063s][info][gc,heap        ] GC(286) Eden regions: 56->0(56)
[7,063s][info][gc,heap        ] GC(286) Survivor regions: 10->9(9)
[7,063s][info][gc,heap        ] GC(286) Old regions: 866->873
[7,063s][info][gc,heap        ] GC(286) Humongous regions: 0->0
[7,063s][info][gc,metaspace   ] GC(286) Metaspace: 80K(320K)->80K(320K) NonClass: 77K(192K)->77K(192K) Class: 3K(128K)->3K(128K)
[7,063s][info][gc             ] GC(286) Pause Young (Mixed) (G1 Evacuation Pause) (Evacuation Failure) 1863M->1764M(2048M) 16,814ms
[7,063s][info][gc,cpu         ] GC(286) User=0,28s Sys=0,00s Real=0,01s
[7,069s][info][gc,start       ] GC(287) Pause Young (Mixed) (G1 Evacuation Pause)
[7,069s][info][gc,task        ] GC(287) Using 18 workers of 18 for evacuation
[7,085s][info][gc,phases      ] GC(287)   Pre Evacuate Collection Set: 0,2ms
[7,085s][info][gc,phases      ] GC(287)   Merge Heap Roots: 0,1ms
[7,085s][info][gc,phases      ] GC(287)   Evacuate Collection Set: 14,9ms
[7,085s][info][gc,phases      ] GC(287)   Post Evacuate Collection Set: 0,3ms
[7,085s][info][gc,phases      ] GC(287)   Other: 0,1ms
[7,085s][info][gc,heap        ] GC(287) Eden regions: 56->0(53)
[7,085s][info][gc,heap        ] GC(287) Survivor regions: 9->9(9)
[7,085s][info][gc,heap        ] GC(287) Old regions: 873->879
[7,085s][info][gc,heap        ] GC(287) Humongous regions: 0->0
[7,085s][info][gc,metaspace   ] GC(287) Metaspace: 80K(320K)->80K(320K) NonClass: 77K(192K)->77K(192K) Class: 3K(128K)->3K(128K)
[7,085s][info][gc             ] GC(287) Pause Young (Mixed) (G1 Evacuation Pause) (Evacuation Failure) 1875M->1776M(2048M) 15,711ms
[7,085s][info][gc,cpu         ] GC(287) User=0,26s Sys=0,00s Real=0,02s
[7,091s][info][gc,start       ] GC(288) Pause Young (Concurrent Start) (G1 Evacuation Pause)
[7,091s][info][gc,task        ] GC(288) Using 18 workers of 18 for evacuation
[7,103s][info][gc,phases      ] GC(288)   Pre Evacuate Collection Set: 0,3ms
[7,103s][info][gc,phases      ] GC(288)   Merge Heap Roots: 0,0ms
[7,103s][info][gc,phases      ] GC(288)   Evacuate Collection Set: 10,9ms
[7,103s][info][gc,phases      ] GC(288)   Post Evacuate Collection Set: 0,2ms
[7,103s][info][gc,phases      ] GC(288)   Other: 0,1ms
[7,103s][info][gc,heap        ] GC(288) Eden regions: 53->0(43)
[7,103s][info][gc,heap        ] GC(288) Survivor regions: 9->8(8)
[7,103s][info][gc,heap        ] GC(288) Old regions: 879->933
[7,103s][info][gc,heap        ] GC(288) Humongous regions: 0->0
[7,103s][info][gc,metaspace   ] GC(288) Metaspace: 80K(320K)->80K(320K) NonClass: 77K(192K)->77K(192K) Class: 3K(128K)->3K(128K)
[7,103s][info][gc             ] GC(288) Pause Young (Concurrent Start) (G1 Evacuation Pause) 1881M->1881M(2048M) 11,664ms
[7,103s][info][gc,cpu         ] GC(288) User=0,19s Sys=0,01s Real=0,01s
[7,103s][info][gc             ] GC(289) Concurrent Mark Cycle
[7,103s][info][gc,marking     ] GC(289) Concurrent Scan Root Regions
[7,103s][info][gc,marking     ] GC(289) Concurrent Scan Root Regions 0,046ms
[7,103s][info][gc,marking     ] GC(289) Concurrent Mark
[7,103s][info][gc,marking     ] GC(289) Concurrent Mark From Roots
[7,103s][info][gc,task        ] GC(289) Using 5 workers of 5 for marking
[7,106s][info][gc,marking     ] GC(289) Concurrent Mark From Roots 2,328ms
[7,106s][info][gc,marking     ] GC(289) Concurrent Preclean
[7,106s][info][gc,marking     ] GC(289) Concurrent Preclean 0,012ms
[7,106s][info][gc,start       ] GC(289) Pause Remark
[7,107s][info][gc             ] GC(289) Pause Remark 1904M->1554M(2048M) 0,752ms
[7,107s][info][gc,cpu         ] GC(289) User=0,00s Sys=0,00s Real=0,00s
[7,107s][info][gc,marking     ] GC(289) Concurrent Mark 3,344ms
[7,107s][info][gc,marking     ] GC(289) Concurrent Rebuild Remembered Sets and Scrub Regions
[7,109s][info][gc,marking     ] GC(289) Concurrent Rebuild Remembered Sets and Scrub Regions 2,183ms
[7,109s][info][gc,start       ] GC(289) Pause Cleanup
[7,110s][info][gc             ] GC(289) Pause Cleanup 1591M->1591M(2048M) 0,579ms
[7,110s][info][gc,cpu         ] GC(289) User=0,00s Sys=0,00s Real=0,00s
[7,110s][info][gc,marking     ] GC(289) Concurrent Clear Claimed Marks
[7,110s][info][gc,marking     ] GC(289) Concurrent Clear Claimed Marks 0,028ms
[7,110s][info][gc,marking     ] GC(289) Concurrent Cleanup for Next Mark
[7,111s][info][gc,marking     ] GC(289) Concurrent Cleanup for Next Mark 1,575ms
[7,111s][info][gc             ] GC(289) Concurrent Mark Cycle 8,168ms
[7,112s][info][gc,start       ] GC(290) Pause Young (Prepare Mixed) (G1 Evacuation Pause)
[7,112s][info][gc,task        ] GC(290) Using 18 workers of 18 for evacuation
[7,122s][info][gc,phases      ] GC(290)   Pre Evacuate Collection Set: 0,2ms
[7,122s][info][gc,phases      ] GC(290)   Merge Heap Roots: 0,1ms
[7,122s][info][gc,phases      ] GC(290)   Evacuate Collection Set: 9,2ms
[7,122s][info][gc,phases      ] GC(290)   Post Evacuate Collection Set: 0,3ms
[7,122s][info][gc,phases      ] GC(290)   Other: 0,1ms
[7,122s][info][gc,heap        ] GC(290) Eden regions: 43->0(83)
[7,122s][info][gc,heap        ] GC(290) Survivor regions: 8->7(7)
[7,122s][info][gc,heap        ] GC(290) Old regions: 758->802
[7,122s][info][gc,heap        ] GC(290) Humongous regions: 0->0
[7,122s][info][gc,metaspace   ] GC(290) Metaspace: 80K(320K)->80K(320K) NonClass: 77K(192K)->77K(192K) Class: 3K(128K)->3K(128K)
[7,122s][info][gc             ] GC(290) Pause Young (Prepare Mixed) (G1 Evacuation Pause) 1616M->1616M(2048M) 10,094ms
[7,122s][info][gc,cpu         ] GC(290) User=0,16s Sys=0,00s Real=0,01s
[7,132s][info][gc,start       ] GC(291) Pause Young (Mixed) (G1 Evacuation Pause)
[7,132s][info][gc,task        ] GC(291) Using 18 workers of 18 for evacuation
[7,153s][info][gc,phases      ] GC(291)   Pre Evacuate Collection Set: 0,2ms
[7,153s][info][gc,phases      ] GC(291)   Merge Heap Roots: 0,1ms
[7,153s][info][gc,phases      ] GC(291)   Evacuate Collection Set: 19,8ms
[7,153s][info][gc,phases      ] GC(291)   Post Evacuate Collection Set: 0,3ms
[7,153s][info][gc,phases      ] GC(291)   Other: 0,1ms
[7,153s][info][gc,heap        ] GC(291) Eden regions: 83->0(79)
[7,153s][info][gc,heap        ] GC(291) Survivor regions: 7->12(12)
[7,153s][info][gc,heap        ] GC(291) Old regions: 802->802
[7,153s][info][gc,heap        ] GC(291) Humongous regions: 0->0
[7,153s][info][gc,metaspace   ] GC(291) Metaspace: 80K(320K)->80K(320K) NonClass: 77K(192K)->77K(192K) Class: 3K(128K)->3K(128K)
[7,153s][info][gc             ] GC(291) Pause Young (Mixed) (G1 Evacuation Pause) 1782M->1627M(2048M) 20,800ms
[7,153s][info][gc,cpu         ] GC(291) User=0,35s Sys=0,01s Real=0,02s
[7,163s][info][gc,start       ] GC(292) Pause Young (Mixed) (G1 Evacuation Pause)
[7,163s][info][gc,task        ] GC(292) Using 18 workers of 18 for evacuation
[7,187s][info][gc,phases      ] GC(292)   Pre Evacuate Collection Set: 0,3ms
[7,187s][info][gc,phases      ] GC(292)   Merge Heap Roots: 0,1ms
[7,187s][info][gc,phases      ] GC(292)   Evacuate Collection Set: 22,5ms
[7,187s][info][gc,phases      ] GC(292)   Post Evacuate Collection Set: 0,5ms
[7,187s][info][gc,phases      ] GC(292)   Other: 0,1ms
[7,187s][info][gc,heap        ] GC(292) Eden regions: 79->0(63)
[7,187s][info][gc,heap        ] GC(292) Survivor regions: 12->12(12)
[7,187s][info][gc,heap        ] GC(292) Old regions: 802->845
[7,187s][info][gc,heap        ] GC(292) Humongous regions: 0->0
[7,187s][info][gc,metaspace   ] GC(292) Metaspace: 80K(320K)->80K(320K) NonClass: 77K(192K)->77K(192K) Class: 3K(128K)->3K(128K)
[7,187s][info][gc             ] GC(292) Pause Young (Mixed) (G1 Evacuation Pause) (Evacuation Failure) 1784M->1714M(2048M) 23,801ms
[7,187s][info][gc,cpu         ] GC(292) User=0,41s Sys=0,00s Real=0,03s
[7,194s][info][gc,start       ] GC(293) Pause Young (Mixed) (G1 Evacuation Pause)
[7,195s][info][gc,task        ] GC(293) Using 18 workers of 18 for evacuation
[7,214s][info][gc,phases      ] GC(293)   Pre Evacuate Collection Set: 0,3ms
[7,214s][info][gc,phases      ] GC(293)   Merge Heap Roots: 0,1ms
[7,214s][info][gc,phases      ] GC(293)   Evacuate Collection Set: 18,2ms
[7,214s][info][gc,phases      ] GC(293)   Post Evacuate Collection Set: 0,5ms
[7,214s][info][gc,phases      ] GC(293)   Other: 0,1ms
[7,214s][info][gc,heap        ] GC(293) Eden regions: 63->0(58)
[7,214s][info][gc,heap        ] GC(293) Survivor regions: 12->10(10)
[7,214s][info][gc,heap        ] GC(293) Old regions: 845->868
[7,214s][info][gc,heap        ] GC(293) Humongous regions: 0->0
[7,214s][info][gc,metaspace   ] GC(293) Metaspace: 80K(320K)->80K(320K) NonClass: 77K(192K)->77K(192K) Class: 3K(128K)->3K(128K)
[7,214s][info][gc             ] GC(293) Pause Young (Mixed) (G1 Evacuation Pause) (Evacuation Failure) 1839M->1756M(2048M) 19,597ms
[7,214s][info][gc,cpu         ] GC(293) User=0,33s Sys=0,01s Real=0,02s
[7,221s][info][gc,start       ] GC(294) Pause Young (Mixed) (G1 Evacuation Pause)
[7,221s][info][gc,task        ] GC(294) Using 18 workers of 18 for evacuation
[7,238s][info][gc,phases      ] GC(294)   Pre Evacuate Collection Set: 0,3ms
[7,238s][info][gc,phases      ] GC(294)   Merge Heap Roots: 0,1ms
[7,238s][info][gc,phases      ] GC(294)   Evacuate Collection Set: 15,5ms
[7,238s][info][gc,phases      ] GC(294)   Post Evacuate Collection Set: 0,5ms
[7,238s][info][gc,phases      ] GC(294)   Other: 0,1ms
[7,238s][info][gc,heap        ] GC(294) Eden regions: 58->0(55)
[7,238s][info][gc,heap        ] GC(294) Survivor regions: 10->9(9)
[7,238s][info][gc,heap        ] GC(294) Old regions: 868->885
[7,238s][info][gc,heap        ] GC(294) Humongous regions: 0->0
[7,238s][info][gc,metaspace   ] GC(294) Metaspace: 80K(320K)->80K(320K) NonClass: 77K(192K)->77K(192K) Class: 3K(128K)->3K(128K)
[7,238s][info][gc             ] GC(294) Pause Young (Mixed) (G1 Evacuation Pause) (Evacuation Failure) 1871M->1788M(2048M) 16,735ms
[7,238s][info][gc,cpu         ] GC(294) User=0,27s Sys=0,00s Real=0,02s
[7,245s][info][gc,start       ] GC(295) Pause Young (Mixed) (G1 Evacuation Pause)
[7,245s][info][gc,task        ] GC(295) Using 18 workers of 18 for evacuation
[7,259s][info][gc,phases      ] GC(295)   Pre Evacuate Collection Set: 0,3ms
[7,259s][info][gc,phases      ] GC(295)   Merge Heap Roots: 0,1ms
[7,259s][info][gc,phases      ] GC(295)   Evacuate Collection Set: 13,1ms
[7,259s][info][gc,phases      ] GC(295)   Post Evacuate Collection Set: 0,5ms
[7,259s][info][gc,phases      ] GC(295)   Other: 0,1ms
[7,259s][info][gc,heap        ] GC(295) Eden regions: 55->0(57)
[7,259s][info][gc,heap        ] GC(295) Survivor regions: 9->8(8)
[7,259s][info][gc,heap        ] GC(295) Old regions: 885->885
[7,259s][info][gc,heap        ] GC(295) Humongous regions: 0->0
[7,259s][info][gc,metaspace   ] GC(295) Metaspace: 80K(320K)->80K(320K) NonClass: 77K(192K)->77K(192K) Class: 3K(128K)->3K(128K)
[7,259s][info][gc             ] GC(295) Pause Young (Mixed) (G1 Evacuation Pause) (Evacuation Failure) 1897M->1786M(2048M) 14,366ms
[7,259s][info][gc,cpu         ] GC(295) User=0,24s Sys=0,00s Real=0,01s
[7,266s][info][gc,start       ] GC(296) Pause Young (Concurrent Start) (G1 Evacuation Pause)
[7,266s][info][gc,task        ] GC(296) Using 18 workers of 18 for evacuation
[7,278s][info][gc,phases      ] GC(296)   Pre Evacuate Collection Set: 0,3ms
[7,278s][info][gc,phases      ] GC(296)   Merge Heap Roots: 0,1ms
[7,278s][info][gc,phases      ] GC(296)   Evacuate Collection Set: 11,4ms
[7,278s][info][gc,phases      ] GC(296)   Post Evacuate Collection Set: 0,2ms
[7,278s][info][gc,phases      ] GC(296)   Other: 0,1ms
[7,278s][info][gc,heap        ] GC(296) Eden regions: 57->0(42)
[7,279s][info][gc,heap        ] GC(296) Survivor regions: 8->9(9)
[7,279s][info][gc,heap        ] GC(296) Old regions: 885->941
[7,279s][info][gc,heap        ] GC(296) Humongous regions: 0->0
[7,279s][info][gc,metaspace   ] GC(296) Metaspace: 80K(320K)->80K(320K) NonClass: 77K(192K)->77K(192K) Class: 3K(128K)->3K(128K)
[7,279s][info][gc             ] GC(296) Pause Young (Concurrent Start) (G1 Evacuation Pause) 1899M->1899M(2048M) 12,446ms
[7,279s][info][gc,cpu         ] GC(296) User=0,21s Sys=0,01s Real=0,01s
[7,279s][info][gc             ] GC(297) Concurrent Mark Cycle
[7,279s][info][gc,marking     ] GC(297) Concurrent Scan Root Regions
[7,279s][info][gc,marking     ] GC(297) Concurrent Scan Root Regions 0,055ms
[7,279s][info][gc,marking     ] GC(297) Concurrent Mark
[7,279s][info][gc,marking     ] GC(297) Concurrent Mark From Roots
[7,279s][info][gc,task        ] GC(297) Using 5 workers of 5 for marking
[7,281s][info][gc,marking     ] GC(297) Concurrent Mark From Roots 2,238ms
[7,281s][info][gc,marking     ] GC(297) Concurrent Preclean
[7,281s][info][gc,marking     ] GC(297) Concurrent Preclean 0,014ms
[7,281s][info][gc,start       ] GC(297) Pause Remark
[7,282s][info][gc             ] GC(297) Pause Remark 1920M->1588M(2048M) 0,738ms
[7,282s][info][gc,cpu         ] GC(297) User=0,00s Sys=0,00s Real=0,00s
[7,282s][info][gc,marking     ] GC(297) Concurrent Mark 3,231ms
[7,282s][info][gc,marking     ] GC(297) Concurrent Rebuild Remembered Sets and Scrub Regions
[7,284s][info][gc,marking     ] GC(297) Concurrent Rebuild Remembered Sets and Scrub Regions 2,084ms
[7,284s][info][gc,start       ] GC(297) Pause Cleanup
[7,285s][info][gc             ] GC(297) Pause Cleanup 1624M->1624M(2048M) 0,849ms
[7,285s][info][gc,cpu         ] GC(297) User=0,00s Sys=0,00s Real=0,01s
[7,285s][info][gc,marking     ] GC(297) Concurrent Clear Claimed Marks
[7,285s][info][gc,marking     ] GC(297) Concurrent Clear Claimed Marks 0,030ms
[7,285s][info][gc,marking     ] GC(297) Concurrent Cleanup for Next Mark
[7,287s][info][gc,marking     ] GC(297) Concurrent Cleanup for Next Mark 1,635ms
[7,287s][info][gc             ] GC(297) Concurrent Mark Cycle 8,328ms
[7,288s][info][gc,start       ] GC(298) Pause Young (Prepare Mixed) (G1 Evacuation Pause)
[7,288s][info][gc,task        ] GC(298) Using 18 workers of 18 for evacuation
[7,298s][info][gc,phases      ] GC(298)   Pre Evacuate Collection Set: 0,2ms
[7,298s][info][gc,phases      ] GC(298)   Merge Heap Roots: 0,1ms
[7,298s][info][gc,phases      ] GC(298)   Evacuate Collection Set: 9,2ms
[7,298s][info][gc,phases      ] GC(298)   Post Evacuate Collection Set: 0,4ms
[7,298s][info][gc,phases      ] GC(298)   Other: 0,1ms
[7,298s][info][gc,heap        ] GC(298) Eden regions: 42->0(78)
[7,298s][info][gc,heap        ] GC(298) Survivor regions: 9->7(7)
[7,298s][info][gc,heap        ] GC(298) Old regions: 775->819
[7,298s][info][gc,heap        ] GC(298) Humongous regions: 0->0
[7,298s][info][gc,metaspace   ] GC(298) Metaspace: 80K(320K)->80K(320K) NonClass: 77K(192K)->77K(192K) Class: 3K(128K)->3K(128K)
[7,298s][info][gc             ] GC(298) Pause Young (Prepare Mixed) (G1 Evacuation Pause) 1650M->1650M(2048M) 10,254ms
[7,298s][info][gc,cpu         ] GC(298) User=0,16s Sys=0,00s Real=0,01s
[7,308s][info][gc,start       ] GC(299) Pause Young (Mixed) (G1 Evacuation Pause)
[7,308s][info][gc,task        ] GC(299) Using 18 workers of 18 for evacuation
[7,326s][info][gc,phases      ] GC(299)   Pre Evacuate Collection Set: 0,3ms
[7,327s][info][gc,phases      ] GC(299)   Merge Heap Roots: 0,1ms
[7,327s][info][gc,phases      ] GC(299)   Evacuate Collection Set: 17,7ms
[7,327s][info][gc,phases      ] GC(299)   Post Evacuate Collection Set: 0,4ms
[7,327s][info][gc,phases      ] GC(299)   Other: 0,1ms
[7,327s][info][gc,heap        ] GC(299) Eden regions: 78->0(79)
[7,327s][info][gc,heap        ] GC(299) Survivor regions: 7->11(11)
[7,327s][info][gc,heap        ] GC(299) Old regions: 819->806
[7,327s][info][gc,heap        ] GC(299) Humongous regions: 0->0
[7,327s][info][gc,metaspace   ] GC(299) Metaspace: 80K(320K)->80K(320K) NonClass: 77K(192K)->77K(192K) Class: 3K(128K)->3K(128K)
[7,327s][info][gc             ] GC(299) Pause Young (Mixed) (G1 Evacuation Pause) 1806M->1633M(2048M) 18,816ms
[7,327s][info][gc,cpu         ] GC(299) User=0,31s Sys=0,00s Real=0,02s
[7,337s][info][gc,start       ] GC(300) Pause Young (Mixed) (G1 Evacuation Pause)
[7,337s][info][gc,task        ] GC(300) Using 18 workers of 18 for evacuation
[7,360s][info][gc,phases      ] GC(300)   Pre Evacuate Collection Set: 0,3ms
[7,360s][info][gc,phases      ] GC(300)   Merge Heap Roots: 0,1ms
[7,360s][info][gc,phases      ] GC(300)   Evacuate Collection Set: 21,9ms
[7,360s][info][gc,phases      ] GC(300)   Post Evacuate Collection Set: 0,3ms
[7,360s][info][gc,phases      ] GC(300)   Other: 0,1ms
[7,360s][info][gc,heap        ] GC(300) Eden regions: 79->0(70)
[7,360s][info][gc,heap        ] GC(300) Survivor regions: 11->12(12)
[7,360s][info][gc,heap        ] GC(300) Old regions: 806->826
[7,360s][info][gc,heap        ] GC(300) Humongous regions: 0->0
[7,360s][info][gc,metaspace   ] GC(300) Metaspace: 80K(320K)->80K(320K) NonClass: 77K(192K)->77K(192K) Class: 3K(128K)->3K(128K)
[7,360s][info][gc             ] GC(300) Pause Young (Mixed) (G1 Evacuation Pause) (Evacuation Failure) 1791M->1676M(2048M) 22,898ms
[7,360s][info][gc,cpu         ] GC(300) User=0,40s Sys=0,01s Real=0,02s
[7,369s][info][gc,start       ] GC(301) Pause Young (Mixed) (G1 Evacuation Pause)
[7,369s][info][gc,task        ] GC(301) Using 18 workers of 18 for evacuation
[7,390s][info][gc,phases      ] GC(301)   Pre Evacuate Collection Set: 0,3ms
[7,390s][info][gc,phases      ] GC(301)   Merge Heap Roots: 0,1ms
[7,390s][info][gc,phases      ] GC(301)   Evacuate Collection Set: 19,9ms
[7,390s][info][gc,phases      ] GC(301)   Post Evacuate Collection Set: 0,3ms
[7,390s][info][gc,phases      ] GC(301)   Other: 0,1ms
[7,390s][info][gc,heap        ] GC(301) Eden regions: 70->0(66)
[7,390s][info][gc,heap        ] GC(301) Survivor regions: 12->11(11)
[7,390s][info][gc,heap        ] GC(301) Old regions: 826->838
[7,390s][info][gc,heap        ] GC(301) Humongous regions: 0->0
[7,390s][info][gc,metaspace   ] GC(301) Metaspace: 80K(320K)->80K(320K) NonClass: 77K(192K)->77K(192K) Class: 3K(128K)->3K(128K)
[7,390s][info][gc             ] GC(301) Pause Young (Mixed) (G1 Evacuation Pause) (Evacuation Failure) 1815M->1698M(2048M) 20,945ms
[7,390s][info][gc,cpu         ] GC(301) User=0,35s Sys=0,00s Real=0,02s
[7,398s][info][gc,start       ] GC(302) Pause Young (Mixed) (G1 Evacuation Pause)
[7,398s][info][gc,task        ] GC(302) Using 18 workers of 18 for evacuation
[7,418s][info][gc,phases      ] GC(302)   Pre Evacuate Collection Set: 0,3ms
[7,418s][info][gc,phases      ] GC(302)   Merge Heap Roots: 0,1ms
[7,418s][info][gc,phases      ] GC(302)   Evacuate Collection Set: 19,0ms
[7,418s][info][gc,phases      ] GC(302)   Post Evacuate Collection Set: 0,3ms
[7,418s][info][gc,phases      ] GC(302)   Other: 0,1ms
[7,418s][info][gc,heap        ] GC(302) Eden regions: 66->0(65)
[7,418s][info][gc,heap        ] GC(302) Survivor regions: 11->10(10)
[7,418s][info][gc,heap        ] GC(302) Old regions: 838->844
[7,418s][info][gc,heap        ] GC(302) Humongous regions: 0->0
[7,418s][info][gc,metaspace   ] GC(302) Metaspace: 80K(320K)->80K(320K) NonClass: 77K(192K)->77K(192K) Class: 3K(128K)->3K(128K)
[7,418s][info][gc             ] GC(302) Pause Young (Mixed) (G1 Evacuation Pause) (Evacuation Failure) 1829M->1708M(2048M) 19,894ms
[7,418s][info][gc,cpu         ] GC(302) User=0,34s Sys=0,00s Real=0,02s
[7,426s][info][gc,start       ] GC(303) Pause Young (Mixed) (G1 Evacuation Pause)
[7,426s][info][gc,task        ] GC(303) Using 18 workers of 18 for evacuation
[7,445s][info][gc,phases      ] GC(303)   Pre Evacuate Collection Set: 0,2ms
[7,445s][info][gc,phases      ] GC(303)   Merge Heap Roots: 0,1ms
[7,445s][info][gc,phases      ] GC(303)   Evacuate Collection Set: 18,0ms
[7,445s][info][gc,phases      ] GC(303)   Post Evacuate Collection Set: 0,3ms
[7,445s][info][gc,phases      ] GC(303)   Other: 0,1ms
[7,445s][info][gc,heap        ] GC(303) Eden regions: 65->0(66)
[7,445s][info][gc,heap        ] GC(303) Survivor regions: 10->10(10)
[7,445s][info][gc,heap        ] GC(303) Old regions: 844->837
[7,445s][info][gc,heap        ] GC(303) Humongous regions: 0->0
[7,445s][info][gc,metaspace   ] GC(303) Metaspace: 80K(320K)->80K(320K) NonClass: 77K(192K)->77K(192K) Class: 3K(128K)->3K(128K)
[7,445s][info][gc             ] GC(303) Pause Young (Mixed) (G1 Evacuation Pause) (Evacuation Failure) 1837M->1694M(2048M) 18,885ms
[7,445s][info][gc,cpu         ] GC(303) User=0,32s Sys=0,00s Real=0,01s
[7,455s][info][gc,start       ] GC(304) Pause Young (Mixed) (G1 Evacuation Pause)
[7,456s][info][gc,task        ] GC(304) Using 18 workers of 18 for evacuation
[7,470s][info][gc,phases      ] GC(304)   Pre Evacuate Collection Set: 0,2ms
[7,470s][info][gc,phases      ] GC(304)   Merge Heap Roots: 0,1ms
[7,470s][info][gc,phases      ] GC(304)   Evacuate Collection Set: 13,6ms
[7,470s][info][gc,phases      ] GC(304)   Post Evacuate Collection Set: 0,2ms
[7,470s][info][gc,phases      ] GC(304)   Other: 0,1ms
[7,470s][info][gc,heap        ] GC(304) Eden regions: 66->0(43)
[7,470s][info][gc,heap        ] GC(304) Survivor regions: 10->10(10)
[7,470s][info][gc,heap        ] GC(304) Old regions: 837->897
[7,470s][info][gc,heap        ] GC(304) Humongous regions: 0->0
[7,470s][info][gc,metaspace   ] GC(304) Metaspace: 80K(320K)->80K(320K) NonClass: 77K(192K)->77K(192K) Class: 3K(128K)->3K(128K)
[7,470s][info][gc             ] GC(304) Pause Young (Mixed) (G1 Evacuation Pause) 1825M->1813M(2048M) 14,350ms
[7,470s][info][gc,cpu         ] GC(304) User=0,24s Sys=0,01s Real=0,01s
[7,475s][info][gc,start       ] GC(305) Pause Young (Concurrent Start) (G1 Evacuation Pause)
[7,475s][info][gc,task        ] GC(305) Using 18 workers of 18 for evacuation
[7,485s][info][gc,phases      ] GC(305)   Pre Evacuate Collection Set: 0,3ms
[7,485s][info][gc,phases      ] GC(305)   Merge Heap Roots: 0,1ms
[7,485s][info][gc,phases      ] GC(305)   Evacuate Collection Set: 9,4ms
[7,485s][info][gc,phases      ] GC(305)   Post Evacuate Collection Set: 0,2ms
[7,485s][info][gc,phases      ] GC(305)   Other: 0,1ms
[7,485s][info][gc,heap        ] GC(305) Eden regions: 43->0(44)
[7,485s][info][gc,heap        ] GC(305) Survivor regions: 10->7(7)
[7,485s][info][gc,heap        ] GC(305) Old regions: 897->943
[7,485s][info][gc,heap        ] GC(305) Humongous regions: 0->0
[7,485s][info][gc,metaspace   ] GC(305) Metaspace: 80K(320K)->80K(320K) NonClass: 77K(192K)->77K(192K) Class: 3K(128K)->3K(128K)
[7,485s][info][gc             ] GC(305) Pause Young (Concurrent Start) (G1 Evacuation Pause) 1898M->1898M(2048M) 10,285ms
[7,485s][info][gc             ] GC(306) Concurrent Mark Cycle
[7,485s][info][gc,marking     ] GC(306) Concurrent Scan Root Regions
[7,485s][info][gc,cpu         ] GC(305) User=0,17s Sys=0,00s Real=0,01s
[7,486s][info][gc,marking     ] GC(306) Concurrent Scan Root Regions 0,047ms
[7,486s][info][gc,marking     ] GC(306) Concurrent Mark
[7,486s][info][gc,marking     ] GC(306) Concurrent Mark From Roots
[7,486s][info][gc,task        ] GC(306) Using 5 workers of 5 for marking
[7,488s][info][gc,marking     ] GC(306) Concurrent Mark From Roots 2,299ms
[7,488s][info][gc,marking     ] GC(306) Concurrent Preclean
[7,488s][info][gc,marking     ] GC(306) Concurrent Preclean 0,012ms
[7,488s][info][gc,start       ] GC(306) Pause Remark
[7,489s][info][gc             ] GC(306) Pause Remark 1917M->1523M(2048M) 0,655ms
[7,489s][info][gc,cpu         ] GC(306) User=0,00s Sys=0,00s Real=0,00s
[7,489s][info][gc,marking     ] GC(306) Concurrent Mark 3,181ms
[7,489s][info][gc,marking     ] GC(306) Concurrent Rebuild Remembered Sets and Scrub Regions
[7,491s][info][gc,marking     ] GC(306) Concurrent Rebuild Remembered Sets and Scrub Regions 1,891ms
[7,491s][info][gc,start       ] GC(306) Pause Cleanup
[7,492s][info][gc             ] GC(306) Pause Cleanup 1555M->1555M(2048M) 0,802ms
[7,492s][info][gc,cpu         ] GC(306) User=0,00s Sys=0,00s Real=0,00s
[7,492s][info][gc,marking     ] GC(306) Concurrent Clear Claimed Marks
[7,492s][info][gc,marking     ] GC(306) Concurrent Clear Claimed Marks 0,053ms
[7,492s][info][gc,marking     ] GC(306) Concurrent Cleanup for Next Mark
[7,493s][info][gc,marking     ] GC(306) Concurrent Cleanup for Next Mark 1,635ms
[7,493s][info][gc             ] GC(306) Concurrent Mark Cycle 7,964ms
[7,495s][info][gc,start       ] GC(307) Pause Young (Prepare Mixed) (G1 Evacuation Pause)
[7,495s][info][gc,task        ] GC(307) Using 18 workers of 18 for evacuation
[7,505s][info][gc,phases      ] GC(307)   Pre Evacuate Collection Set: 0,2ms
[7,505s][info][gc,phases      ] GC(307)   Merge Heap Roots: 0,1ms
[7,505s][info][gc,phases      ] GC(307)   Evacuate Collection Set: 9,4ms
[7,505s][info][gc,phases      ] GC(307)   Post Evacuate Collection Set: 0,4ms
[7,505s][info][gc,phases      ] GC(307)   Other: 0,1ms
[7,505s][info][gc,heap        ] GC(307) Eden regions: 44->0(89)
[7,505s][info][gc,heap        ] GC(307) Survivor regions: 7->7(7)
[7,505s][info][gc,heap        ] GC(307) Old regions: 746->789
[7,505s][info][gc,heap        ] GC(307) Humongous regions: 0->0
[7,505s][info][gc,metaspace   ] GC(307) Metaspace: 80K(320K)->80K(320K) NonClass: 77K(192K)->77K(192K) Class: 3K(128K)->3K(128K)
[7,505s][info][gc             ] GC(307) Pause Young (Prepare Mixed) (G1 Evacuation Pause) 1592M->1591M(2048M) 10,478ms
[7,505s][info][gc,cpu         ] GC(307) User=0,16s Sys=0,00s Real=0,02s
[7,517s][info][gc,start       ] GC(308) Pause Young (Mixed) (G1 Evacuation Pause)
[7,517s][info][gc,task        ] GC(308) Using 18 workers of 18 for evacuation
[7,538s][info][gc,phases      ] GC(308)   Pre Evacuate Collection Set: 0,3ms
[7,538s][info][gc,phases      ] GC(308)   Merge Heap Roots: 0,1ms
[7,538s][info][gc,phases      ] GC(308)   Evacuate Collection Set: 19,9ms
[7,538s][info][gc,phases      ] GC(308)   Post Evacuate Collection Set: 0,4ms
[7,538s][info][gc,phases      ] GC(308)   Other: 0,1ms
[7,538s][info][gc,heap        ] GC(308) Eden regions: 89->0(84)
[7,538s][info][gc,heap        ] GC(308) Survivor regions: 7->12(12)
[7,538s][info][gc,heap        ] GC(308) Old regions: 789->790
[7,538s][info][gc,heap        ] GC(308) Humongous regions: 0->0
[7,538s][info][gc,metaspace   ] GC(308) Metaspace: 80K(320K)->80K(320K) NonClass: 77K(192K)->77K(192K) Class: 3K(128K)->3K(128K)
[7,538s][info][gc             ] GC(308) Pause Young (Mixed) (G1 Evacuation Pause) 1769M->1602M(2048M) 21,122ms
[7,538s][info][gc,cpu         ] GC(308) User=0,35s Sys=0,00s Real=0,02s
[7,548s][info][gc,start       ] GC(309) Pause Young (Mixed) (G1 Evacuation Pause)
[7,548s][info][gc,task        ] GC(309) Using 18 workers of 18 for evacuation
[7,571s][info][gc,phases      ] GC(309)   Pre Evacuate Collection Set: 0,3ms
[7,571s][info][gc,phases      ] GC(309)   Merge Heap Roots: 0,1ms
[7,571s][info][gc,phases      ] GC(309)   Evacuate Collection Set: 22,0ms
[7,571s][info][gc,phases      ] GC(309)   Post Evacuate Collection Set: 0,3ms
[7,571s][info][gc,phases      ] GC(309)   Other: 0,1ms
[7,571s][info][gc,heap        ] GC(309) Eden regions: 84->0(78)
[7,571s][info][gc,heap        ] GC(309) Survivor regions: 12->12(12)
[7,571s][info][gc,heap        ] GC(309) Old regions: 790->801
[7,571s][info][gc,heap        ] GC(309) Humongous regions: 0->0
[7,571s][info][gc,metaspace   ] GC(309) Metaspace: 80K(320K)->80K(320K) NonClass: 77K(192K)->77K(192K) Class: 3K(128K)->3K(128K)
[7,571s][info][gc             ] GC(309) Pause Young (Mixed) (G1 Evacuation Pause) 1770M->1625M(2048M) 23,034ms
[7,571s][info][gc,cpu         ] GC(309) User=0,39s Sys=0,01s Real=0,02s
[7,581s][info][gc,start       ] GC(310) Pause Young (Mixed) (G1 Evacuation Pause)
[7,581s][info][gc,task        ] GC(310) Using 18 workers of 18 for evacuation
[7,605s][info][gc,phases      ] GC(310)   Pre Evacuate Collection Set: 0,2ms
[7,605s][info][gc,phases      ] GC(310)   Merge Heap Roots: 0,1ms
[7,605s][info][gc,phases      ] GC(310)   Evacuate Collection Set: 22,9ms
[7,605s][info][gc,phases      ] GC(310)   Post Evacuate Collection Set: 0,4ms
[7,605s][info][gc,phases      ] GC(310)   Other: 0,1ms
[7,605s][info][gc,heap        ] GC(310) Eden regions: 78->0(59)
[7,605s][info][gc,heap        ] GC(310) Survivor regions: 12->12(12)
[7,605s][info][gc,heap        ] GC(310) Old regions: 801->858
[7,605s][info][gc,heap        ] GC(310) Humongous regions: 0->0
[7,605s][info][gc,metaspace   ] GC(310) Metaspace: 80K(320K)->80K(320K) NonClass: 77K(192K)->77K(192K) Class: 3K(128K)->3K(128K)
[7,605s][info][gc             ] GC(310) Pause Young (Mixed) (G1 Evacuation Pause) (Evacuation Failure) 1780M->1740M(2048M) 23,872ms
[7,605s][info][gc,cpu         ] GC(310) User=0,41s Sys=0,00s Real=0,03s
[7,612s][info][gc,start       ] GC(311) Pause Young (Mixed) (G1 Evacuation Pause)
[7,612s][info][gc,task        ] GC(311) Using 18 workers of 18 for evacuation
[7,629s][info][gc,phases      ] GC(311)   Pre Evacuate Collection Set: 0,2ms
[7,629s][info][gc,phases      ] GC(311)   Merge Heap Roots: 0,1ms
[7,629s][info][gc,phases      ] GC(311)   Evacuate Collection Set: 16,4ms
[7,629s][info][gc,phases      ] GC(311)   Post Evacuate Collection Set: 0,4ms
[7,629s][info][gc,phases      ] GC(311)   Other: 0,1ms
[7,629s][info][gc,heap        ] GC(311) Eden regions: 59->0(57)
[7,629s][info][gc,heap        ] GC(311) Survivor regions: 12->9(9)
[7,629s][info][gc,heap        ] GC(311) Old regions: 858->876
[7,629s][info][gc,heap        ] GC(311) Humongous regions: 0->0
[7,629s][info][gc,metaspace   ] GC(311) Metaspace: 80K(320K)->80K(320K) NonClass: 77K(192K)->77K(192K) Class: 3K(128K)->3K(128K)
[7,629s][info][gc             ] GC(311) Pause Young (Mixed) (G1 Evacuation Pause) (Evacuation Failure) 1857M->1770M(2048M) 17,362ms
[7,629s][info][gc,cpu         ] GC(311) User=0,30s Sys=0,00s Real=0,02s
[7,636s][info][gc,start       ] GC(312) Pause Young (Mixed) (G1 Evacuation Pause)
[7,636s][info][gc,task        ] GC(312) Using 18 workers of 18 for evacuation
[7,651s][info][gc,phases      ] GC(312)   Pre Evacuate Collection Set: 0,2ms
[7,651s][info][gc,phases      ] GC(312)   Merge Heap Roots: 0,1ms
[7,651s][info][gc,phases      ] GC(312)   Evacuate Collection Set: 14,2ms
[7,651s][info][gc,phases      ] GC(312)   Post Evacuate Collection Set: 0,4ms
[7,651s][info][gc,phases      ] GC(312)   Other: 0,1ms
[7,651s][info][gc,heap        ] GC(312) Eden regions: 57->0(55)
[7,651s][info][gc,heap        ] GC(312) Survivor regions: 9->9(9)
[7,651s][info][gc,heap        ] GC(312) Old regions: 876->887
[7,651s][info][gc,heap        ] GC(312) Humongous regions: 0->0
[7,651s][info][gc,metaspace   ] GC(312) Metaspace: 80K(320K)->80K(320K) NonClass: 77K(192K)->77K(192K) Class: 3K(128K)->3K(128K)
[7,651s][info][gc             ] GC(312) Pause Young (Mixed) (G1 Evacuation Pause) (Evacuation Failure) 1883M->1792M(2048M) 15,159ms
[7,651s][info][gc,cpu         ] GC(312) User=0,26s Sys=0,01s Real=0,01s
[7,658s][info][gc,start       ] GC(313) Pause Young (Concurrent Start) (G1 Evacuation Pause)
[7,658s][info][gc,task        ] GC(313) Using 18 workers of 18 for evacuation
[7,670s][info][gc,phases      ] GC(313)   Pre Evacuate Collection Set: 0,3ms
[7,670s][info][gc,phases      ] GC(313)   Merge Heap Roots: 0,0ms
[7,670s][info][gc,phases      ] GC(313)   Evacuate Collection Set: 11,2ms
[7,670s][info][gc,phases      ] GC(313)   Post Evacuate Collection Set: 0,2ms
[7,670s][info][gc,phases      ] GC(313)   Other: 0,1ms
[7,670s][info][gc,heap        ] GC(313) Eden regions: 55->0(43)
[7,670s][info][gc,heap        ] GC(313) Survivor regions: 9->8(8)
[7,670s][info][gc,heap        ] GC(313) Old regions: 887->943
[7,670s][info][gc,heap        ] GC(313) Humongous regions: 0->0
[7,670s][info][gc,metaspace   ] GC(313) Metaspace: 80K(320K)->80K(320K) NonClass: 77K(192K)->77K(192K) Class: 3K(128K)->3K(128K)
[7,670s][info][gc             ] GC(313) Pause Young (Concurrent Start) (G1 Evacuation Pause) 1901M->1901M(2048M) 11,974ms
[7,670s][info][gc,cpu         ] GC(313) User=0,20s Sys=0,00s Real=0,01s
[7,670s][info][gc             ] GC(314) Concurrent Mark Cycle
[7,670s][info][gc,marking     ] GC(314) Concurrent Scan Root Regions
[7,670s][info][gc,marking     ] GC(314) Concurrent Scan Root Regions 0,055ms
[7,670s][info][gc,marking     ] GC(314) Concurrent Mark
[7,670s][info][gc,marking     ] GC(314) Concurrent Mark From Roots
[7,670s][info][gc,task        ] GC(314) Using 5 workers of 5 for marking
[7,673s][info][gc,marking     ] GC(314) Concurrent Mark From Roots 2,254ms
[7,673s][info][gc,marking     ] GC(314) Concurrent Preclean
[7,673s][info][gc,marking     ] GC(314) Concurrent Preclean 0,012ms
[7,673s][info][gc,start       ] GC(314) Pause Remark
[7,673s][info][gc             ] GC(314) Pause Remark 1923M->1499M(2048M) 0,590ms
[7,673s][info][gc,cpu         ] GC(314) User=0,00s Sys=0,00s Real=0,00s
[7,673s][info][gc,marking     ] GC(314) Concurrent Mark 3,086ms
[7,673s][info][gc,marking     ] GC(314) Concurrent Rebuild Remembered Sets and Scrub Regions
[7,676s][info][gc,marking     ] GC(314) Concurrent Rebuild Remembered Sets and Scrub Regions 2,726ms
[7,676s][info][gc,start       ] GC(314) Pause Cleanup
[7,677s][info][gc             ] GC(314) Pause Cleanup 1544M->1544M(2048M) 0,725ms
[7,677s][info][gc,cpu         ] GC(314) User=0,00s Sys=0,00s Real=0,00s
[7,677s][info][gc,marking     ] GC(314) Concurrent Clear Claimed Marks
[7,677s][info][gc,marking     ] GC(314) Concurrent Clear Claimed Marks 0,026ms
[7,677s][info][gc,marking     ] GC(314) Concurrent Cleanup for Next Mark
[7,679s][info][gc,marking     ] GC(314) Concurrent Cleanup for Next Mark 1,622ms
[7,679s][info][gc             ] GC(314) Concurrent Mark Cycle 8,584ms
[7,679s][info][gc,start       ] GC(315) Pause Young (Prepare Mixed) (G1 Evacuation Pause)
[7,679s][info][gc,task        ] GC(315) Using 18 workers of 18 for evacuation
[7,689s][info][gc,phases      ] GC(315)   Pre Evacuate Collection Set: 0,2ms
[7,689s][info][gc,phases      ] GC(315)   Merge Heap Roots: 0,0ms
[7,689s][info][gc,phases      ] GC(315)   Evacuate Collection Set: 9,2ms
[7,689s][info][gc,phases      ] GC(315)   Post Evacuate Collection Set: 0,3ms
[7,689s][info][gc,phases      ] GC(315)   Other: 0,1ms
[7,689s][info][gc,heap        ] GC(315) Eden regions: 43->0(97)
[7,689s][info][gc,heap        ] GC(315) Survivor regions: 8->7(7)
[7,689s][info][gc,heap        ] GC(315) Old regions: 731->775
[7,689s][info][gc,heap        ] GC(315) Humongous regions: 0->0
[7,689s][info][gc,metaspace   ] GC(315) Metaspace: 80K(320K)->80K(320K) NonClass: 77K(192K)->77K(192K) Class: 3K(128K)->3K(128K)
[7,689s][info][gc             ] GC(315) Pause Young (Prepare Mixed) (G1 Evacuation Pause) 1562M->1562M(2048M) 10,060ms
[7,689s][info][gc,cpu         ] GC(315) User=0,16s Sys=0,00s Real=0,01s
[7,701s][info][gc,start       ] GC(316) Pause Young (Mixed) (G1 Evacuation Pause)
[7,701s][info][gc,task        ] GC(316) Using 18 workers of 18 for evacuation
[7,725s][info][gc,phases      ] GC(316)   Pre Evacuate Collection Set: 0,3ms
[7,725s][info][gc,phases      ] GC(316)   Merge Heap Roots: 0,1ms
[7,725s][info][gc,phases      ] GC(316)   Evacuate Collection Set: 23,4ms
[7,725s][info][gc,phases      ] GC(316)   Post Evacuate Collection Set: 0,3ms
[7,725s][info][gc,phases      ] GC(316)   Other: 0,1ms
[7,725s][info][gc,heap        ] GC(316) Eden regions: 97->0(82)
[7,725s][info][gc,heap        ] GC(316) Survivor regions: 7->13(13)
[7,725s][info][gc,heap        ] GC(316) Old regions: 775->795
[7,725s][info][gc,heap        ] GC(316) Humongous regions: 0->0
[7,725s][info][gc,metaspace   ] GC(316) Metaspace: 80K(320K)->80K(320K) NonClass: 77K(192K)->77K(192K) Class: 3K(128K)->3K(128K)
[7,725s][info][gc             ] GC(316) Pause Young (Mixed) (G1 Evacuation Pause) 1756M->1615M(2048M) 24,402ms
[7,726s][info][gc,cpu         ] GC(316) User=0,42s Sys=0,00s Real=0,03s
[7,736s][info][gc,start       ] GC(317) Pause Young (Mixed) (G1 Evacuation Pause)
[7,736s][info][gc,task        ] GC(317) Using 18 workers of 18 for evacuation
[7,760s][info][gc,phases      ] GC(317)   Pre Evacuate Collection Set: 0,2ms
[7,760s][info][gc,phases      ] GC(317)   Merge Heap Roots: 0,1ms
[7,760s][info][gc,phases      ] GC(317)   Evacuate Collection Set: 23,0ms
[7,760s][info][gc,phases      ] GC(317)   Post Evacuate Collection Set: 0,4ms
[7,760s][info][gc,phases      ] GC(317)   Other: 0,1ms
[7,760s][info][gc,heap        ] GC(317) Eden regions: 82->0(66)
[7,760s][info][gc,heap        ] GC(317) Survivor regions: 13->12(12)
[7,760s][info][gc,heap        ] GC(317) Old regions: 795->834
[7,760s][info][gc,heap        ] GC(317) Humongous regions: 0->0
[7,760s][info][gc,metaspace   ] GC(317) Metaspace: 80K(320K)->80K(320K) NonClass: 77K(192K)->77K(192K) Class: 3K(128K)->3K(128K)
[7,760s][info][gc             ] GC(317) Pause Young (Mixed) (G1 Evacuation Pause) (Evacuation Failure) 1778M->1692M(2048M) 23,924ms
[7,760s][info][gc,cpu         ] GC(317) User=0,41s Sys=0,00s Real=0,02s
[7,768s][info][gc,start       ] GC(318) Pause Young (Mixed) (G1 Evacuation Pause)
[7,768s][info][gc,task        ] GC(318) Using 18 workers of 18 for evacuation
[7,788s][info][gc,phases      ] GC(318)   Pre Evacuate Collection Set: 0,2ms
[7,788s][info][gc,phases      ] GC(318)   Merge Heap Roots: 0,1ms
[7,788s][info][gc,phases      ] GC(318)   Evacuate Collection Set: 19,3ms
[7,788s][info][gc,phases      ] GC(318)   Post Evacuate Collection Set: 0,3ms
[7,788s][info][gc,phases      ] GC(318)   Other: 0,1ms
[7,788s][info][gc,heap        ] GC(318) Eden regions: 66->0(63)
[7,788s][info][gc,heap        ] GC(318) Survivor regions: 12->10(10)
[7,788s][info][gc,heap        ] GC(318) Old regions: 834->843
[7,788s][info][gc,heap        ] GC(318) Humongous regions: 0->0
[7,788s][info][gc,metaspace   ] GC(318) Metaspace: 80K(320K)->80K(320K) NonClass: 77K(192K)->77K(192K) Class: 3K(128K)->3K(128K)
[7,788s][info][gc             ] GC(318) Pause Young (Mixed) (G1 Evacuation Pause) (Evacuation Failure) 1823M->1706M(2048M) 20,265ms
[7,788s][info][gc,cpu         ] GC(318) User=0,35s Sys=0,00s Real=0,02s
[7,796s][info][gc,start       ] GC(319) Pause Young (Mixed) (G1 Evacuation Pause)
[7,796s][info][gc,task        ] GC(319) Using 18 workers of 18 for evacuation
[7,815s][info][gc,phases      ] GC(319)   Pre Evacuate Collection Set: 0,2ms
[7,815s][info][gc,phases      ] GC(319)   Merge Heap Roots: 0,1ms
[7,815s][info][gc,phases      ] GC(319)   Evacuate Collection Set: 18,6ms
[7,815s][info][gc,phases      ] GC(319)   Post Evacuate Collection Set: 0,3ms
[7,815s][info][gc,phases      ] GC(319)   Other: 0,1ms
[7,815s][info][gc,heap        ] GC(319) Eden regions: 63->0(60)
[7,815s][info][gc,heap        ] GC(319) Survivor regions: 10->10(10)
[7,815s][info][gc,heap        ] GC(319) Old regions: 843->856
[7,815s][info][gc,heap        ] GC(319) Humongous regions: 0->0
[7,815s][info][gc,metaspace   ] GC(319) Metaspace: 80K(320K)->80K(320K) NonClass: 77K(192K)->77K(192K) Class: 3K(128K)->3K(128K)
[7,815s][info][gc             ] GC(319) Pause Young (Mixed) (G1 Evacuation Pause) (Evacuation Failure) 1831M->1732M(2048M) 19,548ms
[7,815s][info][gc,cpu         ] GC(319) User=0,34s Sys=0,00s Real=0,02s
[7,823s][info][gc,start       ] GC(320) Pause Young (Mixed) (G1 Evacuation Pause)
[7,823s][info][gc,task        ] GC(320) Using 18 workers of 18 for evacuation
[7,838s][info][gc,phases      ] GC(320)   Pre Evacuate Collection Set: 0,3ms
[7,838s][info][gc,phases      ] GC(320)   Merge Heap Roots: 0,1ms
[7,838s][info][gc,phases      ] GC(320)   Evacuate Collection Set: 14,9ms
[7,838s][info][gc,phases      ] GC(320)   Post Evacuate Collection Set: 0,2ms
[7,838s][info][gc,phases      ] GC(320)   Other: 0,1ms
[7,838s][info][gc,heap        ] GC(320) Eden regions: 60->0(56)
[7,838s][info][gc,heap        ] GC(320) Survivor regions: 10->9(9)
[7,838s][info][gc,heap        ] GC(320) Old regions: 856->865
[7,838s][info][gc,heap        ] GC(320) Humongous regions: 0->0
[7,838s][info][gc,metaspace   ] GC(320) Metaspace: 80K(320K)->80K(320K) NonClass: 77K(192K)->77K(192K) Class: 3K(128K)->3K(128K)
[7,838s][info][gc             ] GC(320) Pause Young (Mixed) (G1 Evacuation Pause) 1851M->1747M(2048M) 15,780ms
[7,838s][info][gc,cpu         ] GC(320) User=0,26s Sys=0,00s Real=0,02s
[7,845s][info][gc,start       ] GC(321) Pause Young (Concurrent Start) (G1 Evacuation Pause)
[7,845s][info][gc,task        ] GC(321) Using 18 workers of 18 for evacuation
[7,857s][info][gc,phases      ] GC(321)   Pre Evacuate Collection Set: 0,3ms
[7,857s][info][gc,phases      ] GC(321)   Merge Heap Roots: 0,1ms
[7,857s][info][gc,phases      ] GC(321)   Evacuate Collection Set: 11,4ms
[7,857s][info][gc,phases      ] GC(321)   Post Evacuate Collection Set: 0,2ms
[7,857s][info][gc,phases      ] GC(321)   Other: 0,1ms
[7,857s][info][gc,heap        ] GC(321) Eden regions: 56->0(42)
[7,857s][info][gc,heap        ] GC(321) Survivor regions: 9->9(9)
[7,857s][info][gc,heap        ] GC(321) Old regions: 865->921
[7,857s][info][gc,heap        ] GC(321) Humongous regions: 0->0
[7,857s][info][gc,metaspace   ] GC(321) Metaspace: 80K(320K)->80K(320K) NonClass: 77K(192K)->77K(192K) Class: 3K(128K)->3K(128K)
[7,858s][info][gc             ] GC(321) Pause Young (Concurrent Start) (G1 Evacuation Pause) 1858M->1858M(2048M) 12,347ms
[7,858s][info][gc             ] GC(322) Concurrent Mark Cycle
[7,858s][info][gc,marking     ] GC(322) Concurrent Scan Root Regions
[7,858s][info][gc,cpu         ] GC(321) User=0,20s Sys=0,00s Real=0,01s
[7,858s][info][gc,marking     ] GC(322) Concurrent Scan Root Regions 0,052ms
[7,858s][info][gc,marking     ] GC(322) Concurrent Mark
[7,858s][info][gc,marking     ] GC(322) Concurrent Mark From Roots
[7,858s][info][gc,task        ] GC(322) Using 5 workers of 5 for marking
[7,861s][info][gc,marking     ] GC(322) Concurrent Mark From Roots 2,961ms
[7,861s][info][gc,marking     ] GC(322) Concurrent Preclean
[7,861s][info][gc,marking     ] GC(322) Concurrent Preclean 0,012ms
[7,861s][info][gc,start       ] GC(322) Pause Remark
[7,862s][info][gc             ] GC(322) Pause Remark 1885M->1571M(2048M) 0,732ms
[7,862s][info][gc,cpu         ] GC(322) User=0,00s Sys=0,00s Real=0,00s
[7,862s][info][gc,marking     ] GC(322) Concurrent Mark 3,968ms
[7,862s][info][gc,marking     ] GC(322) Concurrent Rebuild Remembered Sets and Scrub Regions
[7,864s][info][gc,marking     ] GC(322) Concurrent Rebuild Remembered Sets and Scrub Regions 2,069ms
[7,864s][info][gc,start       ] GC(322) Pause Cleanup
[7,864s][info][gc             ] GC(322) Pause Cleanup 1607M->1607M(2048M) 0,607ms
[7,865s][info][gc,cpu         ] GC(322) User=0,00s Sys=0,00s Real=0,00s
[7,865s][info][gc,marking     ] GC(322) Concurrent Clear Claimed Marks
[7,865s][info][gc,marking     ] GC(322) Concurrent Clear Claimed Marks 0,029ms
[7,865s][info][gc,marking     ] GC(322) Concurrent Cleanup for Next Mark
[7,866s][info][gc,marking     ] GC(322) Concurrent Cleanup for Next Mark 1,746ms
[7,866s][info][gc             ] GC(322) Concurrent Mark Cycle 8,856ms
[7,867s][info][gc,start       ] GC(323) Pause Young (Prepare Mixed) (G1 Evacuation Pause)
[7,867s][info][gc,task        ] GC(323) Using 18 workers of 18 for evacuation
[7,877s][info][gc,phases      ] GC(323)   Pre Evacuate Collection Set: 0,2ms
[7,877s][info][gc,phases      ] GC(323)   Merge Heap Roots: 0,1ms
[7,877s][info][gc,phases      ] GC(323)   Evacuate Collection Set: 9,2ms
[7,877s][info][gc,phases      ] GC(323)   Post Evacuate Collection Set: 0,4ms
[7,877s][info][gc,phases      ] GC(323)   Other: 0,1ms
[7,877s][info][gc,heap        ] GC(323) Eden regions: 42->0(80)
[7,877s][info][gc,heap        ] GC(323) Survivor regions: 9->7(7)
[7,877s][info][gc,heap        ] GC(323) Old regions: 764->807
[7,877s][info][gc,heap        ] GC(323) Humongous regions: 0->0
[7,877s][info][gc,metaspace   ] GC(323) Metaspace: 80K(320K)->80K(320K) NonClass: 77K(192K)->77K(192K) Class: 3K(128K)->3K(128K)
[7,877s][info][gc             ] GC(323) Pause Young (Prepare Mixed) (G1 Evacuation Pause) 1628M->1627M(2048M) 10,054ms
[7,877s][info][gc,cpu         ] GC(323) User=0,16s Sys=0,00s Real=0,01s
[7,887s][info][gc,start       ] GC(324) Pause Young (Mixed) (G1 Evacuation Pause)
[7,887s][info][gc,task        ] GC(324) Using 18 workers of 18 for evacuation
[7,907s][info][gc,phases      ] GC(324)   Pre Evacuate Collection Set: 0,3ms
[7,907s][info][gc,phases      ] GC(324)   Merge Heap Roots: 0,1ms
[7,907s][info][gc,phases      ] GC(324)   Evacuate Collection Set: 19,6ms
[7,907s][info][gc,phases      ] GC(324)   Post Evacuate Collection Set: 0,3ms
[7,907s][info][gc,phases      ] GC(324)   Other: 0,1ms
[7,907s][info][gc,heap        ] GC(324) Eden regions: 80->0(77)
[7,907s][info][gc,heap        ] GC(324) Survivor regions: 7->11(11)
[7,907s][info][gc,heap        ] GC(324) Old regions: 807->807
[7,907s][info][gc,heap        ] GC(324) Humongous regions: 0->0
[7,907s][info][gc,metaspace   ] GC(324) Metaspace: 80K(320K)->80K(320K) NonClass: 77K(192K)->77K(192K) Class: 3K(128K)->3K(128K)
[7,907s][info][gc             ] GC(324) Pause Young (Mixed) (G1 Evacuation Pause) 1787M->1635M(2048M) 20,697ms
[7,907s][info][gc,cpu         ] GC(324) User=0,35s Sys=0,00s Real=0,02s
[7,917s][info][gc,start       ] GC(325) Pause Young (Mixed) (G1 Evacuation Pause)
[7,917s][info][gc,task        ] GC(325) Using 18 workers of 18 for evacuation
[7,940s][info][gc,phases      ] GC(325)   Pre Evacuate Collection Set: 0,3ms
[7,940s][info][gc,phases      ] GC(325)   Merge Heap Roots: 0,1ms
[7,940s][info][gc,phases      ] GC(325)   Evacuate Collection Set: 22,3ms
[7,940s][info][gc,phases      ] GC(325)   Post Evacuate Collection Set: 0,3ms
[7,940s][info][gc,phases      ] GC(325)   Other: 0,1ms
[7,940s][info][gc,heap        ] GC(325) Eden regions: 77->0(68)
[7,940s][info][gc,heap        ] GC(325) Survivor regions: 11->11(11)
[7,940s][info][gc,heap        ] GC(325) Old regions: 807->828
[7,940s][info][gc,heap        ] GC(325) Humongous regions: 0->0
[7,940s][info][gc,metaspace   ] GC(325) Metaspace: 80K(320K)->80K(320K) NonClass: 77K(192K)->77K(192K) Class: 3K(128K)->3K(128K)
[7,940s][info][gc             ] GC(325) Pause Young (Mixed) (G1 Evacuation Pause) (Evacuation Failure) 1789M->1678M(2048M) 23,301ms
[7,940s][info][gc,cpu         ] GC(325) User=0,40s Sys=0,00s Real=0,02s
[7,948s][info][gc,start       ] GC(326) Pause Young (Mixed) (G1 Evacuation Pause)
[7,949s][info][gc,task        ] GC(326) Using 18 workers of 18 for evacuation
[7,970s][info][gc,phases      ] GC(326)   Pre Evacuate Collection Set: 0,3ms
[7,970s][info][gc,phases      ] GC(326)   Merge Heap Roots: 0,1ms
[7,970s][info][gc,phases      ] GC(326)   Evacuate Collection Set: 20,2ms
[7,970s][info][gc,phases      ] GC(326)   Post Evacuate Collection Set: 0,3ms
[7,970s][info][gc,phases      ] GC(326)   Other: 0,1ms
[7,970s][info][gc,heap        ] GC(326) Eden regions: 68->0(64)
[7,970s][info][gc,heap        ] GC(326) Survivor regions: 11->10(10)
[7,970s][info][gc,heap        ] GC(326) Old regions: 828->843
[7,970s][info][gc,heap        ] GC(326) Humongous regions: 0->0
[7,970s][info][gc,metaspace   ] GC(326) Metaspace: 80K(320K)->80K(320K) NonClass: 77K(192K)->77K(192K) Class: 3K(128K)->3K(128K)
[7,970s][info][gc             ] GC(326) Pause Young (Mixed) (G1 Evacuation Pause) (Evacuation Failure) 1813M->1706M(2048M) 21,139ms
[7,970s][info][gc,cpu         ] GC(326) User=0,36s Sys=0,01s Real=0,02s
[7,977s][info][gc,start       ] GC(327) Pause Young (Mixed) (G1 Evacuation Pause)
[7,978s][info][gc,task        ] GC(327) Using 18 workers of 18 for evacuation
[7,997s][info][gc,phases      ] GC(327)   Pre Evacuate Collection Set: 0,2ms
[7,997s][info][gc,phases      ] GC(327)   Merge Heap Roots: 0,1ms
[7,997s][info][gc,phases      ] GC(327)   Evacuate Collection Set: 18,5ms
[7,997s][info][gc,phases      ] GC(327)   Post Evacuate Collection Set: 0,4ms
[7,997s][info][gc,phases      ] GC(327)   Other: 0,1ms
[7,997s][info][gc,heap        ] GC(327) Eden regions: 64->0(60)
[7,997s][info][gc,heap        ] GC(327) Survivor regions: 10->10(10)
[7,997s][info][gc,heap        ] GC(327) Old regions: 843->859
[7,997s][info][gc,heap        ] GC(327) Humongous regions: 0->0
[7,997s][info][gc,metaspace   ] GC(327) Metaspace: 80K(320K)->80K(320K) NonClass: 77K(192K)->77K(192K) Class: 3K(128K)->3K(128K)
[7,997s][info][gc             ] GC(327) Pause Young (Mixed) (G1 Evacuation Pause) (Evacuation Failure) 1833M->1738M(2048M) 19,447ms
[7,997s][info][gc,cpu         ] GC(327) User=0,33s Sys=0,00s Real=0,02s
[8,004s][info][gc,start       ] GC(328) Pause Young (Mixed) (G1 Evacuation Pause)
[8,004s][info][gc,task        ] GC(328) Using 18 workers of 18 for evacuation
[8,021s][info][gc,phases      ] GC(328)   Pre Evacuate Collection Set: 0,2ms
[8,021s][info][gc,phases      ] GC(328)   Merge Heap Roots: 0,1ms
[8,022s][info][gc,phases      ] GC(328)   Evacuate Collection Set: 16,4ms
[8,022s][info][gc,phases      ] GC(328)   Post Evacuate Collection Set: 0,3ms
[8,022s][info][gc,phases      ] GC(328)   Other: 0,1ms
[8,022s][info][gc,heap        ] GC(328) Eden regions: 60->0(59)
[8,022s][info][gc,heap        ] GC(328) Survivor regions: 10->9(9)
[8,022s][info][gc,heap        ] GC(328) Old regions: 859->867
[8,022s][info][gc,heap        ] GC(328) Humongous regions: 0->0
[8,022s][info][gc,metaspace   ] GC(328) Metaspace: 80K(320K)->80K(320K) NonClass: 77K(192K)->77K(192K) Class: 3K(128K)->3K(128K)
[8,022s][info][gc             ] GC(328) Pause Young (Mixed) (G1 Evacuation Pause) (Evacuation Failure) 1857M->1752M(2048M) 17,295ms
[8,022s][info][gc,cpu         ] GC(328) User=0,29s Sys=0,00s Real=0,02s
[8,029s][info][gc,start       ] GC(329) Pause Young (Concurrent Start) (G1 Evacuation Pause)
[8,029s][info][gc,task        ] GC(329) Using 18 workers of 18 for evacuation
[8,041s][info][gc,phases      ] GC(329)   Pre Evacuate Collection Set: 0,2ms
[8,041s][info][gc,phases      ] GC(329)   Merge Heap Roots: 0,0ms
[8,041s][info][gc,phases      ] GC(329)   Evacuate Collection Set: 11,9ms
[8,041s][info][gc,phases      ] GC(329)   Post Evacuate Collection Set: 0,2ms
[8,041s][info][gc,phases      ] GC(329)   Other: 0,1ms
[8,041s][info][gc,heap        ] GC(329) Eden regions: 59->0(42)
[8,041s][info][gc,heap        ] GC(329) Survivor regions: 9->9(9)
[8,041s][info][gc,heap        ] GC(329) Old regions: 867->926
[8,041s][info][gc,heap        ] GC(329) Humongous regions: 0->0
[8,041s][info][gc,metaspace   ] GC(329) Metaspace: 80K(320K)->80K(320K) NonClass: 77K(192K)->77K(192K) Class: 3K(128K)->3K(128K)
[8,041s][info][gc             ] GC(329) Pause Young (Concurrent Start) (G1 Evacuation Pause) 1869M->1869M(2048M) 12,605ms
[8,041s][info][gc,cpu         ] GC(329) User=0,21s Sys=0,00s Real=0,01s
[8,041s][info][gc             ] GC(330) Concurrent Mark Cycle
[8,041s][info][gc,marking     ] GC(330) Concurrent Scan Root Regions
[8,041s][info][gc,marking     ] GC(330) Concurrent Scan Root Regions 0,044ms
[8,041s][info][gc,marking     ] GC(330) Concurrent Mark
[8,041s][info][gc,marking     ] GC(330) Concurrent Mark From Roots
[8,041s][info][gc,task        ] GC(330) Using 5 workers of 5 for marking
[8,044s][info][gc,marking     ] GC(330) Concurrent Mark From Roots 2,527ms
[8,044s][info][gc,marking     ] GC(330) Concurrent Preclean
[8,044s][info][gc,marking     ] GC(330) Concurrent Preclean 0,013ms
[8,044s][info][gc,start       ] GC(330) Pause Remark
[8,045s][info][gc             ] GC(330) Pause Remark 1893M->1489M(2048M) 0,566ms
[8,045s][info][gc,cpu         ] GC(330) User=0,00s Sys=0,00s Real=0,00s
[8,045s][info][gc,marking     ] GC(330) Concurrent Mark 3,299ms
[8,045s][info][gc,marking     ] GC(330) Concurrent Rebuild Remembered Sets and Scrub Regions
[8,046s][info][gc,marking     ] GC(330) Concurrent Rebuild Remembered Sets and Scrub Regions 1,501ms
[8,046s][info][gc,start       ] GC(330) Pause Cleanup
[8,047s][info][gc             ] GC(330) Pause Cleanup 1514M->1514M(2048M) 0,469ms
[8,047s][info][gc,cpu         ] GC(330) User=0,00s Sys=0,00s Real=0,00s
[8,047s][info][gc,marking     ] GC(330) Concurrent Clear Claimed Marks
[8,047s][info][gc,marking     ] GC(330) Concurrent Clear Claimed Marks 0,029ms
[8,047s][info][gc,marking     ] GC(330) Concurrent Cleanup for Next Mark
[8,048s][info][gc,marking     ] GC(330) Concurrent Cleanup for Next Mark 1,549ms
[8,049s][info][gc             ] GC(330) Concurrent Mark Cycle 7,164ms
[8,050s][info][gc,start       ] GC(331) Pause Young (Prepare Mixed) (G1 Evacuation Pause)
[8,050s][info][gc,task        ] GC(331) Using 18 workers of 18 for evacuation
[8,060s][info][gc,phases      ] GC(331)   Pre Evacuate Collection Set: 0,2ms
[8,060s][info][gc,phases      ] GC(331)   Merge Heap Roots: 0,0ms
[8,060s][info][gc,phases      ] GC(331)   Evacuate Collection Set: 9,2ms
[8,060s][info][gc,phases      ] GC(331)   Post Evacuate Collection Set: 0,3ms
[8,060s][info][gc,phases      ] GC(331)   Other: 0,1ms
[8,060s][info][gc,heap        ] GC(331) Eden regions: 42->0(100)
[8,060s][info][gc,heap        ] GC(331) Survivor regions: 9->7(7)
[8,060s][info][gc,heap        ] GC(331) Old regions: 724->768
[8,060s][info][gc,heap        ] GC(331) Humongous regions: 0->0
[8,060s][info][gc,metaspace   ] GC(331) Metaspace: 80K(320K)->80K(320K) NonClass: 77K(192K)->77K(192K) Class: 3K(128K)->3K(128K)
[8,060s][info][gc             ] GC(331) Pause Young (Prepare Mixed) (G1 Evacuation Pause) 1548M->1548M(2048M) 9,992ms
[8,060s][info][gc,cpu         ] GC(331) User=0,17s Sys=0,00s Real=0,01s
[8,072s][info][gc,start       ] GC(332) Pause Young (Mixed) (G1 Evacuation Pause)
[8,072s][info][gc,task        ] GC(332) Using 18 workers of 18 for evacuation
[8,094s][info][gc,phases      ] GC(332)   Pre Evacuate Collection Set: 0,3ms
[8,094s][info][gc,phases      ] GC(332)   Merge Heap Roots: 0,1ms
[8,094s][info][gc,phases      ] GC(332)   Evacuate Collection Set: 21,1ms
[8,094s][info][gc,phases      ] GC(332)   Post Evacuate Collection Set: 0,3ms
[8,094s][info][gc,phases      ] GC(332)   Other: 0,1ms
[8,094s][info][gc,heap        ] GC(332) Eden regions: 100->0(90)
[8,094s][info][gc,heap        ] GC(332) Survivor regions: 7->14(14)
[8,094s][info][gc,heap        ] GC(332) Old regions: 768->774
[8,094s][info][gc,heap        ] GC(332) Humongous regions: 0->0
[8,094s][info][gc,metaspace   ] GC(332) Metaspace: 80K(320K)->80K(320K) NonClass: 77K(192K)->77K(192K) Class: 3K(128K)->3K(128K)
[8,094s][info][gc             ] GC(332) Pause Young (Mixed) (G1 Evacuation Pause) 1748M->1574M(2048M) 22,051ms
[8,094s][info][gc,cpu         ] GC(332) User=0,38s Sys=0,01s Real=0,02s
[8,105s][info][gc,start       ] GC(333) Pause Young (Mixed) (G1 Evacuation Pause)
[8,105s][info][gc,task        ] GC(333) Using 18 workers of 18 for evacuation
[8,131s][info][gc,phases      ] GC(333)   Pre Evacuate Collection Set: 0,2ms
[8,131s][info][gc,phases      ] GC(333)   Merge Heap Roots: 0,1ms
[8,131s][info][gc,phases      ] GC(333)   Evacuate Collection Set: 25,1ms
[8,131s][info][gc,phases      ] GC(333)   Post Evacuate Collection Set: 0,4ms
[8,131s][info][gc,phases      ] GC(333)   Other: 0,1ms
[8,131s][info][gc,heap        ] GC(333) Eden regions: 90->0(70)
[8,131s][info][gc,heap        ] GC(333) Survivor regions: 14->13(13)
[8,131s][info][gc,heap        ] GC(333) Old regions: 774->831
[8,131s][info][gc,heap        ] GC(333) Humongous regions: 0->0
[8,131s][info][gc,metaspace   ] GC(333) Metaspace: 80K(320K)->80K(320K) NonClass: 77K(192K)->77K(192K) Class: 3K(128K)->3K(128K)
[8,131s][info][gc             ] GC(333) Pause Young (Mixed) (G1 Evacuation Pause) (Evacuation Failure) 1754M->1688M(2048M) 26,107ms
[8,131s][info][gc,cpu         ] GC(333) User=0,45s Sys=0,00s Real=0,02s
[8,140s][info][gc,start       ] GC(334) Pause Young (Mixed) (G1 Evacuation Pause)
[8,140s][info][gc,task        ] GC(334) Using 18 workers of 18 for evacuation
[8,159s][info][gc,phases      ] GC(334)   Pre Evacuate Collection Set: 0,2ms
[8,160s][info][gc,phases      ] GC(334)   Merge Heap Roots: 0,1ms
[8,160s][info][gc,phases      ] GC(334)   Evacuate Collection Set: 19,0ms
[8,160s][info][gc,phases      ] GC(334)   Post Evacuate Collection Set: 0,4ms
[8,160s][info][gc,phases      ] GC(334)   Other: 0,1ms
[8,160s][info][gc,heap        ] GC(334) Eden regions: 70->0(65)
[8,160s][info][gc,heap        ] GC(334) Survivor regions: 13->11(11)
[8,160s][info][gc,heap        ] GC(334) Old regions: 831->851
[8,160s][info][gc,heap        ] GC(334) Humongous regions: 0->0
[8,160s][info][gc,metaspace   ] GC(334) Metaspace: 80K(320K)->80K(320K) NonClass: 77K(192K)->77K(192K) Class: 3K(128K)->3K(128K)
[8,160s][info][gc             ] GC(334) Pause Young (Mixed) (G1 Evacuation Pause) (Evacuation Failure) 1827M->1724M(2048M) 19,986ms
[8,160s][info][gc,cpu         ] GC(334) User=0,34s Sys=0,00s Real=0,02s
[8,168s][info][gc,start       ] GC(335) Pause Young (Mixed) (G1 Evacuation Pause)
[8,168s][info][gc,task        ] GC(335) Using 18 workers of 18 for evacuation
[8,185s][info][gc,phases      ] GC(335)   Pre Evacuate Collection Set: 0,2ms
[8,185s][info][gc,phases      ] GC(335)   Merge Heap Roots: 0,1ms
[8,185s][info][gc,phases      ] GC(335)   Evacuate Collection Set: 16,6ms
[8,185s][info][gc,phases      ] GC(335)   Post Evacuate Collection Set: 0,3ms
[8,185s][info][gc,phases      ] GC(335)   Other: 0,1ms
[8,185s][info][gc,heap        ] GC(335) Eden regions: 65->0(65)
[8,185s][info][gc,heap        ] GC(335) Survivor regions: 11->10(10)
[8,185s][info][gc,heap        ] GC(335) Old regions: 851->854
[8,185s][info][gc,heap        ] GC(335) Humongous regions: 0->0
[8,185s][info][gc,metaspace   ] GC(335) Metaspace: 80K(320K)->80K(320K) NonClass: 77K(192K)->77K(192K) Class: 3K(128K)->3K(128K)
[8,185s][info][gc             ] GC(335) Pause Young (Mixed) (G1 Evacuation Pause) (Evacuation Failure) 1853M->1728M(2048M) 17,564ms
[8,185s][info][gc,cpu         ] GC(335) User=0,30s Sys=0,00s Real=0,02s
[8,193s][info][gc,start       ] GC(336) Pause Young (Mixed) (G1 Evacuation Pause)
[8,193s][info][gc,task        ] GC(336) Using 18 workers of 18 for evacuation
[8,209s][info][gc,phases      ] GC(336)   Pre Evacuate Collection Set: 0,2ms
[8,209s][info][gc,phases      ] GC(336)   Merge Heap Roots: 0,1ms
[8,209s][info][gc,phases      ] GC(336)   Evacuate Collection Set: 14,9ms
[8,209s][info][gc,phases      ] GC(336)   Post Evacuate Collection Set: 0,2ms
[8,209s][info][gc,phases      ] GC(336)   Other: 0,1ms
[8,209s][info][gc,heap        ] GC(336) Eden regions: 65->0(56)
[8,209s][info][gc,heap        ] GC(336) Survivor regions: 10->10(10)
[8,209s][info][gc,heap        ] GC(336) Old regions: 854->871
[8,209s][info][gc,heap        ] GC(336) Humongous regions: 0->0
[8,209s][info][gc,metaspace   ] GC(336) Metaspace: 80K(320K)->80K(320K) NonClass: 77K(192K)->77K(192K) Class: 3K(128K)->3K(128K)
[8,209s][info][gc             ] GC(336) Pause Young (Mixed) (G1 Evacuation Pause) 1857M->1761M(2048M) 15,793ms
[8,209s][info][gc,cpu         ] GC(336) User=0,27s Sys=0,01s Real=0,02s
[8,216s][info][gc,start       ] GC(337) Pause Young (Concurrent Start) (G1 Evacuation Pause)
[8,216s][info][gc,task        ] GC(337) Using 18 workers of 18 for evacuation
[8,228s][info][gc,phases      ] GC(337)   Pre Evacuate Collection Set: 0,3ms
[8,228s][info][gc,phases      ] GC(337)   Merge Heap Roots: 0,2ms
[8,228s][info][gc,phases      ] GC(337)   Evacuate Collection Set: 11,7ms
[8,228s][info][gc,phases      ] GC(337)   Post Evacuate Collection Set: 0,2ms
[8,228s][info][gc,phases      ] GC(337)   Other: 0,1ms
[8,228s][info][gc,heap        ] GC(337) Eden regions: 56->0(42)
[8,228s][info][gc,heap        ] GC(337) Survivor regions: 10->9(9)
[8,228s][info][gc,heap        ] GC(337) Old regions: 871->928
[8,228s][info][gc,heap        ] GC(337) Humongous regions: 0->0
[8,228s][info][gc,metaspace   ] GC(337) Metaspace: 80K(320K)->80K(320K) NonClass: 77K(192K)->77K(192K) Class: 3K(128K)->3K(128K)
[8,228s][info][gc             ] GC(337) Pause Young (Concurrent Start) (G1 Evacuation Pause) 1872M->1872M(2048M) 12,712ms
[8,228s][info][gc,cpu         ] GC(337) User=0,21s Sys=0,00s Real=0,01s
[8,228s][info][gc             ] GC(338) Concurrent Mark Cycle
[8,229s][info][gc,marking     ] GC(338) Concurrent Scan Root Regions
[8,229s][info][gc,marking     ] GC(338) Concurrent Scan Root Regions 0,049ms
[8,229s][info][gc,marking     ] GC(338) Concurrent Mark
[8,229s][info][gc,marking     ] GC(338) Concurrent Mark From Roots
[8,229s][info][gc,task        ] GC(338) Using 5 workers of 5 for marking
[8,231s][info][gc,marking     ] GC(338) Concurrent Mark From Roots 2,450ms
[8,231s][info][gc,marking     ] GC(338) Concurrent Preclean
[8,231s][info][gc,marking     ] GC(338) Concurrent Preclean 0,011ms
[8,231s][info][gc,start       ] GC(338) Pause Remark
[8,232s][info][gc             ] GC(338) Pause Remark 1895M->1565M(2048M) 0,628ms
[8,232s][info][gc,cpu         ] GC(338) User=0,00s Sys=0,00s Real=0,00s
[8,232s][info][gc,marking     ] GC(338) Concurrent Mark 3,309ms
[8,232s][info][gc,marking     ] GC(338) Concurrent Rebuild Remembered Sets and Scrub Regions
[8,234s][info][gc,marking     ] GC(338) Concurrent Rebuild Remembered Sets and Scrub Regions 1,928ms
[8,234s][info][gc,start       ] GC(338) Pause Cleanup
[8,234s][info][gc             ] GC(338) Pause Cleanup 1597M->1597M(2048M) 0,470ms
[8,234s][info][gc,cpu         ] GC(338) User=0,00s Sys=0,00s Real=0,00s
[8,234s][info][gc,marking     ] GC(338) Concurrent Clear Claimed Marks
[8,234s][info][gc,marking     ] GC(338) Concurrent Clear Claimed Marks 0,022ms
[8,234s][info][gc,marking     ] GC(338) Concurrent Cleanup for Next Mark
[8,236s][info][gc,marking     ] GC(338) Concurrent Cleanup for Next Mark 1,729ms
[8,236s][info][gc             ] GC(338) Concurrent Mark Cycle 7,819ms
[8,237s][info][gc,start       ] GC(339) Pause Young (Prepare Mixed) (G1 Evacuation Pause)
[8,237s][info][gc,task        ] GC(339) Using 18 workers of 18 for evacuation
[8,247s][info][gc,phases      ] GC(339)   Pre Evacuate Collection Set: 0,2ms
[8,247s][info][gc,phases      ] GC(339)   Merge Heap Roots: 0,1ms
[8,247s][info][gc,phases      ] GC(339)   Evacuate Collection Set: 9,1ms
[8,247s][info][gc,phases      ] GC(339)   Post Evacuate Collection Set: 0,4ms
[8,247s][info][gc,phases      ] GC(339)   Other: 0,1ms
[8,247s][info][gc,heap        ] GC(339) Eden regions: 42->0(81)
[8,247s][info][gc,heap        ] GC(339) Survivor regions: 9->7(7)
[8,247s][info][gc,heap        ] GC(339) Old regions: 763->806
[8,247s][info][gc,heap        ] GC(339) Humongous regions: 0->0
[8,247s][info][gc,metaspace   ] GC(339) Metaspace: 80K(320K)->80K(320K) NonClass: 77K(192K)->77K(192K) Class: 3K(128K)->3K(128K)
[8,247s][info][gc             ] GC(339) Pause Young (Prepare Mixed) (G1 Evacuation Pause) 1626M->1625M(2048M) 9,919ms
[8,247s][info][gc,cpu         ] GC(339) User=0,16s Sys=0,00s Real=0,01s
[8,257s][info][gc,start       ] GC(340) Pause Young (Mixed) (G1 Evacuation Pause)
[8,257s][info][gc,task        ] GC(340) Using 18 workers of 18 for evacuation
[8,275s][info][gc,phases      ] GC(340)   Pre Evacuate Collection Set: 0,3ms
[8,275s][info][gc,phases      ] GC(340)   Merge Heap Roots: 0,1ms
[8,275s][info][gc,phases      ] GC(340)   Evacuate Collection Set: 17,3ms
[8,275s][info][gc,phases      ] GC(340)   Post Evacuate Collection Set: 0,3ms
[8,275s][info][gc,phases      ] GC(340)   Other: 0,1ms
[8,275s][info][gc,heap        ] GC(340) Eden regions: 81->0(83)
[8,275s][info][gc,heap        ] GC(340) Survivor regions: 7->11(11)
[8,275s][info][gc,heap        ] GC(340) Old regions: 806->792
[8,275s][info][gc,heap        ] GC(340) Humongous regions: 0->0
[8,275s][info][gc,metaspace   ] GC(340) Metaspace: 80K(320K)->80K(320K) NonClass: 77K(192K)->77K(192K) Class: 3K(128K)->3K(128K)
[8,275s][info][gc             ] GC(340) Pause Young (Mixed) (G1 Evacuation Pause) 1787M->1605M(2048M) 18,321ms
[8,275s][info][gc,cpu         ] GC(340) User=0,31s Sys=0,00s Real=0,02s
[8,285s][info][gc,start       ] GC(341) Pause Young (Mixed) (G1 Evacuation Pause)
[8,285s][info][gc,task        ] GC(341) Using 18 workers of 18 for evacuation
[8,310s][info][gc,phases      ] GC(341)   Pre Evacuate Collection Set: 0,3ms
[8,310s][info][gc,phases      ] GC(341)   Merge Heap Roots: 0,1ms
[8,310s][info][gc,phases      ] GC(341)   Evacuate Collection Set: 23,8ms
[8,310s][info][gc,phases      ] GC(341)   Post Evacuate Collection Set: 0,3ms
[8,310s][info][gc,phases      ] GC(341)   Other: 0,1ms
[8,310s][info][gc,heap        ] GC(341) Eden regions: 83->0(71)
[8,310s][info][gc,heap        ] GC(341) Survivor regions: 11->12(12)
[8,310s][info][gc,heap        ] GC(341) Old regions: 792->821
[8,310s][info][gc,heap        ] GC(341) Humongous regions: 0->0
[8,310s][info][gc,metaspace   ] GC(341) Metaspace: 80K(320K)->80K(320K) NonClass: 77K(192K)->77K(192K) Class: 3K(128K)->3K(128K)
[8,310s][info][gc             ] GC(341) Pause Young (Mixed) (G1 Evacuation Pause) (Evacuation Failure) 1771M->1666M(2048M) 24,874ms
[8,310s][info][gc,cpu         ] GC(341) User=0,42s Sys=0,00s Real=0,02s
[8,319s][info][gc,start       ] GC(342) Pause Young (Mixed) (G1 Evacuation Pause)
[8,319s][info][gc,task        ] GC(342) Using 18 workers of 18 for evacuation
[8,340s][info][gc,phases      ] GC(342)   Pre Evacuate Collection Set: 0,3ms
[8,340s][info][gc,phases      ] GC(342)   Merge Heap Roots: 0,1ms
[8,340s][info][gc,phases      ] GC(342)   Evacuate Collection Set: 20,6ms
[8,340s][info][gc,phases      ] GC(342)   Post Evacuate Collection Set: 0,3ms
[8,340s][info][gc,phases      ] GC(342)   Other: 0,1ms
[8,341s][info][gc,heap        ] GC(342) Eden regions: 71->0(68)
[8,341s][info][gc,heap        ] GC(342) Survivor regions: 12->11(11)
[8,341s][info][gc,heap        ] GC(342) Old regions: 821->830
[8,341s][info][gc,heap        ] GC(342) Humongous regions: 0->0
[8,341s][info][gc,metaspace   ] GC(342) Metaspace: 80K(320K)->80K(320K) NonClass: 77K(192K)->77K(192K) Class: 3K(128K)->3K(128K)
[8,341s][info][gc             ] GC(342) Pause Young (Mixed) (G1 Evacuation Pause) (Evacuation Failure) 1807M->1682M(2048M) 21,713ms
[8,341s][info][gc,cpu         ] GC(342) User=0,37s Sys=0,00s Real=0,02s
[8,349s][info][gc,start       ] GC(343) Pause Young (Mixed) (G1 Evacuation Pause)
[8,349s][info][gc,task        ] GC(343) Using 18 workers of 18 for evacuation
[8,370s][info][gc,phases      ] GC(343)   Pre Evacuate Collection Set: 0,3ms
[8,370s][info][gc,phases      ] GC(343)   Merge Heap Roots: 0,1ms
[8,370s][info][gc,phases      ] GC(343)   Evacuate Collection Set: 19,8ms
[8,370s][info][gc,phases      ] GC(343)   Post Evacuate Collection Set: 0,3ms
[8,370s][info][gc,phases      ] GC(343)   Other: 0,1ms
[8,370s][info][gc,heap        ] GC(343) Eden regions: 68->0(62)
[8,370s][info][gc,heap        ] GC(343) Survivor regions: 11->10(10)
[8,370s][info][gc,heap        ] GC(343) Old regions: 830->852
[8,370s][info][gc,heap        ] GC(343) Humongous regions: 0->0
[8,370s][info][gc,metaspace   ] GC(343) Metaspace: 80K(320K)->80K(320K) NonClass: 77K(192K)->77K(192K) Class: 3K(128K)->3K(128K)
[8,370s][info][gc             ] GC(343) Pause Young (Mixed) (G1 Evacuation Pause) (Evacuation Failure) 1817M->1724M(2048M) 20,861ms
[8,370s][info][gc,cpu         ] GC(343) User=0,36s Sys=0,00s Real=0,02s
[8,378s][info][gc,start       ] GC(344) Pause Young (Mixed) (G1 Evacuation Pause)
[8,378s][info][gc,task        ] GC(344) Using 18 workers of 18 for evacuation
[8,395s][info][gc,phases      ] GC(344)   Pre Evacuate Collection Set: 0,2ms
[8,395s][info][gc,phases      ] GC(344)   Merge Heap Roots: 0,1ms
[8,395s][info][gc,phases      ] GC(344)   Evacuate Collection Set: 16,5ms
[8,395s][info][gc,phases      ] GC(344)   Post Evacuate Collection Set: 0,3ms
[8,395s][info][gc,phases      ] GC(344)   Other: 0,1ms
[8,395s][info][gc,heap        ] GC(344) Eden regions: 62->0(66)
[8,395s][info][gc,heap        ] GC(344) Survivor regions: 10->9(9)
[8,395s][info][gc,heap        ] GC(344) Old regions: 852->839
[8,395s][info][gc,heap        ] GC(344) Humongous regions: 0->0
[8,395s][info][gc,metaspace   ] GC(344) Metaspace: 80K(320K)->80K(320K) NonClass: 77K(192K)->77K(192K) Class: 3K(128K)->3K(128K)
[8,395s][info][gc             ] GC(344) Pause Young (Mixed) (G1 Evacuation Pause) 1847M->1695M(2048M) 17,487ms
[8,395s][info][gc,cpu         ] GC(344) User=0,30s Sys=0,00s Real=0,02s
[8,403s][info][gc,start       ] GC(345) Pause Young (Concurrent Start) (G1 Evacuation Pause)
[8,404s][info][gc,task        ] GC(345) Using 18 workers of 18 for evacuation
[8,417s][info][gc,phases      ] GC(345)   Pre Evacuate Collection Set: 0,3ms
[8,417s][info][gc,phases      ] GC(345)   Merge Heap Roots: 0,1ms
[8,417s][info][gc,phases      ] GC(345)   Evacuate Collection Set: 13,0ms
[8,417s][info][gc,phases      ] GC(345)   Post Evacuate Collection Set: 0,2ms
[8,417s][info][gc,phases      ] GC(345)   Other: 0,1ms
[8,417s][info][gc,heap        ] GC(345) Eden regions: 66->0(41)
[8,417s][info][gc,heap        ] GC(345) Survivor regions: 9->10(10)
[8,417s][info][gc,heap        ] GC(345) Old regions: 839->904
[8,417s][info][gc,heap        ] GC(345) Humongous regions: 0->0
[8,417s][info][gc,metaspace   ] GC(345) Metaspace: 80K(320K)->80K(320K) NonClass: 77K(192K)->77K(192K) Class: 3K(128K)->3K(128K)
[8,417s][info][gc             ] GC(345) Pause Young (Concurrent Start) (G1 Evacuation Pause) 1826M->1826M(2048M) 13,751ms
[8,417s][info][gc,cpu         ] GC(345) User=0,22s Sys=0,01s Real=0,02s
[8,417s][info][gc             ] GC(346) Concurrent Mark Cycle
[8,417s][info][gc,marking     ] GC(346) Concurrent Scan Root Regions
[8,417s][info][gc,marking     ] GC(346) Concurrent Scan Root Regions 0,047ms
[8,417s][info][gc,marking     ] GC(346) Concurrent Mark
[8,417s][info][gc,marking     ] GC(346) Concurrent Mark From Roots
[8,417s][info][gc,task        ] GC(346) Using 5 workers of 5 for marking
[8,420s][info][gc,marking     ] GC(346) Concurrent Mark From Roots 2,293ms
[8,420s][info][gc,marking     ] GC(346) Concurrent Preclean
[8,420s][info][gc,marking     ] GC(346) Concurrent Preclean 0,010ms
[8,420s][info][gc,start       ] GC(346) Pause Remark
[8,420s][info][gc             ] GC(346) Pause Remark 1848M->1478M(2048M) 0,579ms
[8,420s][info][gc,cpu         ] GC(346) User=0,00s Sys=0,00s Real=0,00s
[8,420s][info][gc,marking     ] GC(346) Concurrent Mark 3,077ms
[8,420s][info][gc,marking     ] GC(346) Concurrent Rebuild Remembered Sets and Scrub Regions
[8,422s][info][gc,marking     ] GC(346) Concurrent Rebuild Remembered Sets and Scrub Regions 1,630ms
[8,422s][info][gc,start       ] GC(346) Pause Cleanup
[8,423s][info][gc             ] GC(346) Pause Cleanup 1506M->1506M(2048M) 0,425ms
[8,423s][info][gc,cpu         ] GC(346) User=0,00s Sys=0,00s Real=0,00s
[8,423s][info][gc,marking     ] GC(346) Concurrent Clear Claimed Marks
[8,423s][info][gc,marking     ] GC(346) Concurrent Clear Claimed Marks 0,025ms
[8,423s][info][gc,marking     ] GC(346) Concurrent Cleanup for Next Mark
[8,424s][info][gc,marking     ] GC(346) Concurrent Cleanup for Next Mark 1,638ms
[8,424s][info][gc             ] GC(346) Concurrent Mark Cycle 7,205ms
[8,425s][info][gc,start       ] GC(347) Pause Young (Prepare Mixed) (G1 Evacuation Pause)
[8,425s][info][gc,task        ] GC(347) Using 18 workers of 18 for evacuation
[8,435s][info][gc,phases      ] GC(347)   Pre Evacuate Collection Set: 0,2ms
[8,435s][info][gc,phases      ] GC(347)   Merge Heap Roots: 0,0ms
[8,435s][info][gc,phases      ] GC(347)   Evacuate Collection Set: 9,2ms
[8,435s][info][gc,phases      ] GC(347)   Post Evacuate Collection Set: 0,3ms
[8,435s][info][gc,phases      ] GC(347)   Other: 0,1ms
[8,435s][info][gc,heap        ] GC(347) Eden regions: 41->0(100)
[8,435s][info][gc,heap        ] GC(347) Survivor regions: 10->7(7)
[8,435s][info][gc,heap        ] GC(347) Old regions: 719->762
[8,435s][info][gc,heap        ] GC(347) Humongous regions: 0->0
[8,435s][info][gc,metaspace   ] GC(347) Metaspace: 80K(320K)->80K(320K) NonClass: 77K(192K)->77K(192K) Class: 3K(128K)->3K(128K)
[8,435s][info][gc             ] GC(347) Pause Young (Prepare Mixed) (G1 Evacuation Pause) 1538M->1537M(2048M) 9,950ms
[8,435s][info][gc,cpu         ] GC(347) User=0,16s Sys=0,00s Real=0,01s
[8,447s][info][gc,start       ] GC(348) Pause Young (Mixed) (G1 Evacuation Pause)
[8,448s][info][gc,task        ] GC(348) Using 18 workers of 18 for evacuation
[8,470s][info][gc,phases      ] GC(348)   Pre Evacuate Collection Set: 0,2ms
[8,470s][info][gc,phases      ] GC(348)   Merge Heap Roots: 0,1ms
[8,470s][info][gc,phases      ] GC(348)   Evacuate Collection Set: 21,4ms
[8,470s][info][gc,phases      ] GC(348)   Post Evacuate Collection Set: 0,3ms
[8,470s][info][gc,phases      ] GC(348)   Other: 0,1ms
[8,470s][info][gc,heap        ] GC(348) Eden regions: 100->0(90)
[8,470s][info][gc,heap        ] GC(348) Survivor regions: 7->14(14)
[8,470s][info][gc,heap        ] GC(348) Old regions: 762->770
[8,470s][info][gc,heap        ] GC(348) Humongous regions: 0->0
[8,470s][info][gc,metaspace   ] GC(348) Metaspace: 80K(320K)->80K(320K) NonClass: 77K(192K)->77K(192K) Class: 3K(128K)->3K(128K)
[8,470s][info][gc             ] GC(348) Pause Young (Mixed) (G1 Evacuation Pause) 1737M->1566M(2048M) 22,319ms
[8,470s][info][gc,cpu         ] GC(348) User=0,38s Sys=0,00s Real=0,02s
[8,481s][info][gc,start       ] GC(349) Pause Young (Mixed) (G1 Evacuation Pause)
[8,481s][info][gc,task        ] GC(349) Using 18 workers of 18 for evacuation
[8,507s][info][gc,phases      ] GC(349)   Pre Evacuate Collection Set: 0,2ms
[8,507s][info][gc,phases      ] GC(349)   Merge Heap Roots: 0,1ms
[8,507s][info][gc,phases      ] GC(349)   Evacuate Collection Set: 25,7ms
[8,507s][info][gc,phases      ] GC(349)   Post Evacuate Collection Set: 0,3ms
[8,507s][info][gc,phases      ] GC(349)   Other: 0,1ms
[8,507s][info][gc,heap        ] GC(349) Eden regions: 90->0(74)
[8,507s][info][gc,heap        ] GC(349) Survivor regions: 14->13(13)
[8,507s][info][gc,heap        ] GC(349) Old regions: 770->812
[8,507s][info][gc,heap        ] GC(349) Humongous regions: 0->0
[8,507s][info][gc,metaspace   ] GC(349) Metaspace: 82K(320K)->82K(320K) NonClass: 78K(192K)->78K(192K) Class: 3K(128K)->3K(128K)
[8,507s][info][gc             ] GC(349) Pause Young (Mixed) (G1 Evacuation Pause) (Evacuation Failure) 1746M->1650M(2048M) 26,622ms
[8,507s][info][gc,cpu         ] GC(349) User=0,46s Sys=0,01s Real=0,03s
[8,516s][info][gc,start       ] GC(350) Pause Young (Mixed) (G1 Evacuation Pause)
[8,517s][info][gc,task        ] GC(350) Using 18 workers of 18 for evacuation
[8,539s][info][gc,phases      ] GC(350)   Pre Evacuate Collection Set: 0,2ms
[8,539s][info][gc,phases      ] GC(350)   Merge Heap Roots: 0,1ms
[8,539s][info][gc,phases      ] GC(350)   Evacuate Collection Set: 21,5ms
[8,539s][info][gc,phases      ] GC(350)   Post Evacuate Collection Set: 0,4ms
[8,539s][info][gc,phases      ] GC(350)   Other: 0,1ms
[8,539s][info][gc,heap        ] GC(350) Eden regions: 74->0(62)
[8,539s][info][gc,heap        ] GC(350) Survivor regions: 13->11(11)
[8,539s][info][gc,heap        ] GC(350) Old regions: 812->850
[8,539s][info][gc,heap        ] GC(350) Humongous regions: 0->0
[8,539s][info][gc,metaspace   ] GC(350) Metaspace: 82K(320K)->82K(320K) NonClass: 78K(192K)->78K(192K) Class: 3K(128K)->3K(128K)
[8,539s][info][gc             ] GC(350) Pause Young (Mixed) (G1 Evacuation Pause) (Evacuation Failure) 1797M->1722M(2048M) 22,326ms
[8,539s][info][gc,cpu         ] GC(350) User=0,38s Sys=0,00s Real=0,02s
[8,546s][info][gc,start       ] GC(351) Pause Young (Mixed) (G1 Evacuation Pause)
[8,546s][info][gc,task        ] GC(351) Using 18 workers of 18 for evacuation
[8,564s][info][gc,phases      ] GC(351)   Pre Evacuate Collection Set: 0,2ms
[8,564s][info][gc,phases      ] GC(351)   Merge Heap Roots: 0,1ms
[8,564s][info][gc,phases      ] GC(351)   Evacuate Collection Set: 17,3ms
[8,564s][info][gc,phases      ] GC(351)   Post Evacuate Collection Set: 0,4ms
[8,564s][info][gc,phases      ] GC(351)   Other: 0,1ms
[8,565s][info][gc,heap        ] GC(351) Eden regions: 62->0(59)
[8,565s][info][gc,heap        ] GC(351) Survivor regions: 11->10(10)
[8,565s][info][gc,heap        ] GC(351) Old regions: 850->867
[8,565s][info][gc,heap        ] GC(351) Humongous regions: 0->0
[8,565s][info][gc,metaspace   ] GC(351) Metaspace: 82K(320K)->82K(320K) NonClass: 78K(192K)->78K(192K) Class: 3K(128K)->3K(128K)
[8,565s][info][gc             ] GC(351) Pause Young (Mixed) (G1 Evacuation Pause) (Evacuation Failure) 1845M->1754M(2048M) 18,199ms
[8,565s][info][gc,cpu         ] GC(351) User=0,31s Sys=0,00s Real=0,01s
[8,572s][info][gc,start       ] GC(352) Pause Young (Mixed) (G1 Evacuation Pause)
[8,572s][info][gc,task        ] GC(352) Using 18 workers of 18 for evacuation
[8,587s][info][gc,phases      ] GC(352)   Pre Evacuate Collection Set: 0,2ms
[8,587s][info][gc,phases      ] GC(352)   Merge Heap Roots: 0,1ms
[8,587s][info][gc,phases      ] GC(352)   Evacuate Collection Set: 14,3ms
[8,587s][info][gc,phases      ] GC(352)   Post Evacuate Collection Set: 0,2ms
[8,587s][info][gc,phases      ] GC(352)   Other: 0,1ms
[8,587s][info][gc,heap        ] GC(352) Eden regions: 59->0(46)
[8,587s][info][gc,heap        ] GC(352) Survivor regions: 10->9(9)
[8,587s][info][gc,heap        ] GC(352) Old regions: 867->897
[8,587s][info][gc,heap        ] GC(352) Humongous regions: 0->0
[8,587s][info][gc,metaspace   ] GC(352) Metaspace: 82K(320K)->82K(320K) NonClass: 78K(192K)->78K(192K) Class: 3K(128K)->3K(128K)
[8,587s][info][gc             ] GC(352) Pause Young (Mixed) (G1 Evacuation Pause) 1871M->1811M(2048M) 14,992ms
[8,587s][info][gc,cpu         ] GC(352) User=0,25s Sys=0,00s Real=0,02s
[8,592s][info][gc,start       ] GC(353) Pause Young (Concurrent Start) (G1 Evacuation Pause)
[8,592s][info][gc,task        ] GC(353) Using 18 workers of 18 for evacuation
[8,603s][info][gc,phases      ] GC(353)   Pre Evacuate Collection Set: 0,3ms
[8,603s][info][gc,phases      ] GC(353)   Merge Heap Roots: 0,1ms
[8,603s][info][gc,phases      ] GC(353)   Evacuate Collection Set: 9,8ms
[8,603s][info][gc,phases      ] GC(353)   Post Evacuate Collection Set: 0,2ms
[8,603s][info][gc,phases      ] GC(353)   Other: 0,0ms
[8,603s][info][gc,heap        ] GC(353) Eden regions: 46->0(44)
[8,603s][info][gc,heap        ] GC(353) Survivor regions: 9->7(7)
[8,603s][info][gc,heap        ] GC(353) Old regions: 897->945
[8,603s][info][gc,heap        ] GC(353) Humongous regions: 0->0
[8,603s][info][gc,metaspace   ] GC(353) Metaspace: 82K(320K)->82K(320K) NonClass: 78K(192K)->78K(192K) Class: 3K(128K)->3K(128K)
[8,603s][info][gc             ] GC(353) Pause Young (Concurrent Start) (G1 Evacuation Pause) 1902M->1902M(2048M) 10,588ms
[8,603s][info][gc,cpu         ] GC(353) User=0,17s Sys=0,01s Real=0,01s
[8,603s][info][gc             ] GC(354) Concurrent Mark Cycle
[8,603s][info][gc,marking     ] GC(354) Concurrent Scan Root Regions
[8,603s][info][gc,marking     ] GC(354) Concurrent Scan Root Regions 0,046ms
[8,603s][info][gc,marking     ] GC(354) Concurrent Mark
[8,603s][info][gc,marking     ] GC(354) Concurrent Mark From Roots
[8,603s][info][gc,task        ] GC(354) Using 5 workers of 5 for marking
[8,605s][info][gc,marking     ] GC(354) Concurrent Mark From Roots 2,403ms
[8,605s][info][gc,marking     ] GC(354) Concurrent Preclean
[8,606s][info][gc,marking     ] GC(354) Concurrent Preclean 0,011ms
[8,606s][info][gc,start       ] GC(354) Pause Remark
[8,606s][info][gc             ] GC(354) Pause Remark 1925M->1559M(2048M) 0,653ms
[8,606s][info][gc,cpu         ] GC(354) User=0,01s Sys=0,00s Real=0,00s
[8,606s][info][gc,marking     ] GC(354) Concurrent Mark 3,324ms
[8,606s][info][gc,marking     ] GC(354) Concurrent Rebuild Remembered Sets and Scrub Regions
[8,608s][info][gc,marking     ] GC(354) Concurrent Rebuild Remembered Sets and Scrub Regions 1,860ms
[8,608s][info][gc,start       ] GC(354) Pause Cleanup
[8,609s][info][gc             ] GC(354) Pause Cleanup 1591M->1591M(2048M) 0,777ms
[8,609s][info][gc,cpu         ] GC(354) User=0,01s Sys=0,00s Real=0,00s
[8,609s][info][gc,marking     ] GC(354) Concurrent Clear Claimed Marks
[8,609s][info][gc,marking     ] GC(354) Concurrent Clear Claimed Marks 0,027ms
[8,609s][info][gc,marking     ] GC(354) Concurrent Cleanup for Next Mark
[8,611s][info][gc,marking     ] GC(354) Concurrent Cleanup for Next Mark 1,564ms
[8,611s][info][gc             ] GC(354) Concurrent Mark Cycle 8,012ms
[8,612s][info][gc,start       ] GC(355) Pause Young (Prepare Mixed) (G1 Evacuation Pause)
[8,612s][info][gc,task        ] GC(355) Using 18 workers of 18 for evacuation
[8,622s][info][gc,phases      ] GC(355)   Pre Evacuate Collection Set: 0,3ms
[8,622s][info][gc,phases      ] GC(355)   Merge Heap Roots: 0,1ms
[8,622s][info][gc,phases      ] GC(355)   Evacuate Collection Set: 9,1ms
[8,622s][info][gc,phases      ] GC(355)   Post Evacuate Collection Set: 0,4ms
[8,622s][info][gc,phases      ] GC(355)   Other: 0,1ms
[8,622s][info][gc,heap        ] GC(355) Eden regions: 44->0(82)
[8,622s][info][gc,heap        ] GC(355) Survivor regions: 7->7(7)
[8,622s][info][gc,heap        ] GC(355) Old regions: 762->805
[8,622s][info][gc,heap        ] GC(355) Humongous regions: 0->0
[8,622s][info][gc,metaspace   ] GC(355) Metaspace: 82K(320K)->82K(320K) NonClass: 78K(192K)->78K(192K) Class: 3K(128K)->3K(128K)
[8,622s][info][gc             ] GC(355) Pause Young (Prepare Mixed) (G1 Evacuation Pause) 1624M->1623M(2048M) 10,229ms
[8,623s][info][gc,cpu         ] GC(355) User=0,15s Sys=0,00s Real=0,01s
[8,632s][info][gc,start       ] GC(356) Pause Young (Mixed) (G1 Evacuation Pause)
[8,632s][info][gc,task        ] GC(356) Using 18 workers of 18 for evacuation
[8,651s][info][gc,phases      ] GC(356)   Pre Evacuate Collection Set: 0,3ms
[8,651s][info][gc,phases      ] GC(356)   Merge Heap Roots: 0,1ms
[8,651s][info][gc,phases      ] GC(356)   Evacuate Collection Set: 17,4ms
[8,651s][info][gc,phases      ] GC(356)   Post Evacuate Collection Set: 0,3ms
[8,651s][info][gc,phases      ] GC(356)   Other: 0,1ms
[8,651s][info][gc,heap        ] GC(356) Eden regions: 82->0(83)
[8,651s][info][gc,heap        ] GC(356) Survivor regions: 7->12(12)
[8,651s][info][gc,heap        ] GC(356) Old regions: 805->791
[8,651s][info][gc,heap        ] GC(356) Humongous regions: 0->0
[8,651s][info][gc,metaspace   ] GC(356) Metaspace: 82K(320K)->82K(320K) NonClass: 78K(192K)->78K(192K) Class: 3K(128K)->3K(128K)
[8,651s][info][gc             ] GC(356) Pause Young (Mixed) (G1 Evacuation Pause) 1787M->1605M(2048M) 18,559ms
[8,651s][info][gc,cpu         ] GC(356) User=0,30s Sys=0,00s Real=0,02s
[8,661s][info][gc,start       ] GC(357) Pause Young (Mixed) (G1 Evacuation Pause)
[8,661s][info][gc,task        ] GC(357) Using 18 workers of 18 for evacuation
[8,685s][info][gc,phases      ] GC(357)   Pre Evacuate Collection Set: 0,3ms
[8,685s][info][gc,phases      ] GC(357)   Merge Heap Roots: 0,1ms
[8,685s][info][gc,phases      ] GC(357)   Evacuate Collection Set: 22,8ms
[8,685s][info][gc,phases      ] GC(357)   Post Evacuate Collection Set: 0,3ms
[8,685s][info][gc,phases      ] GC(357)   Other: 0,1ms
[8,685s][info][gc,heap        ] GC(357) Eden regions: 83->0(75)
[8,685s][info][gc,heap        ] GC(357) Survivor regions: 12->12(12)
[8,685s][info][gc,heap        ] GC(357) Old regions: 791->808
[8,685s][info][gc,heap        ] GC(357) Humongous regions: 0->0
[8,685s][info][gc,metaspace   ] GC(357) Metaspace: 82K(320K)->82K(320K) NonClass: 78K(192K)->78K(192K) Class: 3K(128K)->3K(128K)
[8,685s][info][gc             ] GC(357) Pause Young (Mixed) (G1 Evacuation Pause) 1770M->1639M(2048M) 23,944ms
[8,685s][info][gc,cpu         ] GC(357) User=0,41s Sys=0,01s Real=0,02s
[8,694s][info][gc,start       ] GC(358) Pause Young (Mixed) (G1 Evacuation Pause)
[8,694s][info][gc,task        ] GC(358) Using 18 workers of 18 for evacuation
[8,716s][info][gc,phases      ] GC(358)   Pre Evacuate Collection Set: 0,3ms
[8,716s][info][gc,phases      ] GC(358)   Merge Heap Roots: 0,1ms
[8,716s][info][gc,phases      ] GC(358)   Evacuate Collection Set: 21,2ms
[8,716s][info][gc,phases      ] GC(358)   Post Evacuate Collection Set: 0,3ms
[8,716s][info][gc,phases      ] GC(358)   Other: 0,1ms
[8,716s][info][gc,heap        ] GC(358) Eden regions: 75->0(71)
[8,716s][info][gc,heap        ] GC(358) Survivor regions: 12->11(11)
[8,716s][info][gc,heap        ] GC(358) Old regions: 808->818
[8,716s][info][gc,heap        ] GC(358) Humongous regions: 0->0
[8,716s][info][gc,metaspace   ] GC(358) Metaspace: 82K(320K)->82K(320K) NonClass: 78K(192K)->78K(192K) Class: 3K(128K)->3K(128K)
[8,716s][info][gc             ] GC(358) Pause Young (Mixed) (G1 Evacuation Pause) 1789M->1657M(2048M) 22,326ms
[8,716s][info][gc,cpu         ] GC(358) User=0,38s Sys=0,00s Real=0,03s
[8,725s][info][gc,start       ] GC(359) Pause Young (Mixed) (G1 Evacuation Pause)
[8,725s][info][gc,task        ] GC(359) Using 18 workers of 18 for evacuation
[8,747s][info][gc,phases      ] GC(359)   Pre Evacuate Collection Set: 0,3ms
[8,747s][info][gc,phases      ] GC(359)   Merge Heap Roots: 0,1ms
[8,747s][info][gc,phases      ] GC(359)   Evacuate Collection Set: 21,6ms
[8,747s][info][gc,phases      ] GC(359)   Post Evacuate Collection Set: 0,4ms
[8,747s][info][gc,phases      ] GC(359)   Other: 0,1ms
[8,747s][info][gc,heap        ] GC(359) Eden regions: 71->0(61)
[8,748s][info][gc,heap        ] GC(359) Survivor regions: 11->11(11)
[8,748s][info][gc,heap        ] GC(359) Old regions: 818->850
[8,748s][info][gc,heap        ] GC(359) Humongous regions: 0->0
[8,748s][info][gc,metaspace   ] GC(359) Metaspace: 82K(320K)->82K(320K) NonClass: 78K(192K)->78K(192K) Class: 3K(128K)->3K(128K)
[8,748s][info][gc             ] GC(359) Pause Young (Mixed) (G1 Evacuation Pause) (Evacuation Failure) 1798M->1722M(2048M) 22,735ms
[8,748s][info][gc,cpu         ] GC(359) User=0,39s Sys=0,00s Real=0,03s
[8,755s][info][gc,start       ] GC(360) Pause Young (Mixed) (G1 Evacuation Pause)
[8,755s][info][gc,task        ] GC(360) Using 18 workers of 18 for evacuation
[8,772s][info][gc,phases      ] GC(360)   Pre Evacuate Collection Set: 0,2ms
[8,772s][info][gc,phases      ] GC(360)   Merge Heap Roots: 0,1ms
[8,772s][info][gc,phases      ] GC(360)   Evacuate Collection Set: 16,0ms
[8,772s][info][gc,phases      ] GC(360)   Post Evacuate Collection Set: 0,3ms
[8,772s][info][gc,phases      ] GC(360)   Other: 0,1ms
[8,772s][info][gc,heap        ] GC(360) Eden regions: 61->0(68)
[8,772s][info][gc,heap        ] GC(360) Survivor regions: 11->9(9)
[8,772s][info][gc,heap        ] GC(360) Old regions: 850->831
[8,772s][info][gc,heap        ] GC(360) Humongous regions: 0->0
[8,772s][info][gc,metaspace   ] GC(360) Metaspace: 82K(320K)->82K(320K) NonClass: 78K(192K)->78K(192K) Class: 3K(128K)->3K(128K)
[8,772s][info][gc             ] GC(360) Pause Young (Mixed) (G1 Evacuation Pause) 1843M->1679M(2048M) 16,768ms
[8,772s][info][gc,cpu         ] GC(360) User=0,29s Sys=0,00s Real=0,01s
[8,780s][info][gc,start       ] GC(361) Pause Young (Mixed) (G1 Evacuation Pause)
[8,780s][info][gc,task        ] GC(361) Using 18 workers of 18 for evacuation
[8,794s][info][gc,phases      ] GC(361)   Pre Evacuate Collection Set: 0,2ms
[8,794s][info][gc,phases      ] GC(361)   Merge Heap Roots: 0,1ms
[8,794s][info][gc,phases      ] GC(361)   Evacuate Collection Set: 13,3ms
[8,794s][info][gc,phases      ] GC(361)   Post Evacuate Collection Set: 0,2ms
[8,794s][info][gc,phases      ] GC(361)   Other: 0,1ms
[8,794s][info][gc,heap        ] GC(361) Eden regions: 68->0(43)
[8,794s][info][gc,heap        ] GC(361) Survivor regions: 9->10(10)
[8,794s][info][gc,heap        ] GC(361) Old regions: 831->897
[8,794s][info][gc,heap        ] GC(361) Humongous regions: 0->0
[8,794s][info][gc,metaspace   ] GC(361) Metaspace: 82K(320K)->82K(320K) NonClass: 78K(192K)->78K(192K) Class: 3K(128K)->3K(128K)
[8,794s][info][gc             ] GC(361) Pause Young (Mixed) (G1 Evacuation Pause) 1814M->1812M(2048M) 13,973ms
[8,794s][info][gc,cpu         ] GC(361) User=0,23s Sys=0,00s Real=0,01s
[8,799s][info][gc,start       ] GC(362) Pause Young (Concurrent Start) (G1 Evacuation Pause)
[8,799s][info][gc,task        ] GC(362) Using 18 workers of 18 for evacuation
[8,809s][info][gc,phases      ] GC(362)   Pre Evacuate Collection Set: 0,2ms
[8,809s][info][gc,phases      ] GC(362)   Merge Heap Roots: 0,1ms
[8,809s][info][gc,phases      ] GC(362)   Evacuate Collection Set: 9,5ms
[8,809s][info][gc,phases      ] GC(362)   Post Evacuate Collection Set: 0,2ms
[8,809s][info][gc,phases      ] GC(362)   Other: 0,1ms
[8,809s][info][gc,heap        ] GC(362) Eden regions: 43->0(44)
[8,809s][info][gc,heap        ] GC(362) Survivor regions: 10->7(7)
[8,809s][info][gc,heap        ] GC(362) Old regions: 897->942
[8,809s][info][gc,heap        ] GC(362) Humongous regions: 0->0
[8,809s][info][gc,metaspace   ] GC(362) Metaspace: 82K(320K)->82K(320K) NonClass: 78K(192K)->78K(192K) Class: 3K(128K)->3K(128K)
[8,809s][info][gc             ] GC(362) Pause Young (Concurrent Start) (G1 Evacuation Pause) 1898M->1897M(2048M) 10,187ms
[8,810s][info][gc,cpu         ] GC(362) User=0,16s Sys=0,00s Real=0,01s
[8,810s][info][gc             ] GC(363) Concurrent Mark Cycle
[8,810s][info][gc,marking     ] GC(363) Concurrent Scan Root Regions
[8,810s][info][gc,marking     ] GC(363) Concurrent Scan Root Regions 0,043ms
[8,810s][info][gc,marking     ] GC(363) Concurrent Mark
[8,810s][info][gc,marking     ] GC(363) Concurrent Mark From Roots
[8,810s][info][gc,task        ] GC(363) Using 5 workers of 5 for marking
[8,812s][info][gc,marking     ] GC(363) Concurrent Mark From Roots 2,352ms
[8,812s][info][gc,marking     ] GC(363) Concurrent Preclean
[8,812s][info][gc,marking     ] GC(363) Concurrent Preclean 0,011ms
[8,812s][info][gc,start       ] GC(363) Pause Remark
[8,813s][info][gc             ] GC(363) Pause Remark 1920M->1492M(2048M) 0,708ms
[8,813s][info][gc,cpu         ] GC(363) User=0,01s Sys=0,00s Real=0,00s
[8,813s][info][gc,marking     ] GC(363) Concurrent Mark 3,302ms
[8,813s][info][gc,marking     ] GC(363) Concurrent Rebuild Remembered Sets and Scrub Regions
[8,815s][info][gc,marking     ] GC(363) Concurrent Rebuild Remembered Sets and Scrub Regions 1,663ms
[8,815s][info][gc,start       ] GC(363) Pause Cleanup
[8,815s][info][gc             ] GC(363) Pause Cleanup 1520M->1520M(2048M) 0,714ms
[8,815s][info][gc,cpu         ] GC(363) User=0,01s Sys=0,00s Real=0,01s
[8,815s][info][gc,marking     ] GC(363) Concurrent Clear Claimed Marks
[8,816s][info][gc,marking     ] GC(363) Concurrent Clear Claimed Marks 0,023ms
[8,816s][info][gc,marking     ] GC(363) Concurrent Cleanup for Next Mark
[8,817s][info][gc,marking     ] GC(363) Concurrent Cleanup for Next Mark 1,619ms
[8,817s][info][gc             ] GC(363) Concurrent Mark Cycle 7,686ms
[8,818s][info][gc,start       ] GC(364) Pause Young (Prepare Mixed) (G1 Evacuation Pause)
[8,819s][info][gc,task        ] GC(364) Using 18 workers of 18 for evacuation
[8,828s][info][gc,phases      ] GC(364)   Pre Evacuate Collection Set: 0,2ms
[8,828s][info][gc,phases      ] GC(364)   Merge Heap Roots: 0,1ms
[8,828s][info][gc,phases      ] GC(364)   Evacuate Collection Set: 9,2ms
[8,828s][info][gc,phases      ] GC(364)   Post Evacuate Collection Set: 0,3ms
[8,828s][info][gc,phases      ] GC(364)   Other: 0,1ms
[8,828s][info][gc,heap        ] GC(364) Eden regions: 44->0(96)
[8,828s][info][gc,heap        ] GC(364) Survivor regions: 7->7(7)
[8,828s][info][gc,heap        ] GC(364) Old regions: 728->772
[8,829s][info][gc,heap        ] GC(364) Humongous regions: 0->0
[8,829s][info][gc,metaspace   ] GC(364) Metaspace: 82K(320K)->82K(320K) NonClass: 78K(192K)->78K(192K) Class: 3K(128K)->3K(128K)
[8,829s][info][gc             ] GC(364) Pause Young (Prepare Mixed) (G1 Evacuation Pause) 1557M->1557M(2048M) 10,064ms
[8,829s][info][gc,cpu         ] GC(364) User=0,16s Sys=0,00s Real=0,01s
[8,840s][info][gc,start       ] GC(365) Pause Young (Mixed) (G1 Evacuation Pause)
[8,840s][info][gc,task        ] GC(365) Using 18 workers of 18 for evacuation
[8,865s][info][gc,phases      ] GC(365)   Pre Evacuate Collection Set: 0,3ms
[8,865s][info][gc,phases      ] GC(365)   Merge Heap Roots: 0,1ms
[8,865s][info][gc,phases      ] GC(365)   Evacuate Collection Set: 24,0ms
[8,865s][info][gc,phases      ] GC(365)   Post Evacuate Collection Set: 0,3ms
[8,865s][info][gc,phases      ] GC(365)   Other: 0,1ms
[8,865s][info][gc,heap        ] GC(365) Eden regions: 96->0(80)
[8,865s][info][gc,heap        ] GC(365) Survivor regions: 7->13(13)
[8,865s][info][gc,heap        ] GC(365) Old regions: 772->796
[8,865s][info][gc,heap        ] GC(365) Humongous regions: 0->0
[8,865s][info][gc,metaspace   ] GC(365) Metaspace: 82K(320K)->82K(320K) NonClass: 78K(192K)->78K(192K) Class: 3K(128K)->3K(128K)
[8,865s][info][gc             ] GC(365) Pause Young (Mixed) (G1 Evacuation Pause) 1748M->1616M(2048M) 25,010ms
[8,865s][info][gc,cpu         ] GC(365) User=0,43s Sys=0,00s Real=0,03s
[8,875s][info][gc,start       ] GC(366) Pause Young (Mixed) (G1 Evacuation Pause)
[8,875s][info][gc,task        ] GC(366) Using 18 workers of 18 for evacuation
[8,896s][info][gc,phases      ] GC(366)   Pre Evacuate Collection Set: 0,3ms
[8,896s][info][gc,phases      ] GC(366)   Merge Heap Roots: 0,1ms
[8,896s][info][gc,phases      ] GC(366)   Evacuate Collection Set: 20,2ms
[8,896s][info][gc,phases      ] GC(366)   Post Evacuate Collection Set: 0,3ms
[8,896s][info][gc,phases      ] GC(366)   Other: 0,1ms
[8,896s][info][gc,heap        ] GC(366) Eden regions: 80->0(80)
[8,896s][info][gc,heap        ] GC(366) Survivor regions: 13->12(12)
[8,896s][info][gc,heap        ] GC(366) Old regions: 796->797
[8,896s][info][gc,heap        ] GC(366) Humongous regions: 0->0
[8,896s][info][gc,metaspace   ] GC(366) Metaspace: 82K(320K)->82K(320K) NonClass: 78K(192K)->78K(192K) Class: 3K(128K)->3K(128K)
[8,896s][info][gc             ] GC(366) Pause Young (Mixed) (G1 Evacuation Pause) 1776M->1617M(2048M) 21,172ms
[8,896s][info][gc,cpu         ] GC(366) User=0,36s Sys=0,01s Real=0,03s
[8,906s][info][gc,start       ] GC(367) Pause Young (Mixed) (G1 Evacuation Pause)
[8,906s][info][gc,task        ] GC(367) Using 18 workers of 18 for evacuation
[8,930s][info][gc,phases      ] GC(367)   Pre Evacuate Collection Set: 0,2ms
[8,930s][info][gc,phases      ] GC(367)   Merge Heap Roots: 0,1ms
[8,930s][info][gc,phases      ] GC(367)   Evacuate Collection Set: 23,2ms
[8,930s][info][gc,phases      ] GC(367)   Post Evacuate Collection Set: 0,4ms
[8,930s][info][gc,phases      ] GC(367)   Other: 0,1ms
[8,930s][info][gc,heap        ] GC(367) Eden regions: 80->0(64)
[8,930s][info][gc,heap        ] GC(367) Survivor regions: 12->12(12)
[8,930s][info][gc,heap        ] GC(367) Old regions: 797->842
[8,930s][info][gc,heap        ] GC(367) Humongous regions: 0->0
[8,930s][info][gc,metaspace   ] GC(367) Metaspace: 82K(320K)->82K(320K) NonClass: 78K(192K)->78K(192K) Class: 3K(128K)->3K(128K)
[8,930s][info][gc             ] GC(367) Pause Young (Mixed) (G1 Evacuation Pause) (Evacuation Failure) 1777M->1708M(2048M) 24,138ms
[8,930s][info][gc,cpu         ] GC(367) User=0,41s Sys=0,00s Real=0,02s
[8,937s][info][gc,start       ] GC(368) Pause Young (Mixed) (G1 Evacuation Pause)
[8,938s][info][gc,task        ] GC(368) Using 18 workers of 18 for evacuation
[8,957s][info][gc,phases      ] GC(368)   Pre Evacuate Collection Set: 0,3ms
[8,957s][info][gc,phases      ] GC(368)   Merge Heap Roots: 0,1ms
[8,957s][info][gc,phases      ] GC(368)   Evacuate Collection Set: 18,1ms
[8,957s][info][gc,phases      ] GC(368)   Post Evacuate Collection Set: 0,5ms
[8,957s][info][gc,phases      ] GC(368)   Other: 0,1ms
[8,957s][info][gc,heap        ] GC(368) Eden regions: 64->0(52)
[8,957s][info][gc,heap        ] GC(368) Survivor regions: 12->10(10)
[8,957s][info][gc,heap        ] GC(368) Old regions: 842->886
[8,957s][info][gc,heap        ] GC(368) Humongous regions: 0->0
[8,957s][info][gc,metaspace   ] GC(368) Metaspace: 82K(320K)->82K(320K) NonClass: 78K(192K)->78K(192K) Class: 3K(128K)->3K(128K)
[8,957s][info][gc             ] GC(368) Pause Young (Mixed) (G1 Evacuation Pause) (Evacuation Failure) 1835M->1792M(2048M) 19,368ms
[8,957s][info][gc,cpu         ] GC(368) User=0,33s Sys=0,00s Real=0,02s
[8,963s][info][gc,start       ] GC(369) Pause Young (Mixed) (G1 Evacuation Pause)
[8,963s][info][gc,task        ] GC(369) Using 18 workers of 18 for evacuation
[8,977s][info][gc,phases      ] GC(369)   Pre Evacuate Collection Set: 0,2ms
[8,977s][info][gc,phases      ] GC(369)   Merge Heap Roots: 0,1ms
[8,977s][info][gc,phases      ] GC(369)   Evacuate Collection Set: 13,2ms
[8,977s][info][gc,phases      ] GC(369)   Post Evacuate Collection Set: 0,5ms
[8,977s][info][gc,phases      ] GC(369)   Other: 0,1ms
[8,977s][info][gc,heap        ] GC(369) Eden regions: 52->0(43)
[8,977s][info][gc,heap        ] GC(369) Survivor regions: 10->8(8)
[8,977s][info][gc,heap        ] GC(369) Old regions: 886->925
[8,977s][info][gc,heap        ] GC(369) Humongous regions: 0->0
[8,977s][info][gc,metaspace   ] GC(369) Metaspace: 82K(320K)->82K(320K) NonClass: 78K(192K)->78K(192K) Class: 3K(128K)->3K(128K)
[8,977s][info][gc             ] GC(369) Pause Young (Mixed) (G1 Evacuation Pause) (Evacuation Failure) 1895M->1866M(2048M) 14,361ms
[8,977s][info][gc,cpu         ] GC(369) User=0,24s Sys=0,00s Real=0,02s
[8,983s][info][gc,start       ] GC(370) Pause Young (Concurrent Start) (G1 Evacuation Pause)
[8,983s][info][gc,task        ] GC(370) Using 18 workers of 18 for evacuation
[8,992s][info][gc,phases      ] GC(370)   Pre Evacuate Collection Set: 0,3ms
[8,992s][info][gc,phases      ] GC(370)   Merge Heap Roots: 0,1ms
[8,992s][info][gc,phases      ] GC(370)   Evacuate Collection Set: 8,7ms
[8,992s][info][gc,phases      ] GC(370)   Post Evacuate Collection Set: 0,2ms
[8,992s][info][gc,phases      ] GC(370)   Other: 0,1ms
[8,992s][info][gc,heap        ] GC(370) Eden regions: 43->0(41)
[8,992s][info][gc,heap        ] GC(370) Survivor regions: 8->7(7)
[8,992s][info][gc,heap        ] GC(370) Old regions: 925->969
[8,992s][info][gc,heap        ] GC(370) Humongous regions: 0->0
[8,992s][info][gc,metaspace   ] GC(370) Metaspace: 82K(320K)->82K(320K) NonClass: 78K(192K)->78K(192K) Class: 3K(128K)->3K(128K)
[8,992s][info][gc             ] GC(370) Pause Young (Concurrent Start) (G1 Evacuation Pause) (Evacuation Failure) 1951M->1952M(2048M) 9,554ms
[8,992s][info][gc             ] GC(371) Concurrent Mark Cycle
[8,992s][info][gc,marking     ] GC(371) Concurrent Scan Root Regions
[8,992s][info][gc,cpu         ] GC(370) User=0,15s Sys=0,01s Real=0,01s
[8,992s][info][gc,marking     ] GC(371) Concurrent Scan Root Regions 0,040ms
[8,992s][info][gc,marking     ] GC(371) Concurrent Mark
[8,992s][info][gc,marking     ] GC(371) Concurrent Mark From Roots
[8,992s][info][gc,task        ] GC(371) Using 5 workers of 5 for marking
[8,995s][info][gc,marking     ] GC(371) Concurrent Mark From Roots 2,506ms
[8,995s][info][gc,marking     ] GC(371) Concurrent Preclean
[8,995s][info][gc,marking     ] GC(371) Concurrent Preclean 0,011ms
[8,995s][info][gc,start       ] GC(371) Pause Remark
[8,996s][info][gc             ] GC(371) Pause Remark 1974M->1530M(2048M) 0,677ms
[8,996s][info][gc,cpu         ] GC(371) User=0,00s Sys=0,00s Real=0,00s
[8,996s][info][gc,marking     ] GC(371) Concurrent Mark 3,444ms
[8,996s][info][gc,marking     ] GC(371) Concurrent Rebuild Remembered Sets and Scrub Regions
[8,998s][info][gc,marking     ] GC(371) Concurrent Rebuild Remembered Sets and Scrub Regions 1,824ms
[8,998s][info][gc,start       ] GC(371) Pause Cleanup
[8,998s][info][gc             ] GC(371) Pause Cleanup 1561M->1561M(2048M) 0,589ms
[8,998s][info][gc,cpu         ] GC(371) User=0,00s Sys=0,00s Real=0,00s
[8,998s][info][gc,marking     ] GC(371) Concurrent Clear Claimed Marks
[8,998s][info][gc,marking     ] GC(371) Concurrent Clear Claimed Marks 0,025ms
[8,998s][info][gc,marking     ] GC(371) Concurrent Cleanup for Next Mark
[9,000s][info][gc,marking     ] GC(371) Concurrent Cleanup for Next Mark 1,553ms
[9,000s][info][gc             ] GC(371) Concurrent Mark Cycle 7,876ms
[9,001s][info][gc,start       ] GC(372) Pause Young (Prepare Mixed) (G1 Evacuation Pause)
[9,001s][info][gc,task        ] GC(372) Using 18 workers of 18 for evacuation
[9,010s][info][gc,phases      ] GC(372)   Pre Evacuate Collection Set: 0,2ms
[9,010s][info][gc,phases      ] GC(372)   Merge Heap Roots: 0,1ms
[9,010s][info][gc,phases      ] GC(372)   Evacuate Collection Set: 8,6ms
[9,010s][info][gc,phases      ] GC(372)   Post Evacuate Collection Set: 0,3ms
[9,010s][info][gc,phases      ] GC(372)   Other: 0,1ms
[9,010s][info][gc,heap        ] GC(372) Eden regions: 41->0(92)
[9,010s][info][gc,heap        ] GC(372) Survivor regions: 7->6(6)
[9,010s][info][gc,heap        ] GC(372) Old regions: 747->789
[9,010s][info][gc,heap        ] GC(372) Humongous regions: 0->0
[9,010s][info][gc,metaspace   ] GC(372) Metaspace: 82K(320K)->82K(320K) NonClass: 78K(192K)->78K(192K) Class: 3K(128K)->3K(128K)
[9,010s][info][gc             ] GC(372) Pause Young (Prepare Mixed) (G1 Evacuation Pause) 1589M->1589M(2048M) 9,551ms
[9,010s][info][gc,cpu         ] GC(372) User=0,14s Sys=0,00s Real=0,01s
[9,021s][info][gc,start       ] GC(373) Pause Young (Mixed) (G1 Evacuation Pause)
[9,022s][info][gc,task        ] GC(373) Using 18 workers of 18 for evacuation
[9,044s][info][gc,phases      ] GC(373)   Pre Evacuate Collection Set: 0,2ms
[9,044s][info][gc,phases      ] GC(373)   Merge Heap Roots: 0,1ms
[9,044s][info][gc,phases      ] GC(373)   Evacuate Collection Set: 21,4ms
[9,044s][info][gc,phases      ] GC(373)   Post Evacuate Collection Set: 0,3ms
[9,044s][info][gc,phases      ] GC(373)   Other: 0,1ms
[9,044s][info][gc,heap        ] GC(373) Eden regions: 92->0(81)
[9,044s][info][gc,heap        ] GC(373) Survivor regions: 6->13(13)
[9,044s][info][gc,heap        ] GC(373) Old regions: 789->798
[9,044s][info][gc,heap        ] GC(373) Humongous regions: 0->0
[9,044s][info][gc,metaspace   ] GC(373) Metaspace: 82K(320K)->82K(320K) NonClass: 78K(192K)->78K(192K) Class: 3K(128K)->3K(128K)
[9,044s][info][gc             ] GC(373) Pause Young (Mixed) (G1 Evacuation Pause) 1772M->1621M(2048M) 22,393ms
[9,044s][info][gc,cpu         ] GC(373) User=0,39s Sys=0,00s Real=0,02s
[9,054s][info][gc,start       ] GC(374) Pause Young (Mixed) (G1 Evacuation Pause)
[9,054s][info][gc,task        ] GC(374) Using 18 workers of 18 for evacuation
[9,078s][info][gc,phases      ] GC(374)   Pre Evacuate Collection Set: 0,3ms
[9,078s][info][gc,phases      ] GC(374)   Merge Heap Roots: 0,1ms
[9,078s][info][gc,phases      ] GC(374)   Evacuate Collection Set: 22,9ms
[9,078s][info][gc,phases      ] GC(374)   Post Evacuate Collection Set: 0,5ms
[9,078s][info][gc,phases      ] GC(374)   Other: 0,1ms
[9,078s][info][gc,heap        ] GC(374) Eden regions: 81->0(62)
[9,078s][info][gc,heap        ] GC(374) Survivor regions: 13->12(12)
[9,078s][info][gc,heap        ] GC(374) Old regions: 798->847
[9,078s][info][gc,heap        ] GC(374) Humongous regions: 0->0
[9,078s][info][gc,metaspace   ] GC(374) Metaspace: 82K(320K)->82K(320K) NonClass: 78K(192K)->78K(192K) Class: 3K(128K)->3K(128K)
[9,078s][info][gc             ] GC(374) Pause Young (Mixed) (G1 Evacuation Pause) (Evacuation Failure) 1782M->1718M(2048M) 24,046ms
[9,078s][info][gc,cpu         ] GC(374) User=0,41s Sys=0,00s Real=0,03s
[9,085s][info][gc,start       ] GC(375) Pause Young (Mixed) (G1 Evacuation Pause)
[9,086s][info][gc,task        ] GC(375) Using 18 workers of 18 for evacuation
[9,105s][info][gc,phases      ] GC(375)   Pre Evacuate Collection Set: 0,3ms
[9,105s][info][gc,phases      ] GC(375)   Merge Heap Roots: 0,1ms
[9,105s][info][gc,phases      ] GC(375)   Evacuate Collection Set: 18,0ms
[9,105s][info][gc,phases      ] GC(375)   Post Evacuate Collection Set: 0,4ms
[9,105s][info][gc,phases      ] GC(375)   Other: 0,1ms
[9,105s][info][gc,heap        ] GC(375) Eden regions: 62->0(58)
[9,105s][info][gc,heap        ] GC(375) Survivor regions: 12->10(10)
[9,105s][info][gc,heap        ] GC(375) Old regions: 847->870
[9,105s][info][gc,heap        ] GC(375) Humongous regions: 0->0
[9,105s][info][gc,metaspace   ] GC(375) Metaspace: 82K(320K)->82K(320K) NonClass: 78K(192K)->78K(192K) Class: 3K(128K)->3K(128K)
[9,105s][info][gc             ] GC(375) Pause Young (Mixed) (G1 Evacuation Pause) (Evacuation Failure) 1841M->1760M(2048M) 19,158ms
[9,105s][info][gc,cpu         ] GC(375) User=0,32s Sys=0,00s Real=0,01s
[9,112s][info][gc,start       ] GC(376) Pause Young (Mixed) (G1 Evacuation Pause)
[9,112s][info][gc,task        ] GC(376) Using 18 workers of 18 for evacuation
[9,128s][info][gc,phases      ] GC(376)   Pre Evacuate Collection Set: 0,2ms
[9,128s][info][gc,phases      ] GC(376)   Merge Heap Roots: 0,1ms
[9,128s][info][gc,phases      ] GC(376)   Evacuate Collection Set: 15,0ms
[9,128s][info][gc,phases      ] GC(376)   Post Evacuate Collection Set: 0,3ms
[9,128s][info][gc,phases      ] GC(376)   Other: 0,1ms
[9,128s][info][gc,heap        ] GC(376) Eden regions: 58->0(63)
[9,128s][info][gc,heap        ] GC(376) Survivor regions: 10->9(9)
[9,128s][info][gc,heap        ] GC(376) Old regions: 870->856
[9,128s][info][gc,heap        ] GC(376) Humongous regions: 0->0
[9,128s][info][gc,metaspace   ] GC(376) Metaspace: 82K(320K)->82K(320K) NonClass: 78K(192K)->78K(192K) Class: 3K(128K)->3K(128K)
[9,128s][info][gc             ] GC(376) Pause Young (Mixed) (G1 Evacuation Pause) (Evacuation Failure) 1875M->1730M(2048M) 15,915ms
[9,128s][info][gc,cpu         ] GC(376) User=0,27s Sys=0,00s Real=0,02s
[9,135s][info][gc,start       ] GC(377) Pause Young (Mixed) (G1 Evacuation Pause)
[9,136s][info][gc,task        ] GC(377) Using 18 workers of 18 for evacuation
[9,153s][info][gc,phases      ] GC(377)   Pre Evacuate Collection Set: 0,3ms
[9,153s][info][gc,phases      ] GC(377)   Merge Heap Roots: 0,1ms
[9,153s][info][gc,phases      ] GC(377)   Evacuate Collection Set: 16,5ms
[9,153s][info][gc,phases      ] GC(377)   Post Evacuate Collection Set: 0,3ms
[9,153s][info][gc,phases      ] GC(377)   Other: 0,1ms
[9,153s][info][gc,heap        ] GC(377) Eden regions: 63->0(62)
[9,153s][info][gc,heap        ] GC(377) Survivor regions: 9->9(9)
[9,153s][info][gc,heap        ] GC(377) Old regions: 856->850
[9,153s][info][gc,heap        ] GC(377) Humongous regions: 0->0
[9,153s][info][gc,metaspace   ] GC(377) Metaspace: 82K(320K)->82K(320K) NonClass: 78K(192K)->78K(192K) Class: 3K(128K)->3K(128K)
[9,153s][info][gc             ] GC(377) Pause Young (Mixed) (G1 Evacuation Pause) 1855M->1717M(2048M) 17,502ms
[9,153s][info][gc,cpu         ] GC(377) User=0,29s Sys=0,01s Real=0,01s
[9,160s][info][gc,start       ] GC(378) Pause Young (Concurrent Start) (G1 Evacuation Pause)
[9,161s][info][gc,task        ] GC(378) Using 18 workers of 18 for evacuation
[9,174s][info][gc,phases      ] GC(378)   Pre Evacuate Collection Set: 0,3ms
[9,174s][info][gc,phases      ] GC(378)   Merge Heap Roots: 0,1ms
[9,174s][info][gc,phases      ] GC(378)   Evacuate Collection Set: 12,4ms
[9,174s][info][gc,phases      ] GC(378)   Post Evacuate Collection Set: 0,2ms
[9,174s][info][gc,phases      ] GC(378)   Other: 0,1ms
[9,174s][info][gc,heap        ] GC(378) Eden regions: 62->0(42)
[9,174s][info][gc,heap        ] GC(378) Survivor regions: 9->9(9)
[9,174s][info][gc,heap        ] GC(378) Old regions: 850->912
[9,174s][info][gc,heap        ] GC(378) Humongous regions: 0->0
[9,174s][info][gc,metaspace   ] GC(378) Metaspace: 82K(320K)->82K(320K) NonClass: 78K(192K)->78K(192K) Class: 3K(128K)->3K(128K)
[9,174s][info][gc             ] GC(378) Pause Young (Concurrent Start) (G1 Evacuation Pause) 1840M->1840M(2048M) 13,374ms
[9,174s][info][gc             ] GC(379) Concurrent Mark Cycle
[9,174s][info][gc,marking     ] GC(379) Concurrent Scan Root Regions
[9,174s][info][gc,cpu         ] GC(378) User=0,22s Sys=0,00s Real=0,01s
[9,174s][info][gc,marking     ] GC(379) Concurrent Scan Root Regions 0,069ms
[9,174s][info][gc,marking     ] GC(379) Concurrent Mark
[9,174s][info][gc,marking     ] GC(379) Concurrent Mark From Roots
[9,174s][info][gc,task        ] GC(379) Using 5 workers of 5 for marking
[9,177s][info][gc,marking     ] GC(379) Concurrent Mark From Roots 2,609ms
[9,177s][info][gc,marking     ] GC(379) Concurrent Preclean
[9,177s][info][gc,marking     ] GC(379) Concurrent Preclean 0,012ms
[9,177s][info][gc,start       ] GC(379) Pause Remark
[9,178s][info][gc             ] GC(379) Pause Remark 1865M->1563M(2048M) 0,769ms
[9,178s][info][gc,cpu         ] GC(379) User=0,00s Sys=0,00s Real=0,00s
[9,178s][info][gc,marking     ] GC(379) Concurrent Mark 3,659ms
[9,178s][info][gc,marking     ] GC(379) Concurrent Rebuild Remembered Sets and Scrub Regions
[9,180s][info][gc,marking     ] GC(379) Concurrent Rebuild Remembered Sets and Scrub Regions 1,881ms
[9,180s][info][gc,start       ] GC(379) Pause Cleanup
[9,180s][info][gc             ] GC(379) Pause Cleanup 1595M->1595M(2048M) 0,660ms
[9,180s][info][gc,cpu         ] GC(379) User=0,00s Sys=0,00s Real=0,00s
[9,180s][info][gc,marking     ] GC(379) Concurrent Clear Claimed Marks
[9,180s][info][gc,marking     ] GC(379) Concurrent Clear Claimed Marks 0,028ms
[9,180s][info][gc,marking     ] GC(379) Concurrent Cleanup for Next Mark
[9,182s][info][gc,marking     ] GC(379) Concurrent Cleanup for Next Mark 1,617ms
[9,182s][info][gc             ] GC(379) Concurrent Mark Cycle 8,341ms
[9,183s][info][gc,start       ] GC(380) Pause Young (Prepare Mixed) (G1 Evacuation Pause)
[9,183s][info][gc,task        ] GC(380) Using 18 workers of 18 for evacuation
[9,193s][info][gc,phases      ] GC(380)   Pre Evacuate Collection Set: 0,2ms
[9,193s][info][gc,phases      ] GC(380)   Merge Heap Roots: 0,1ms
[9,193s][info][gc,phases      ] GC(380)   Evacuate Collection Set: 9,2ms
[9,193s][info][gc,phases      ] GC(380)   Post Evacuate Collection Set: 0,4ms
[9,193s][info][gc,phases      ] GC(380)   Other: 0,1ms
[9,193s][info][gc,heap        ] GC(380) Eden regions: 42->0(81)
[9,193s][info][gc,heap        ] GC(380) Survivor regions: 9->7(7)
[9,193s][info][gc,heap        ] GC(380) Old regions: 761->804
[9,193s][info][gc,heap        ] GC(380) Humongous regions: 0->0
[9,193s][info][gc,metaspace   ] GC(380) Metaspace: 82K(320K)->82K(320K) NonClass: 78K(192K)->78K(192K) Class: 3K(128K)->3K(128K)
[9,193s][info][gc             ] GC(380) Pause Young (Prepare Mixed) (G1 Evacuation Pause) 1622M->1621M(2048M) 10,214ms
[9,193s][info][gc,cpu         ] GC(380) User=0,16s Sys=0,00s Real=0,01s
[9,203s][info][gc,start       ] GC(381) Pause Young (Mixed) (G1 Evacuation Pause)
[9,203s][info][gc,task        ] GC(381) Using 18 workers of 18 for evacuation
[9,224s][info][gc,phases      ] GC(381)   Pre Evacuate Collection Set: 0,3ms
[9,224s][info][gc,phases      ] GC(381)   Merge Heap Roots: 0,1ms
[9,224s][info][gc,phases      ] GC(381)   Evacuate Collection Set: 19,9ms
[9,224s][info][gc,phases      ] GC(381)   Post Evacuate Collection Set: 0,3ms
[9,224s][info][gc,phases      ] GC(381)   Other: 0,1ms
[9,224s][info][gc,heap        ] GC(381) Eden regions: 81->0(77)
[9,224s][info][gc,heap        ] GC(381) Survivor regions: 7->11(11)
[9,224s][info][gc,heap        ] GC(381) Old regions: 804->805
[9,224s][info][gc,heap        ] GC(381) Humongous regions: 0->0
[9,224s][info][gc,metaspace   ] GC(381) Metaspace: 82K(320K)->82K(320K) NonClass: 78K(192K)->78K(192K) Class: 3K(128K)->3K(128K)
[9,224s][info][gc             ] GC(381) Pause Young (Mixed) (G1 Evacuation Pause) 1783M->1631M(2048M) 20,934ms
[9,224s][info][gc,cpu         ] GC(381) User=0,36s Sys=0,00s Real=0,02s
[9,234s][info][gc,start       ] GC(382) Pause Young (Mixed) (G1 Evacuation Pause)
[9,234s][info][gc,task        ] GC(382) Using 18 workers of 18 for evacuation
[9,257s][info][gc,phases      ] GC(382)   Pre Evacuate Collection Set: 0,2ms
[9,257s][info][gc,phases      ] GC(382)   Merge Heap Roots: 0,1ms
[9,257s][info][gc,phases      ] GC(382)   Evacuate Collection Set: 22,7ms
[9,257s][info][gc,phases      ] GC(382)   Post Evacuate Collection Set: 0,4ms
[9,257s][info][gc,phases      ] GC(382)   Other: 0,1ms
[9,257s][info][gc,heap        ] GC(382) Eden regions: 77->0(63)
[9,257s][info][gc,heap        ] GC(382) Survivor regions: 11->11(11)
[9,257s][info][gc,heap        ] GC(382) Old regions: 805->840
[9,257s][info][gc,heap        ] GC(382) Humongous regions: 0->0
[9,257s][info][gc,metaspace   ] GC(382) Metaspace: 82K(320K)->82K(320K) NonClass: 78K(192K)->78K(192K) Class: 3K(128K)->3K(128K)
[9,257s][info][gc             ] GC(382) Pause Young (Mixed) (G1 Evacuation Pause) (Evacuation Failure) 1785M->1702M(2048M) 23,708ms
[9,257s][info][gc,cpu         ] GC(382) User=0,41s Sys=0,00s Real=0,03s
[9,265s][info][gc,start       ] GC(383) Pause Young (Mixed) (G1 Evacuation Pause)
[9,265s][info][gc,task        ] GC(383) Using 18 workers of 18 for evacuation
[9,285s][info][gc,phases      ] GC(383)   Pre Evacuate Collection Set: 0,3ms
[9,285s][info][gc,phases      ] GC(383)   Merge Heap Roots: 0,1ms
[9,285s][info][gc,phases      ] GC(383)   Evacuate Collection Set: 19,0ms
[9,285s][info][gc,phases      ] GC(383)   Post Evacuate Collection Set: 0,4ms
[9,285s][info][gc,phases      ] GC(383)   Other: 0,1ms
[9,285s][info][gc,heap        ] GC(383) Eden regions: 63->0(55)
[9,285s][info][gc,heap        ] GC(383) Survivor regions: 11->10(10)
[9,285s][info][gc,heap        ] GC(383) Old regions: 840->868
[9,285s][info][gc,heap        ] GC(383) Humongous regions: 0->0
[9,285s][info][gc,metaspace   ] GC(383) Metaspace: 82K(320K)->82K(320K) NonClass: 78K(192K)->78K(192K) Class: 3K(128K)->3K(128K)
[9,285s][info][gc             ] GC(383) Pause Young (Mixed) (G1 Evacuation Pause) (Evacuation Failure) 1827M->1756M(2048M) 20,097ms
[9,286s][info][gc,cpu         ] GC(383) User=0,34s Sys=0,01s Real=0,02s
[9,292s][info][gc,start       ] GC(384) Pause Young (Mixed) (G1 Evacuation Pause)
[9,292s][info][gc,task        ] GC(384) Using 18 workers of 18 for evacuation
[9,309s][info][gc,phases      ] GC(384)   Pre Evacuate Collection Set: 0,3ms
[9,309s][info][gc,phases      ] GC(384)   Merge Heap Roots: 0,1ms
[9,309s][info][gc,phases      ] GC(384)   Evacuate Collection Set: 16,0ms
[9,309s][info][gc,phases      ] GC(384)   Post Evacuate Collection Set: 0,5ms
[9,309s][info][gc,phases      ] GC(384)   Other: 0,1ms
[9,309s][info][gc,heap        ] GC(384) Eden regions: 55->0(47)
[9,309s][info][gc,heap        ] GC(384) Survivor regions: 10->7(9)
[9,309s][info][gc,heap        ] GC(384) Old regions: 868->903
[9,309s][info][gc,heap        ] GC(384) Humongous regions: 0->0
[9,309s][info][gc,metaspace   ] GC(384) Metaspace: 82K(320K)->82K(320K) NonClass: 78K(192K)->78K(192K) Class: 3K(128K)->3K(128K)
[9,309s][info][gc             ] GC(384) Pause Young (Mixed) (G1 Evacuation Pause) (Evacuation Failure) 1865M->1819M(2048M) 17,197ms
[9,309s][info][gc,cpu         ] GC(384) User=0,29s Sys=0,00s Real=0,02s
[9,315s][info][gc,start       ] GC(385) Pause Young (Mixed) (G1 Evacuation Pause)
[9,315s][info][gc,task        ] GC(385) Using 18 workers of 18 for evacuation
[9,327s][info][gc,phases      ] GC(385)   Pre Evacuate Collection Set: 0,2ms
[9,327s][info][gc,phases      ] GC(385)   Merge Heap Roots: 0,1ms
[9,327s][info][gc,phases      ] GC(385)   Evacuate Collection Set: 11,7ms
[9,327s][info][gc,phases      ] GC(385)   Post Evacuate Collection Set: 0,3ms
[9,327s][info][gc,phases      ] GC(385)   Other: 0,1ms
[9,327s][info][gc,heap        ] GC(385) Eden regions: 47->0(52)
[9,327s][info][gc,heap        ] GC(385) Survivor regions: 7->7(7)
[9,327s][info][gc,heap        ] GC(385) Old regions: 903->887
[9,327s][info][gc,heap        ] GC(385) Humongous regions: 0->0
[9,327s][info][gc,metaspace   ] GC(385) Metaspace: 82K(320K)->82K(320K) NonClass: 78K(192K)->78K(192K) Class: 3K(128K)->3K(128K)
[9,328s][info][gc             ] GC(385) Pause Young (Mixed) (G1 Evacuation Pause) (Evacuation Failure) 1913M->1787M(2048M) 12,485ms
[9,328s][info][gc,cpu         ] GC(385) User=0,21s Sys=0,00s Real=0,01s
[9,334s][info][gc,start       ] GC(386) Pause Young (Concurrent Start) (G1 Evacuation Pause)
[9,334s][info][gc,task        ] GC(386) Using 18 workers of 18 for evacuation
[9,345s][info][gc,phases      ] GC(386)   Pre Evacuate Collection Set: 0,3ms
[9,345s][info][gc,phases      ] GC(386)   Merge Heap Roots: 0,1ms
[9,345s][info][gc,phases      ] GC(386)   Evacuate Collection Set: 10,2ms
[9,345s][info][gc,phases      ] GC(386)   Post Evacuate Collection Set: 0,2ms
[9,345s][info][gc,phases      ] GC(386)   Other: 0,1ms
[9,345s][info][gc,heap        ] GC(386) Eden regions: 52->0(43)
[9,345s][info][gc,heap        ] GC(386) Survivor regions: 7->8(8)
[9,345s][info][gc,heap        ] GC(386) Old regions: 887->938
[9,345s][info][gc,heap        ] GC(386) Humongous regions: 0->0
[9,345s][info][gc,metaspace   ] GC(386) Metaspace: 82K(320K)->82K(320K) NonClass: 78K(192K)->78K(192K) Class: 3K(128K)->3K(128K)
[9,345s][info][gc             ] GC(386) Pause Young (Concurrent Start) (G1 Evacuation Pause) 1891M->1890M(2048M) 11,139ms
[9,345s][info][gc             ] GC(387) Concurrent Mark Cycle
[9,345s][info][gc,marking     ] GC(387) Concurrent Scan Root Regions
[9,345s][info][gc,cpu         ] GC(386) User=0,18s Sys=0,00s Real=0,02s
[9,345s][info][gc,marking     ] GC(387) Concurrent Scan Root Regions 0,053ms
[9,345s][info][gc,marking     ] GC(387) Concurrent Mark
[9,345s][info][gc,marking     ] GC(387) Concurrent Mark From Roots
[9,345s][info][gc,task        ] GC(387) Using 5 workers of 5 for marking
[9,348s][info][gc,marking     ] GC(387) Concurrent Mark From Roots 2,701ms
[9,348s][info][gc,marking     ] GC(387) Concurrent Preclean
[9,348s][info][gc,marking     ] GC(387) Concurrent Preclean 0,012ms
[9,348s][info][gc,start       ] GC(387) Pause Remark
[9,349s][info][gc             ] GC(387) Pause Remark 1913M->1589M(2048M) 0,721ms
[9,349s][info][gc,cpu         ] GC(387) User=0,00s Sys=0,00s Real=0,00s
[9,349s][info][gc,marking     ] GC(387) Concurrent Mark 3,613ms
[9,349s][info][gc,marking     ] GC(387) Concurrent Rebuild Remembered Sets and Scrub Regions
[9,350s][info][gc,marking     ] GC(387) Concurrent Rebuild Remembered Sets and Scrub Regions 1,620ms
[9,351s][info][gc,start       ] GC(387) Pause Cleanup
[9,351s][info][gc             ] GC(387) Pause Cleanup 1617M->1617M(2048M) 0,699ms
[9,351s][info][gc,cpu         ] GC(387) User=0,00s Sys=0,00s Real=0,00s
[9,351s][info][gc,marking     ] GC(387) Concurrent Clear Claimed Marks
[9,351s][info][gc,marking     ] GC(387) Concurrent Clear Claimed Marks 0,053ms
[9,351s][info][gc,marking     ] GC(387) Concurrent Cleanup for Next Mark
[9,353s][info][gc,marking     ] GC(387) Concurrent Cleanup for Next Mark 1,571ms
[9,353s][info][gc             ] GC(387) Concurrent Mark Cycle 8,036ms
[9,354s][info][gc,start       ] GC(388) Pause Young (Prepare Mixed) (G1 Evacuation Pause)
[9,354s][info][gc,task        ] GC(388) Using 18 workers of 18 for evacuation
[9,364s][info][gc,phases      ] GC(388)   Pre Evacuate Collection Set: 0,2ms
[9,364s][info][gc,phases      ] GC(388)   Merge Heap Roots: 0,1ms
[9,364s][info][gc,phases      ] GC(388)   Evacuate Collection Set: 9,2ms
[9,364s][info][gc,phases      ] GC(388)   Post Evacuate Collection Set: 0,4ms
[9,364s][info][gc,phases      ] GC(388)   Other: 0,1ms
[9,364s][info][gc,heap        ] GC(388) Eden regions: 43->0(76)
[9,364s][info][gc,heap        ] GC(388) Survivor regions: 8->7(7)
[9,364s][info][gc,heap        ] GC(388) Old regions: 776->820
[9,364s][info][gc,heap        ] GC(388) Humongous regions: 0->0
[9,364s][info][gc,metaspace   ] GC(388) Metaspace: 82K(320K)->82K(320K) NonClass: 78K(192K)->78K(192K) Class: 3K(128K)->3K(128K)
[9,364s][info][gc             ] GC(388) Pause Young (Prepare Mixed) (G1 Evacuation Pause) 1652M->1652M(2048M) 10,149ms
[9,365s][info][gc,cpu         ] GC(388) User=0,16s Sys=0,01s Real=0,01s
[9,374s][info][gc,start       ] GC(389) Pause Young (Mixed) (G1 Evacuation Pause)
[9,374s][info][gc,task        ] GC(389) Using 18 workers of 18 for evacuation
[9,392s][info][gc,phases      ] GC(389)   Pre Evacuate Collection Set: 0,3ms
[9,392s][info][gc,phases      ] GC(389)   Merge Heap Roots: 0,1ms
[9,392s][info][gc,phases      ] GC(389)   Evacuate Collection Set: 17,3ms
[9,392s][info][gc,phases      ] GC(389)   Post Evacuate Collection Set: 0,4ms
[9,392s][info][gc,phases      ] GC(389)   Other: 0,1ms
[9,392s][info][gc,heap        ] GC(389) Eden regions: 76->0(78)
[9,392s][info][gc,heap        ] GC(389) Survivor regions: 7->11(11)
[9,392s][info][gc,heap        ] GC(389) Old regions: 820->806
[9,392s][info][gc,heap        ] GC(389) Humongous regions: 0->0
[9,392s][info][gc,metaspace   ] GC(389) Metaspace: 82K(320K)->82K(320K) NonClass: 78K(192K)->78K(192K) Class: 3K(128K)->3K(128K)
[9,392s][info][gc             ] GC(389) Pause Young (Mixed) (G1 Evacuation Pause) 1803M->1632M(2048M) 18,321ms
[9,392s][info][gc,cpu         ] GC(389) User=0,30s Sys=0,00s Real=0,02s
[9,402s][info][gc,start       ] GC(390) Pause Young (Mixed) (G1 Evacuation Pause)
[9,402s][info][gc,task        ] GC(390) Using 18 workers of 18 for evacuation
[9,425s][info][gc,phases      ] GC(390)   Pre Evacuate Collection Set: 0,3ms
[9,425s][info][gc,phases      ] GC(390)   Merge Heap Roots: 0,1ms
[9,425s][info][gc,phases      ] GC(390)   Evacuate Collection Set: 22,3ms
[9,425s][info][gc,phases      ] GC(390)   Post Evacuate Collection Set: 0,4ms
[9,425s][info][gc,phases      ] GC(390)   Other: 0,1ms
[9,425s][info][gc,heap        ] GC(390) Eden regions: 78->0(66)
[9,425s][info][gc,heap        ] GC(390) Survivor regions: 11->12(12)
[9,425s][info][gc,heap        ] GC(390) Old regions: 806->838
[9,425s][info][gc,heap        ] GC(390) Humongous regions: 0->0
[9,425s][info][gc,metaspace   ] GC(390) Metaspace: 82K(320K)->82K(320K) NonClass: 78K(192K)->78K(192K) Class: 3K(128K)->3K(128K)
[9,425s][info][gc             ] GC(390) Pause Young (Mixed) (G1 Evacuation Pause) (Evacuation Failure) 1788M->1700M(2048M) 23,437ms
[9,426s][info][gc,cpu         ] GC(390) User=0,40s Sys=0,00s Real=0,03s
[9,434s][info][gc,start       ] GC(391) Pause Young (Mixed) (G1 Evacuation Pause)
[9,434s][info][gc,task        ] GC(391) Using 18 workers of 18 for evacuation
[9,453s][info][gc,phases      ] GC(391)   Pre Evacuate Collection Set: 0,3ms
[9,453s][info][gc,phases      ] GC(391)   Merge Heap Roots: 0,1ms
[9,453s][info][gc,phases      ] GC(391)   Evacuate Collection Set: 18,6ms
[9,453s][info][gc,phases      ] GC(391)   Post Evacuate Collection Set: 0,4ms
[9,453s][info][gc,phases      ] GC(391)   Other: 0,1ms
[9,453s][info][gc,heap        ] GC(391) Eden regions: 66->0(61)
[9,453s][info][gc,heap        ] GC(391) Survivor regions: 12->10(10)
[9,453s][info][gc,heap        ] GC(391) Old regions: 838->852
[9,453s][info][gc,heap        ] GC(391) Humongous regions: 0->0
[9,453s][info][gc,metaspace   ] GC(391) Metaspace: 82K(320K)->82K(320K) NonClass: 78K(192K)->78K(192K) Class: 3K(128K)->3K(128K)
[9,453s][info][gc             ] GC(391) Pause Young (Mixed) (G1 Evacuation Pause) (Evacuation Failure) 1831M->1724M(2048M) 19,775ms
[9,453s][info][gc,cpu         ] GC(391) User=0,33s Sys=0,01s Real=0,02s
[9,461s][info][gc,start       ] GC(392) Pause Young (Mixed) (G1 Evacuation Pause)
[9,461s][info][gc,task        ] GC(392) Using 18 workers of 18 for evacuation
[9,479s][info][gc,phases      ] GC(392)   Pre Evacuate Collection Set: 0,3ms
[9,480s][info][gc,phases      ] GC(392)   Merge Heap Roots: 0,1ms
[9,480s][info][gc,phases      ] GC(392)   Evacuate Collection Set: 17,8ms
[9,480s][info][gc,phases      ] GC(392)   Post Evacuate Collection Set: 0,4ms
[9,480s][info][gc,phases      ] GC(392)   Other: 0,1ms
[9,480s][info][gc,heap        ] GC(392) Eden regions: 61->0(61)
[9,480s][info][gc,heap        ] GC(392) Survivor regions: 10->9(9)
[9,480s][info][gc,heap        ] GC(392) Old regions: 852->856
[9,480s][info][gc,heap        ] GC(392) Humongous regions: 0->0
[9,480s][info][gc,metaspace   ] GC(392) Metaspace: 82K(320K)->82K(320K) NonClass: 78K(192K)->78K(192K) Class: 3K(128K)->3K(128K)
[9,480s][info][gc             ] GC(392) Pause Young (Mixed) (G1 Evacuation Pause) (Evacuation Failure) 1845M->1730M(2048M) 18,828ms
[9,480s][info][gc,cpu         ] GC(392) User=0,31s Sys=0,00s Real=0,02s
[9,487s][info][gc,start       ] GC(393) Pause Young (Mixed) (G1 Evacuation Pause)
[9,487s][info][gc,task        ] GC(393) Using 18 workers of 18 for evacuation
[9,505s][info][gc,phases      ] GC(393)   Pre Evacuate Collection Set: 0,3ms
[9,505s][info][gc,phases      ] GC(393)   Merge Heap Roots: 0,1ms
[9,505s][info][gc,phases      ] GC(393)   Evacuate Collection Set: 16,8ms
[9,505s][info][gc,phases      ] GC(393)   Post Evacuate Collection Set: 0,3ms
[9,505s][info][gc,phases      ] GC(393)   Other: 0,1ms
[9,505s][info][gc,heap        ] GC(393) Eden regions: 61->0(64)
[9,505s][info][gc,heap        ] GC(393) Survivor regions: 9->9(9)
[9,505s][info][gc,heap        ] GC(393) Old regions: 856->849
[9,505s][info][gc,heap        ] GC(393) Humongous regions: 0->0
[9,505s][info][gc,metaspace   ] GC(393) Metaspace: 82K(320K)->82K(320K) NonClass: 78K(192K)->78K(192K) Class: 3K(128K)->3K(128K)
[9,505s][info][gc             ] GC(393) Pause Young (Mixed) (G1 Evacuation Pause) (Evacuation Failure) 1851M->1716M(2048M) 17,925ms
[9,505s][info][gc,cpu         ] GC(393) User=0,30s Sys=0,00s Real=0,02s
[9,513s][info][gc,start       ] GC(394) Pause Young (Mixed) (G1 Evacuation Pause)
[9,513s][info][gc,task        ] GC(394) Using 18 workers of 18 for evacuation
[9,527s][info][gc,phases      ] GC(394)   Pre Evacuate Collection Set: 0,2ms
[9,527s][info][gc,phases      ] GC(394)   Merge Heap Roots: 0,1ms
[9,527s][info][gc,phases      ] GC(394)   Evacuate Collection Set: 13,0ms
[9,527s][info][gc,phases      ] GC(394)   Post Evacuate Collection Set: 0,3ms
[9,527s][info][gc,phases      ] GC(394)   Other: 0,1ms
[9,527s][info][gc,heap        ] GC(394) Eden regions: 64->0(43)
[9,527s][info][gc,heap        ] GC(394) Survivor regions: 9->10(10)
[9,527s][info][gc,heap        ] GC(394) Old regions: 849->900
[9,527s][info][gc,heap        ] GC(394) Humongous regions: 0->0
[9,527s][info][gc,metaspace   ] GC(394) Metaspace: 82K(320K)->82K(320K) NonClass: 78K(192K)->78K(192K) Class: 3K(128K)->3K(128K)
[9,527s][info][gc             ] GC(394) Pause Young (Mixed) (G1 Evacuation Pause) 1843M->1819M(2048M) 13,923ms
[9,527s][info][gc,cpu         ] GC(394) User=0,23s Sys=0,00s Real=0,02s
[9,532s][info][gc,start       ] GC(395) Pause Young (Concurrent Start) (G1 Evacuation Pause)
[9,532s][info][gc,task        ] GC(395) Using 18 workers of 18 for evacuation
[9,542s][info][gc,phases      ] GC(395)   Pre Evacuate Collection Set: 0,3ms
[9,542s][info][gc,phases      ] GC(395)   Merge Heap Roots: 0,1ms
[9,542s][info][gc,phases      ] GC(395)   Evacuate Collection Set: 9,4ms
[9,542s][info][gc,phases      ] GC(395)   Post Evacuate Collection Set: 0,2ms
[9,542s][info][gc,phases      ] GC(395)   Other: 0,1ms
[9,542s][info][gc,heap        ] GC(395) Eden regions: 43->0(44)
[9,542s][info][gc,heap        ] GC(395) Survivor regions: 10->7(7)
[9,542s][info][gc,heap        ] GC(395) Old regions: 900->946
[9,542s][info][gc,heap        ] GC(395) Humongous regions: 0->0
[9,542s][info][gc,metaspace   ] GC(395) Metaspace: 82K(320K)->82K(320K) NonClass: 78K(192K)->78K(192K) Class: 3K(128K)->3K(128K)
[9,542s][info][gc             ] GC(395) Pause Young (Concurrent Start) (G1 Evacuation Pause) 1904M->1904M(2048M) 10,308ms
[9,542s][info][gc,cpu         ] GC(395) User=0,16s Sys=0,00s Real=0,01s
[9,542s][info][gc             ] GC(396) Concurrent Mark Cycle
[9,542s][info][gc,marking     ] GC(396) Concurrent Scan Root Regions
[9,542s][info][gc,marking     ] GC(396) Concurrent Scan Root Regions 0,048ms
[9,542s][info][gc,marking     ] GC(396) Concurrent Mark
[9,542s][info][gc,marking     ] GC(396) Concurrent Mark From Roots
[9,543s][info][gc,task        ] GC(396) Using 5 workers of 5 for marking
[9,545s][info][gc,marking     ] GC(396) Concurrent Mark From Roots 2,728ms
[9,545s][info][gc,marking     ] GC(396) Concurrent Preclean
[9,545s][info][gc,marking     ] GC(396) Concurrent Preclean 0,012ms
[9,545s][info][gc,start       ] GC(396) Pause Remark
[9,546s][info][gc             ] GC(396) Pause Remark 1931M->1561M(2048M) 0,764ms
[9,546s][info][gc,cpu         ] GC(396) User=0,00s Sys=0,00s Real=0,00s
[9,546s][info][gc,marking     ] GC(396) Concurrent Mark 3,794ms
[9,546s][info][gc,marking     ] GC(396) Concurrent Rebuild Remembered Sets and Scrub Regions
[9,548s][info][gc,marking     ] GC(396) Concurrent Rebuild Remembered Sets and Scrub Regions 2,002ms
[9,549s][info][gc,start       ] GC(396) Pause Cleanup
[9,549s][info][gc             ] GC(396) Pause Cleanup 1595M->1595M(2048M) 0,772ms
[9,549s][info][gc,cpu         ] GC(396) User=0,00s Sys=0,00s Real=0,00s
[9,549s][info][gc,marking     ] GC(396) Concurrent Clear Claimed Marks
[9,549s][info][gc,marking     ] GC(396) Concurrent Clear Claimed Marks 0,027ms
[9,549s][info][gc,marking     ] GC(396) Concurrent Cleanup for Next Mark
[9,551s][info][gc,marking     ] GC(396) Concurrent Cleanup for Next Mark 1,682ms
[9,551s][info][gc             ] GC(396) Concurrent Mark Cycle 8,779ms
[9,552s][info][gc,start       ] GC(397) Pause Young (Prepare Mixed) (G1 Evacuation Pause)
[9,552s][info][gc,task        ] GC(397) Using 18 workers of 18 for evacuation
[9,562s][info][gc,phases      ] GC(397)   Pre Evacuate Collection Set: 0,2ms
[9,562s][info][gc,phases      ] GC(397)   Merge Heap Roots: 0,1ms
[9,562s][info][gc,phases      ] GC(397)   Evacuate Collection Set: 9,2ms
[9,562s][info][gc,phases      ] GC(397)   Post Evacuate Collection Set: 0,4ms
[9,562s][info][gc,phases      ] GC(397)   Other: 0,1ms
[9,562s][info][gc,heap        ] GC(397) Eden regions: 44->0(83)
[9,562s][info][gc,heap        ] GC(397) Survivor regions: 7->7(7)
[9,562s][info][gc,heap        ] GC(397) Old regions: 761->804
[9,562s][info][gc,heap        ] GC(397) Humongous regions: 0->0
[9,562s][info][gc,metaspace   ] GC(397) Metaspace: 82K(320K)->82K(320K) NonClass: 78K(192K)->78K(192K) Class: 3K(128K)->3K(128K)
[9,562s][info][gc             ] GC(397) Pause Young (Prepare Mixed) (G1 Evacuation Pause) 1622M->1621M(2048M) 10,236ms
[9,562s][info][gc,cpu         ] GC(397) User=0,17s Sys=0,00s Real=0,01s
[9,573s][info][gc,start       ] GC(398) Pause Young (Mixed) (G1 Evacuation Pause)
[9,573s][info][gc,task        ] GC(398) Using 18 workers of 18 for evacuation
[9,592s][info][gc,phases      ] GC(398)   Pre Evacuate Collection Set: 0,3ms
[9,592s][info][gc,phases      ] GC(398)   Merge Heap Roots: 0,1ms
[9,592s][info][gc,phases      ] GC(398)   Evacuate Collection Set: 18,7ms
[9,592s][info][gc,phases      ] GC(398)   Post Evacuate Collection Set: 0,4ms
[9,592s][info][gc,phases      ] GC(398)   Other: 0,1ms
[9,592s][info][gc,heap        ] GC(398) Eden regions: 83->0(81)
[9,592s][info][gc,heap        ] GC(398) Survivor regions: 7->12(12)
[9,592s][info][gc,heap        ] GC(398) Old regions: 804->797
[9,592s][info][gc,heap        ] GC(398) Humongous regions: 0->0
[9,592s][info][gc,metaspace   ] GC(398) Metaspace: 82K(320K)->82K(320K) NonClass: 78K(192K)->78K(192K) Class: 3K(128K)->3K(128K)
[9,592s][info][gc             ] GC(398) Pause Young (Mixed) (G1 Evacuation Pause) 1787M->1617M(2048M) 19,923ms
[9,592s][info][gc,cpu         ] GC(398) User=0,33s Sys=0,01s Real=0,02s
[9,602s][info][gc,start       ] GC(399) Pause Young (Mixed) (G1 Evacuation Pause)
[9,603s][info][gc,task        ] GC(399) Using 18 workers of 18 for evacuation
[9,627s][info][gc,phases      ] GC(399)   Pre Evacuate Collection Set: 0,3ms
[9,627s][info][gc,phases      ] GC(399)   Merge Heap Roots: 0,1ms
[9,627s][info][gc,phases      ] GC(399)   Evacuate Collection Set: 23,3ms
[9,627s][info][gc,phases      ] GC(399)   Post Evacuate Collection Set: 0,4ms
[9,627s][info][gc,phases      ] GC(399)   Other: 0,1ms
[9,627s][info][gc,heap        ] GC(399) Eden regions: 81->0(72)
[9,627s][info][gc,heap        ] GC(399) Survivor regions: 12->12(12)
[9,627s][info][gc,heap        ] GC(399) Old regions: 797->818
[9,627s][info][gc,heap        ] GC(399) Humongous regions: 0->0
[9,627s][info][gc,metaspace   ] GC(399) Metaspace: 82K(320K)->82K(320K) NonClass: 78K(192K)->78K(192K) Class: 3K(128K)->3K(128K)
[9,627s][info][gc             ] GC(399) Pause Young (Mixed) (G1 Evacuation Pause) (Evacuation Failure) 1778M->1660M(2048M) 24,416ms
[9,627s][info][gc,cpu         ] GC(399) User=0,41s Sys=0,00s Real=0,03s
[9,636s][info][gc,start       ] GC(400) Pause Young (Mixed) (G1 Evacuation Pause)
[9,636s][info][gc,task        ] GC(400) Using 18 workers of 18 for evacuation
[9,658s][info][gc,phases      ] GC(400)   Pre Evacuate Collection Set: 0,3ms
[9,658s][info][gc,phases      ] GC(400)   Merge Heap Roots: 0,1ms
[9,658s][info][gc,phases      ] GC(400)   Evacuate Collection Set: 21,1ms
[9,658s][info][gc,phases      ] GC(400)   Post Evacuate Collection Set: 0,4ms
[9,658s][info][gc,phases      ] GC(400)   Other: 0,1ms
[9,658s][info][gc,heap        ] GC(400) Eden regions: 72->0(62)
[9,658s][info][gc,heap        ] GC(400) Survivor regions: 12->11(11)
[9,658s][info][gc,heap        ] GC(400) Old regions: 818->849
[9,658s][info][gc,heap        ] GC(400) Humongous regions: 0->0
[9,658s][info][gc,metaspace   ] GC(400) Metaspace: 82K(320K)->82K(320K) NonClass: 78K(192K)->78K(192K) Class: 3K(128K)->3K(128K)
[9,658s][info][gc             ] GC(400) Pause Young (Mixed) (G1 Evacuation Pause) (Evacuation Failure) 1803M->1720M(2048M) 22,300ms
[9,658s][info][gc,cpu         ] GC(400) User=0,38s Sys=0,00s Real=0,02s
[9,666s][info][gc,start       ] GC(401) Pause Young (Mixed) (G1 Evacuation Pause)
[9,666s][info][gc,task        ] GC(401) Using 18 workers of 18 for evacuation
[9,684s][info][gc,phases      ] GC(401)   Pre Evacuate Collection Set: 0,3ms
[9,685s][info][gc,phases      ] GC(401)   Merge Heap Roots: 0,1ms
[9,685s][info][gc,phases      ] GC(401)   Evacuate Collection Set: 17,8ms
[9,685s][info][gc,phases      ] GC(401)   Post Evacuate Collection Set: 0,4ms
[9,685s][info][gc,phases      ] GC(401)   Other: 0,1ms
[9,685s][info][gc,heap        ] GC(401) Eden regions: 62->0(56)
[9,685s][info][gc,heap        ] GC(401) Survivor regions: 11->10(10)
[9,685s][info][gc,heap        ] GC(401) Old regions: 849->875
[9,685s][info][gc,heap        ] GC(401) Humongous regions: 0->0
[9,685s][info][gc,metaspace   ] GC(401) Metaspace: 82K(320K)->82K(320K) NonClass: 78K(192K)->78K(192K) Class: 3K(128K)->3K(128K)
[9,685s][info][gc             ] GC(401) Pause Young (Mixed) (G1 Evacuation Pause) (Evacuation Failure) 1843M->1770M(2048M) 18,944ms
[9,685s][info][gc,cpu         ] GC(401) User=0,32s Sys=0,01s Real=0,01s
[9,691s][info][gc,start       ] GC(402) Pause Young (Mixed) (G1 Evacuation Pause)
[9,692s][info][gc,task        ] GC(402) Using 18 workers of 18 for evacuation
[9,707s][info][gc,phases      ] GC(402)   Pre Evacuate Collection Set: 0,2ms
[9,707s][info][gc,phases      ] GC(402)   Merge Heap Roots: 0,1ms
[9,707s][info][gc,phases      ] GC(402)   Evacuate Collection Set: 14,5ms
[9,707s][info][gc,phases      ] GC(402)   Post Evacuate Collection Set: 0,4ms
[9,707s][info][gc,phases      ] GC(402)   Other: 0,1ms
[9,707s][info][gc,heap        ] GC(402) Eden regions: 56->0(58)
[9,707s][info][gc,heap        ] GC(402) Survivor regions: 10->9(9)
[9,707s][info][gc,heap        ] GC(402) Old regions: 875->881
[9,707s][info][gc,heap        ] GC(402) Humongous regions: 0->0
[9,707s][info][gc,metaspace   ] GC(402) Metaspace: 82K(320K)->82K(320K) NonClass: 78K(192K)->78K(192K) Class: 3K(128K)->3K(128K)
[9,707s][info][gc             ] GC(402) Pause Young (Mixed) (G1 Evacuation Pause) (Evacuation Failure) 1881M->1780M(2048M) 15,447ms
[9,707s][info][gc,cpu         ] GC(402) User=0,25s Sys=0,00s Real=0,02s
[9,714s][info][gc,start       ] GC(403) Pause Young (Mixed) (G1 Evacuation Pause)
[9,714s][info][gc,task        ] GC(403) Using 18 workers of 18 for evacuation
[9,726s][info][gc,phases      ] GC(403)   Pre Evacuate Collection Set: 0,2ms
[9,726s][info][gc,phases      ] GC(403)   Merge Heap Roots: 0,1ms
[9,726s][info][gc,phases      ] GC(403)   Evacuate Collection Set: 11,8ms
[9,726s][info][gc,phases      ] GC(403)   Post Evacuate Collection Set: 0,2ms
[9,726s][info][gc,phases      ] GC(403)   Other: 0,1ms
[9,726s][info][gc,heap        ] GC(403) Eden regions: 58->0(42)
[9,726s][info][gc,heap        ] GC(403) Survivor regions: 9->9(9)
[9,726s][info][gc,heap        ] GC(403) Old regions: 881->935
[9,726s][info][gc,heap        ] GC(403) Humongous regions: 0->0
[9,726s][info][gc,metaspace   ] GC(403) Metaspace: 82K(320K)->82K(320K) NonClass: 78K(192K)->78K(192K) Class: 3K(128K)->3K(128K)
[9,726s][info][gc             ] GC(403) Pause Young (Mixed) (G1 Evacuation Pause) 1895M->1887M(2048M) 12,664ms
[9,726s][info][gc,cpu         ] GC(403) User=0,21s Sys=0,00s Real=0,02s
[9,731s][info][gc,start       ] GC(404) Pause Young (Concurrent Start) (G1 Evacuation Pause)
[9,732s][info][gc,task        ] GC(404) Using 18 workers of 18 for evacuation
[9,739s][info][gc,phases      ] GC(404)   Pre Evacuate Collection Set: 0,3ms
[9,739s][info][gc,phases      ] GC(404)   Merge Heap Roots: 0,1ms
[9,739s][info][gc,phases      ] GC(404)   Evacuate Collection Set: 7,1ms
[9,739s][info][gc,phases      ] GC(404)   Post Evacuate Collection Set: 0,3ms
[9,739s][info][gc,phases      ] GC(404)   Other: 0,1ms
[9,739s][info][gc,heap        ] GC(404) Eden regions: 42->0(31)
[9,739s][info][gc,heap        ] GC(404) Survivor regions: 9->7(7)
[9,739s][info][gc,heap        ] GC(404) Old regions: 935->979
[9,739s][info][gc,heap        ] GC(404) Humongous regions: 0->0
[9,739s][info][gc,metaspace   ] GC(404) Metaspace: 82K(320K)->82K(320K) NonClass: 78K(192K)->78K(192K) Class: 3K(128K)->3K(128K)
[9,739s][info][gc             ] GC(404) Pause Young (Concurrent Start) (G1 Evacuation Pause) (Evacuation Failure) 1970M->1972M(2048M) 7,971ms
[9,739s][info][gc,cpu         ] GC(404) User=0,12s Sys=0,00s Real=0,01s
[9,739s][info][gc             ] GC(405) Concurrent Mark Cycle
[9,739s][info][gc,marking     ] GC(405) Concurrent Scan Root Regions
[9,740s][info][gc,marking     ] GC(405) Concurrent Scan Root Regions 0,037ms
[9,740s][info][gc,marking     ] GC(405) Concurrent Mark
[9,740s][info][gc,marking     ] GC(405) Concurrent Mark From Roots
[9,740s][info][gc,task        ] GC(405) Using 5 workers of 5 for marking
[9,742s][info][gc,marking     ] GC(405) Concurrent Mark From Roots 2,960ms
[9,743s][info][gc,marking     ] GC(405) Concurrent Preclean
[9,743s][info][gc,marking     ] GC(405) Concurrent Preclean 0,013ms
[9,743s][info][gc,start       ] GC(405) Pause Remark
[9,743s][info][gc             ] GC(405) Pause Remark 1999M->1503M(2048M) 0,707ms
[9,743s][info][gc,cpu         ] GC(405) User=0,00s Sys=0,00s Real=0,00s
[9,743s][info][gc,marking     ] GC(405) Concurrent Mark 3,899ms
[9,743s][info][gc,marking     ] GC(405) Concurrent Rebuild Remembered Sets and Scrub Regions
[9,746s][info][gc,start       ] GC(406) Pause Young (Normal) (G1 Evacuation Pause)
[9,746s][info][gc,marking     ] GC(405) Concurrent Rebuild Remembered Sets and Scrub Regions 2,236ms
[9,746s][info][gc,task        ] GC(406) Using 18 workers of 18 for evacuation
[9,753s][info][gc,phases      ] GC(406)   Pre Evacuate Collection Set: 0,4ms
[9,753s][info][gc,phases      ] GC(406)   Merge Heap Roots: 0,1ms
[9,753s][info][gc,phases      ] GC(406)   Evacuate Collection Set: 6,8ms
[9,753s][info][gc,phases      ] GC(406)   Post Evacuate Collection Set: 0,2ms
[9,753s][info][gc,phases      ] GC(406)   Other: 0,1ms
[9,753s][info][gc,heap        ] GC(406) Eden regions: 31->0(103)
[9,753s][info][gc,heap        ] GC(406) Survivor regions: 7->5(5)
[9,753s][info][gc,heap        ] GC(406) Old regions: 731->764
[9,753s][info][gc,heap        ] GC(406) Humongous regions: 0->0
[9,753s][info][gc,metaspace   ] GC(406) Metaspace: 82K(320K)->82K(320K) NonClass: 78K(192K)->78K(192K) Class: 3K(128K)->3K(128K)
[9,753s][info][gc             ] GC(406) Pause Young (Normal) (G1 Evacuation Pause) 1537M->1537M(2048M) 7,722ms
[9,753s][info][gc,cpu         ] GC(406) User=0,12s Sys=0,00s Real=0,00s
[9,754s][info][gc,start       ] GC(405) Pause Cleanup
[9,754s][info][gc             ] GC(405) Pause Cleanup 1537M->1537M(2048M) 0,603ms
[9,754s][info][gc,cpu         ] GC(405) User=0,00s Sys=0,00s Real=0,00s
[9,754s][info][gc,marking     ] GC(405) Concurrent Clear Claimed Marks
[9,754s][info][gc,marking     ] GC(405) Concurrent Clear Claimed Marks 0,024ms
[9,754s][info][gc,marking     ] GC(405) Concurrent Cleanup for Next Mark
[9,755s][info][gc,marking     ] GC(405) Concurrent Cleanup for Next Mark 1,280ms
[9,756s][info][gc             ] GC(405) Concurrent Mark Cycle 16,093ms
[9,768s][info][gc,start       ] GC(407) Pause Young (Prepare Mixed) (G1 Evacuation Pause)
[9,768s][info][gc,task        ] GC(407) Using 18 workers of 18 for evacuation
[9,787s][info][gc,phases      ] GC(407)   Pre Evacuate Collection Set: 0,2ms
[9,787s][info][gc,phases      ] GC(407)   Merge Heap Roots: 0,1ms
[9,787s][info][gc,phases      ] GC(407)   Evacuate Collection Set: 18,7ms
[9,787s][info][gc,phases      ] GC(407)   Post Evacuate Collection Set: 0,4ms
[9,787s][info][gc,phases      ] GC(407)   Other: 0,1ms
[9,787s][info][gc,heap        ] GC(407) Eden regions: 103->0(56)
[9,787s][info][gc,heap        ] GC(407) Survivor regions: 5->14(14)
[9,787s][info][gc,heap        ] GC(407) Old regions: 764->858
[9,787s][info][gc,heap        ] GC(407) Humongous regions: 0->0
[9,787s][info][gc,metaspace   ] GC(407) Metaspace: 82K(320K)->82K(320K) NonClass: 78K(192K)->78K(192K) Class: 3K(128K)->3K(128K)
[9,787s][info][gc             ] GC(407) Pause Young (Prepare Mixed) (G1 Evacuation Pause) 1742M->1742M(2048M) 19,679ms
[9,787s][info][gc,cpu         ] GC(407) User=0,33s Sys=0,00s Real=0,02s
[9,794s][info][gc,start       ] GC(408) Pause Young (Mixed) (G1 Evacuation Pause)
[9,794s][info][gc,task        ] GC(408) Using 18 workers of 18 for evacuation
[9,811s][info][gc,phases      ] GC(408)   Pre Evacuate Collection Set: 0,3ms
[9,811s][info][gc,phases      ] GC(408)   Merge Heap Roots: 0,1ms
[9,811s][info][gc,phases      ] GC(408)   Evacuate Collection Set: 15,9ms
[9,811s][info][gc,phases      ] GC(408)   Post Evacuate Collection Set: 0,3ms
[9,811s][info][gc,phases      ] GC(408)   Other: 0,1ms
[9,811s][info][gc,heap        ] GC(408) Eden regions: 56->0(66)
[9,811s][info][gc,heap        ] GC(408) Survivor regions: 14->9(9)
[9,811s][info][gc,heap        ] GC(408) Old regions: 858->837
[9,811s][info][gc,heap        ] GC(408) Humongous regions: 0->0
[9,811s][info][gc,metaspace   ] GC(408) Metaspace: 82K(320K)->82K(320K) NonClass: 78K(192K)->78K(192K) Class: 3K(128K)->3K(128K)
[9,811s][info][gc             ] GC(408) Pause Young (Mixed) (G1 Evacuation Pause) 1854M->1691M(2048M) 16,912ms
[9,811s][info][gc,cpu         ] GC(408) User=0,28s Sys=0,01s Real=0,02s
[9,819s][info][gc,start       ] GC(409) Pause Young (Mixed) (G1 Evacuation Pause)
[9,819s][info][gc,task        ] GC(409) Using 18 workers of 18 for evacuation
[9,836s][info][gc,phases      ] GC(409)   Pre Evacuate Collection Set: 0,2ms
[9,836s][info][gc,phases      ] GC(409)   Merge Heap Roots: 0,1ms
[9,836s][info][gc,phases      ] GC(409)   Evacuate Collection Set: 15,7ms
[9,836s][info][gc,phases      ] GC(409)   Post Evacuate Collection Set: 0,3ms
[9,836s][info][gc,phases      ] GC(409)   Other: 0,1ms
[9,836s][info][gc,heap        ] GC(409) Eden regions: 66->0(73)
[9,836s][info][gc,heap        ] GC(409) Survivor regions: 9->10(10)
[9,836s][info][gc,heap        ] GC(409) Old regions: 837->815
[9,836s][info][gc,heap        ] GC(409) Humongous regions: 0->0
[9,836s][info][gc,metaspace   ] GC(409) Metaspace: 82K(320K)->82K(320K) NonClass: 78K(192K)->78K(192K) Class: 3K(128K)->3K(128K)
[9,836s][info][gc             ] GC(409) Pause Young (Mixed) (G1 Evacuation Pause) 1822M->1648M(2048M) 16,645ms
[9,836s][info][gc,cpu         ] GC(409) User=0,28s Sys=0,00s Real=0,02s
[9,845s][info][gc,start       ] GC(410) Pause Young (Mixed) (G1 Evacuation Pause)
[9,845s][info][gc,task        ] GC(410) Using 18 workers of 18 for evacuation
[9,866s][info][gc,phases      ] GC(410)   Pre Evacuate Collection Set: 0,3ms
[9,866s][info][gc,phases      ] GC(410)   Merge Heap Roots: 0,1ms
[9,866s][info][gc,phases      ] GC(410)   Evacuate Collection Set: 20,3ms
[9,866s][info][gc,phases      ] GC(410)   Post Evacuate Collection Set: 0,3ms
[9,866s][info][gc,phases      ] GC(410)   Other: 0,1ms
[9,866s][info][gc,heap        ] GC(410) Eden regions: 73->0(71)
[9,866s][info][gc,heap        ] GC(410) Survivor regions: 10->11(11)
[9,866s][info][gc,heap        ] GC(410) Old regions: 815->818
[9,866s][info][gc,heap        ] GC(410) Humongous regions: 0->0
[9,866s][info][gc,metaspace   ] GC(410) Metaspace: 82K(320K)->82K(320K) NonClass: 78K(192K)->78K(192K) Class: 3K(128K)->3K(128K)
[9,866s][info][gc             ] GC(410) Pause Young (Mixed) (G1 Evacuation Pause) 1794M->1657M(2048M) 21,290ms
[9,866s][info][gc,cpu         ] GC(410) User=0,36s Sys=0,00s Real=0,03s
[9,875s][info][gc,start       ] GC(411) Pause Young (Mixed) (G1 Evacuation Pause)
[9,875s][info][gc,task        ] GC(411) Using 18 workers of 18 for evacuation
[9,897s][info][gc,phases      ] GC(411)   Pre Evacuate Collection Set: 0,3ms
[9,897s][info][gc,phases      ] GC(411)   Merge Heap Roots: 0,1ms
[9,897s][info][gc,phases      ] GC(411)   Evacuate Collection Set: 21,3ms
[9,897s][info][gc,phases      ] GC(411)   Post Evacuate Collection Set: 0,3ms
[9,897s][info][gc,phases      ] GC(411)   Other: 0,1ms
[9,897s][info][gc,heap        ] GC(411) Eden regions: 71->0(64)
[9,897s][info][gc,heap        ] GC(411) Survivor regions: 11->11(11)
[9,897s][info][gc,heap        ] GC(411) Old regions: 818->839
[9,897s][info][gc,heap        ] GC(411) Humongous regions: 0->0
[9,897s][info][gc,metaspace   ] GC(411) Metaspace: 82K(320K)->82K(320K) NonClass: 78K(192K)->78K(192K) Class: 3K(128K)->3K(128K)
[9,897s][info][gc             ] GC(411) Pause Young (Mixed) (G1 Evacuation Pause) (Evacuation Failure) 1799M->1700M(2048M) 22,386ms
[9,897s][info][gc,cpu         ] GC(411) User=0,38s Sys=0,00s Real=0,03s
[9,905s][info][gc,start       ] GC(412) Pause Young (Mixed) (G1 Evacuation Pause)
[9,905s][info][gc,task        ] GC(412) Using 18 workers of 18 for evacuation
[9,925s][info][gc,phases      ] GC(412)   Pre Evacuate Collection Set: 0,2ms
[9,925s][info][gc,phases      ] GC(412)   Merge Heap Roots: 0,1ms
[9,925s][info][gc,phases      ] GC(412)   Evacuate Collection Set: 18,9ms
[9,925s][info][gc,phases      ] GC(412)   Post Evacuate Collection Set: 0,3ms
[9,925s][info][gc,phases      ] GC(412)   Other: 0,1ms
[9,925s][info][gc,heap        ] GC(412) Eden regions: 64->0(59)
[9,925s][info][gc,heap        ] GC(412) Survivor regions: 11->10(10)
[9,925s][info][gc,heap        ] GC(412) Old regions: 839->854
[9,925s][info][gc,heap        ] GC(412) Humongous regions: 0->0
[9,925s][info][gc,metaspace   ] GC(412) Metaspace: 82K(320K)->82K(320K) NonClass: 78K(192K)->78K(192K) Class: 3K(128K)->3K(128K)
[9,925s][info][gc             ] GC(412) Pause Young (Mixed) (G1 Evacuation Pause) (Evacuation Failure) 1827M->1728M(2048M) 19,774ms
[9,925s][info][gc,cpu         ] GC(412) User=0,34s Sys=0,00s Real=0,01s
[9,932s][info][gc,start       ] GC(413) Pause Young (Concurrent Start) (G1 Evacuation Pause)
[9,932s][info][gc,task        ] GC(413) Using 18 workers of 18 for evacuation
[9,945s][info][gc,phases      ] GC(413)   Pre Evacuate Collection Set: 0,3ms
[9,945s][info][gc,phases      ] GC(413)   Merge Heap Roots: 0,0ms
[9,945s][info][gc,phases      ] GC(413)   Evacuate Collection Set: 11,9ms
[9,945s][info][gc,phases      ] GC(413)   Post Evacuate Collection Set: 0,2ms
[9,945s][info][gc,phases      ] GC(413)   Other: 0,1ms
[9,945s][info][gc,heap        ] GC(413) Eden regions: 59->0(42)
[9,945s][info][gc,heap        ] GC(413) Survivor regions: 10->9(9)
[9,945s][info][gc,heap        ] GC(413) Old regions: 854->914
[9,945s][info][gc,heap        ] GC(413) Humongous regions: 0->0
[9,945s][info][gc,metaspace   ] GC(413) Metaspace: 82K(320K)->82K(320K) NonClass: 78K(192K)->78K(192K) Class: 3K(128K)->3K(128K)
[9,945s][info][gc             ] GC(413) Pause Young (Concurrent Start) (G1 Evacuation Pause) 1845M->1845M(2048M) 12,894ms
[9,945s][info][gc,cpu         ] GC(413) User=0,22s Sys=0,00s Real=0,02s
[9,945s][info][gc             ] GC(414) Concurrent Mark Cycle
[9,945s][info][gc,marking     ] GC(414) Concurrent Scan Root Regions
[9,945s][info][gc,marking     ] GC(414) Concurrent Scan Root Regions 0,056ms
[9,945s][info][gc,marking     ] GC(414) Concurrent Mark
[9,945s][info][gc,marking     ] GC(414) Concurrent Mark From Roots
[9,945s][info][gc,task        ] GC(414) Using 5 workers of 5 for marking
[9,947s][info][gc,marking     ] GC(414) Concurrent Mark From Roots 2,314ms
[9,947s][info][gc,marking     ] GC(414) Concurrent Preclean
[9,947s][info][gc,marking     ] GC(414) Concurrent Preclean 0,023ms
[9,948s][info][gc,start       ] GC(414) Pause Remark
[9,948s][info][gc             ] GC(414) Pause Remark 1867M->1463M(2048M) 0,696ms
[9,948s][info][gc,cpu         ] GC(414) User=0,00s Sys=0,00s Real=0,00s
[9,948s][info][gc,marking     ] GC(414) Concurrent Mark 3,269ms
[9,948s][info][gc,marking     ] GC(414) Concurrent Rebuild Remembered Sets and Scrub Regions
[9,950s][info][gc,marking     ] GC(414) Concurrent Rebuild Remembered Sets and Scrub Regions 1,273ms
[9,950s][info][gc,start       ] GC(414) Pause Cleanup
[9,951s][info][gc             ] GC(414) Pause Cleanup 1486M->1486M(2048M) 0,752ms
[9,951s][info][gc,cpu         ] GC(414) User=0,00s Sys=0,00s Real=0,00s
[9,951s][info][gc,marking     ] GC(414) Concurrent Clear Claimed Marks
[9,951s][info][gc,marking     ] GC(414) Concurrent Clear Claimed Marks 0,023ms
[9,951s][info][gc,marking     ] GC(414) Concurrent Cleanup for Next Mark
[9,952s][info][gc,marking     ] GC(414) Concurrent Cleanup for Next Mark 1,470ms
[9,952s][info][gc             ] GC(414) Concurrent Mark Cycle 7,257ms
[9,954s][info][gc,start       ] GC(415) Pause Young (Prepare Mixed) (G1 Evacuation Pause)
[9,954s][info][gc,task        ] GC(415) Using 18 workers of 18 for evacuation
[9,964s][info][gc,phases      ] GC(415)   Pre Evacuate Collection Set: 0,2ms
[9,964s][info][gc,phases      ] GC(415)   Merge Heap Roots: 0,1ms
[9,964s][info][gc,phases      ] GC(415)   Evacuate Collection Set: 9,2ms
[9,964s][info][gc,phases      ] GC(415)   Post Evacuate Collection Set: 0,4ms
[9,964s][info][gc,phases      ] GC(415)   Other: 0,1ms
[9,964s][info][gc,heap        ] GC(415) Eden regions: 42->0(102)
[9,964s][info][gc,heap        ] GC(415) Survivor regions: 9->7(7)
[9,964s][info][gc,heap        ] GC(415) Old regions: 712->756
[9,964s][info][gc,heap        ] GC(415) Humongous regions: 0->0
[9,964s][info][gc,metaspace   ] GC(415) Metaspace: 82K(320K)->82K(320K) NonClass: 78K(192K)->78K(192K) Class: 3K(128K)->3K(128K)
[9,964s][info][gc             ] GC(415) Pause Young (Prepare Mixed) (G1 Evacuation Pause) 1524M->1524M(2048M) 10,186ms
[9,964s][info][gc,cpu         ] GC(415) User=0,16s Sys=0,00s Real=0,01s
[9,976s][info][gc,start       ] GC(416) Pause Young (Mixed) (G1 Evacuation Pause)
[9,976s][info][gc,task        ] GC(416) Using 18 workers of 18 for evacuation
[10,002s][info][gc,phases      ] GC(416)   Pre Evacuate Collection Set: 0,3ms
[10,002s][info][gc,phases      ] GC(416)   Merge Heap Roots: 0,1ms
[10,002s][info][gc,phases      ] GC(416)   Evacuate Collection Set: 25,0ms
[10,002s][info][gc,phases      ] GC(416)   Post Evacuate Collection Set: 0,4ms
[10,002s][info][gc,phases      ] GC(416)   Other: 0,1ms
[10,002s][info][gc,heap        ] GC(416) Eden regions: 102->0(84)
[10,002s][info][gc,heap        ] GC(416) Survivor regions: 7->14(14)
[10,002s][info][gc,heap        ] GC(416) Old regions: 756->786
[10,002s][info][gc,heap        ] GC(416) Humongous regions: 0->0
[10,002s][info][gc,metaspace   ] GC(416) Metaspace: 82K(320K)->82K(320K) NonClass: 78K(192K)->78K(192K) Class: 3K(128K)->3K(128K)
[10,003s][info][gc             ] GC(416) Pause Young (Mixed) (G1 Evacuation Pause) 1728M->1598M(2048M) 26,138ms
[10,003s][info][gc,cpu         ] GC(416) User=0,45s Sys=0,00s Real=0,02s
[10,013s][info][gc,start       ] GC(417) Pause Young (Mixed) (G1 Evacuation Pause)
[10,013s][info][gc,task        ] GC(417) Using 18 workers of 18 for evacuation
[10,038s][info][gc,phases      ] GC(417)   Pre Evacuate Collection Set: 0,3ms
[10,038s][info][gc,phases      ] GC(417)   Merge Heap Roots: 0,1ms
[10,038s][info][gc,phases      ] GC(417)   Evacuate Collection Set: 24,1ms
[10,038s][info][gc,phases      ] GC(417)   Post Evacuate Collection Set: 0,4ms
[10,038s][info][gc,phases      ] GC(417)   Other: 0,1ms
[10,038s][info][gc,heap        ] GC(417) Eden regions: 84->0(69)
[10,038s][info][gc,heap        ] GC(417) Survivor regions: 14->13(13)
[10,038s][info][gc,heap        ] GC(417) Old regions: 786->828
[10,038s][info][gc,heap        ] GC(417) Humongous regions: 0->0
[10,038s][info][gc,metaspace   ] GC(417) Metaspace: 82K(320K)->82K(320K) NonClass: 78K(192K)->78K(192K) Class: 3K(128K)->3K(128K)
[10,038s][info][gc             ] GC(417) Pause Young (Mixed) (G1 Evacuation Pause) (Evacuation Failure) 1766M->1682M(2048M) 25,280ms
[10,038s][info][gc,cpu         ] GC(417) User=0,44s Sys=0,00s Real=0,03s
[10,047s][info][gc,start       ] GC(418) Pause Young (Mixed) (G1 Evacuation Pause)
[10,047s][info][gc,task        ] GC(418) Using 18 workers of 18 for evacuation
[10,067s][info][gc,phases      ] GC(418)   Pre Evacuate Collection Set: 0,3ms
[10,067s][info][gc,phases      ] GC(418)   Merge Heap Roots: 0,1ms
[10,067s][info][gc,phases      ] GC(418)   Evacuate Collection Set: 19,8ms
[10,067s][info][gc,phases      ] GC(418)   Post Evacuate Collection Set: 0,4ms
[10,067s][info][gc,phases      ] GC(418)   Other: 0,1ms
[10,067s][info][gc,heap        ] GC(418) Eden regions: 69->0(63)
[10,067s][info][gc,heap        ] GC(418) Survivor regions: 13->11(11)
[10,067s][info][gc,heap        ] GC(418) Old regions: 828->852
[10,067s][info][gc,heap        ] GC(418) Humongous regions: 0->0
[10,067s][info][gc,metaspace   ] GC(418) Metaspace: 82K(320K)->82K(320K) NonClass: 78K(192K)->78K(192K) Class: 3K(128K)->3K(128K)
[10,067s][info][gc             ] GC(418) Pause Young (Mixed) (G1 Evacuation Pause) (Evacuation Failure) 1819M->1726M(2048M) 20,992ms
[10,068s][info][gc,cpu         ] GC(418) User=0,35s Sys=0,00s Real=0,02s
[10,075s][info][gc,start       ] GC(419) Pause Young (Mixed) (G1 Evacuation Pause)
[10,075s][info][gc,task        ] GC(419) Using 18 workers of 18 for evacuation
[10,093s][info][gc,phases      ] GC(419)   Pre Evacuate Collection Set: 0,2ms
[10,093s][info][gc,phases      ] GC(419)   Merge Heap Roots: 0,1ms
[10,093s][info][gc,phases      ] GC(419)   Evacuate Collection Set: 16,9ms
[10,093s][info][gc,phases      ] GC(419)   Post Evacuate Collection Set: 0,5ms
[10,093s][info][gc,phases      ] GC(419)   Other: 0,1ms
[10,093s][info][gc,heap        ] GC(419) Eden regions: 63->0(58)
[10,093s][info][gc,heap        ] GC(419) Survivor regions: 11->10(10)
[10,093s][info][gc,heap        ] GC(419) Old regions: 852->874
[10,093s][info][gc,heap        ] GC(419) Humongous regions: 0->0
[10,093s][info][gc,metaspace   ] GC(419) Metaspace: 82K(320K)->82K(320K) NonClass: 78K(192K)->78K(192K) Class: 3K(128K)->3K(128K)
[10,093s][info][gc             ] GC(419) Pause Young (Mixed) (G1 Evacuation Pause) (Evacuation Failure) 1851M->1768M(2048M) 18,033ms
[10,093s][info][gc,cpu         ] GC(419) User=0,30s Sys=0,00s Real=0,01s
[10,100s][info][gc,start       ] GC(420) Pause Young (Mixed) (G1 Evacuation Pause)
[10,100s][info][gc,task        ] GC(420) Using 18 workers of 18 for evacuation
[10,115s][info][gc,phases      ] GC(420)   Pre Evacuate Collection Set: 0,2ms
[10,115s][info][gc,phases      ] GC(420)   Merge Heap Roots: 0,1ms
[10,115s][info][gc,phases      ] GC(420)   Evacuate Collection Set: 14,3ms
[10,115s][info][gc,phases      ] GC(420)   Post Evacuate Collection Set: 0,3ms
[10,115s][info][gc,phases      ] GC(420)   Other: 0,1ms
[10,115s][info][gc,heap        ] GC(420) Eden regions: 58->0(43)
[10,115s][info][gc,heap        ] GC(420) Survivor regions: 10->9(9)
[10,115s][info][gc,heap        ] GC(420) Old regions: 874->905
[10,115s][info][gc,heap        ] GC(420) Humongous regions: 0->0
[10,116s][info][gc,metaspace   ] GC(420) Metaspace: 82K(320K)->82K(320K) NonClass: 78K(192K)->78K(192K) Class: 3K(128K)->3K(128K)
[10,116s][info][gc             ] GC(420) Pause Young (Mixed) (G1 Evacuation Pause) (Evacuation Failure) 1883M->1828M(2048M) 15,271ms
[10,116s][info][gc,cpu         ] GC(420) User=0,26s Sys=0,00s Real=0,02s
[10,121s][info][gc,start       ] GC(421) Pause Young (Concurrent Start) (G1 Evacuation Pause)
[10,121s][info][gc,task        ] GC(421) Using 18 workers of 18 for evacuation
[10,131s][info][gc,phases      ] GC(421)   Pre Evacuate Collection Set: 0,3ms
[10,131s][info][gc,phases      ] GC(421)   Merge Heap Roots: 0,1ms
[10,131s][info][gc,phases      ] GC(421)   Evacuate Collection Set: 9,3ms
[10,131s][info][gc,phases      ] GC(421)   Post Evacuate Collection Set: 0,2ms
[10,131s][info][gc,phases      ] GC(421)   Other: 0,1ms
[10,131s][info][gc,heap        ] GC(421) Eden regions: 43->0(44)
[10,131s][info][gc,heap        ] GC(421) Survivor regions: 9->7(7)
[10,131s][info][gc,heap        ] GC(421) Old regions: 905->950
[10,131s][info][gc,heap        ] GC(421) Humongous regions: 0->0
[10,131s][info][gc,metaspace   ] GC(421) Metaspace: 82K(320K)->82K(320K) NonClass: 78K(192K)->78K(192K) Class: 3K(128K)->3K(128K)
[10,131s][info][gc             ] GC(421) Pause Young (Concurrent Start) (G1 Evacuation Pause) 1913M->1913M(2048M) 10,300ms
[10,131s][info][gc             ] GC(422) Concurrent Mark Cycle
[10,131s][info][gc,marking     ] GC(422) Concurrent Scan Root Regions
[10,131s][info][gc,cpu         ] GC(421) User=0,16s Sys=0,00s Real=0,01s
[10,131s][info][gc,marking     ] GC(422) Concurrent Scan Root Regions 0,055ms
[10,131s][info][gc,marking     ] GC(422) Concurrent Mark
[10,131s][info][gc,marking     ] GC(422) Concurrent Mark From Roots
[10,131s][info][gc,task        ] GC(422) Using 5 workers of 5 for marking
[10,134s][info][gc,marking     ] GC(422) Concurrent Mark From Roots 2,512ms
[10,134s][info][gc,marking     ] GC(422) Concurrent Preclean
[10,134s][info][gc,marking     ] GC(422) Concurrent Preclean 0,013ms
[10,134s][info][gc,start       ] GC(422) Pause Remark
[10,135s][info][gc             ] GC(422) Pause Remark 1936M->1540M(2048M) 0,754ms
[10,135s][info][gc,cpu         ] GC(422) User=0,00s Sys=0,00s Real=0,00s
[10,135s][info][gc,marking     ] GC(422) Concurrent Mark 3,541ms
[10,135s][info][gc,marking     ] GC(422) Concurrent Rebuild Remembered Sets and Scrub Regions
[10,136s][info][gc,marking     ] GC(422) Concurrent Rebuild Remembered Sets and Scrub Regions 1,660ms
[10,136s][info][gc,start       ] GC(422) Pause Cleanup
[10,137s][info][gc             ] GC(422) Pause Cleanup 1568M->1568M(2048M) 0,791ms
[10,137s][info][gc,cpu         ] GC(422) User=0,00s Sys=0,00s Real=0,00s
[10,137s][info][gc,marking     ] GC(422) Concurrent Clear Claimed Marks
[10,137s][info][gc,marking     ] GC(422) Concurrent Clear Claimed Marks 0,025ms
[10,137s][info][gc,marking     ] GC(422) Concurrent Cleanup for Next Mark
[10,139s][info][gc,marking     ] GC(422) Concurrent Cleanup for Next Mark 1,455ms
[10,139s][info][gc             ] GC(422) Concurrent Mark Cycle 7,885ms
[10,141s][info][gc,start       ] GC(423) Pause Young (Prepare Mixed) (G1 Evacuation Pause)
[10,141s][info][gc,task        ] GC(423) Using 18 workers of 18 for evacuation
[10,151s][info][gc,phases      ] GC(423)   Pre Evacuate Collection Set: 0,2ms
[10,151s][info][gc,phases      ] GC(423)   Merge Heap Roots: 0,1ms
[10,151s][info][gc,phases      ] GC(423)   Evacuate Collection Set: 9,2ms
[10,151s][info][gc,phases      ] GC(423)   Post Evacuate Collection Set: 0,4ms
[10,151s][info][gc,phases      ] GC(423)   Other: 0,1ms
[10,151s][info][gc,heap        ] GC(423) Eden regions: 44->0(86)
[10,151s][info][gc,heap        ] GC(423) Survivor regions: 7->7(7)
[10,151s][info][gc,heap        ] GC(423) Old regions: 752->796
[10,151s][info][gc,heap        ] GC(423) Humongous regions: 0->0
[10,151s][info][gc,metaspace   ] GC(423) Metaspace: 82K(320K)->82K(320K) NonClass: 78K(192K)->78K(192K) Class: 3K(128K)->3K(128K)
[10,151s][info][gc             ] GC(423) Pause Young (Prepare Mixed) (G1 Evacuation Pause) 1604M->1604M(2048M) 10,292ms
[10,151s][info][gc,cpu         ] GC(423) User=0,16s Sys=0,00s Real=0,01s
[10,162s][info][gc,start       ] GC(424) Pause Young (Mixed) (G1 Evacuation Pause)
[10,162s][info][gc,task        ] GC(424) Using 18 workers of 18 for evacuation
[10,181s][info][gc,phases      ] GC(424)   Pre Evacuate Collection Set: 0,3ms
[10,181s][info][gc,phases      ] GC(424)   Merge Heap Roots: 0,1ms
[10,181s][info][gc,phases      ] GC(424)   Evacuate Collection Set: 18,1ms
[10,181s][info][gc,phases      ] GC(424)   Post Evacuate Collection Set: 0,4ms
[10,181s][info][gc,phases      ] GC(424)   Other: 0,1ms
[10,181s][info][gc,heap        ] GC(424) Eden regions: 86->0(86)
[10,181s][info][gc,heap        ] GC(424) Survivor regions: 7->12(12)
[10,181s][info][gc,heap        ] GC(424) Old regions: 796->785
[10,181s][info][gc,heap        ] GC(424) Humongous regions: 0->0
[10,181s][info][gc,metaspace   ] GC(424) Metaspace: 82K(320K)->82K(320K) NonClass: 78K(192K)->78K(192K) Class: 3K(128K)->3K(128K)
[10,182s][info][gc             ] GC(424) Pause Young (Mixed) (G1 Evacuation Pause) 1776M->1592M(2048M) 19,376ms
[10,182s][info][gc,cpu         ] GC(424) User=0,32s Sys=0,01s Real=0,02s
[10,193s][info][gc,start       ] GC(425) Pause Young (Mixed) (G1 Evacuation Pause)
[10,193s][info][gc,task        ] GC(425) Using 18 workers of 18 for evacuation
[10,218s][info][gc,phases      ] GC(425)   Pre Evacuate Collection Set: 0,3ms
[10,218s][info][gc,phases      ] GC(425)   Merge Heap Roots: 0,1ms
[10,218s][info][gc,phases      ] GC(425)   Evacuate Collection Set: 24,3ms
[10,218s][info][gc,phases      ] GC(425)   Post Evacuate Collection Set: 0,3ms
[10,218s][info][gc,phases      ] GC(425)   Other: 0,1ms
[10,218s][info][gc,heap        ] GC(425) Eden regions: 86->0(70)
[10,218s][info][gc,heap        ] GC(425) Survivor regions: 12->13(13)
[10,218s][info][gc,heap        ] GC(425) Old regions: 785->823
[10,218s][info][gc,heap        ] GC(425) Humongous regions: 0->0
[10,218s][info][gc,metaspace   ] GC(425) Metaspace: 82K(320K)->82K(320K) NonClass: 78K(192K)->78K(192K) Class: 3K(128K)->3K(128K)
[10,218s][info][gc             ] GC(425) Pause Young (Mixed) (G1 Evacuation Pause) (Evacuation Failure) 1764M->1672M(2048M) 25,442ms
[10,218s][info][gc,cpu         ] GC(425) User=0,42s Sys=0,01s Real=0,03s
[10,227s][info][gc,start       ] GC(426) Pause Young (Mixed) (G1 Evacuation Pause)
[10,227s][info][gc,task        ] GC(426) Using 18 workers of 18 for evacuation
[10,248s][info][gc,phases      ] GC(426)   Pre Evacuate Collection Set: 0,2ms
[10,248s][info][gc,phases      ] GC(426)   Merge Heap Roots: 0,1ms
[10,248s][info][gc,phases      ] GC(426)   Evacuate Collection Set: 20,3ms
[10,248s][info][gc,phases      ] GC(426)   Post Evacuate Collection Set: 0,4ms
[10,248s][info][gc,phases      ] GC(426)   Other: 0,1ms
[10,248s][info][gc,heap        ] GC(426) Eden regions: 70->0(63)
[10,248s][info][gc,heap        ] GC(426) Survivor regions: 13->11(11)
[10,248s][info][gc,heap        ] GC(426) Old regions: 823->851
[10,248s][info][gc,heap        ] GC(426) Humongous regions: 0->0
[10,248s][info][gc,metaspace   ] GC(426) Metaspace: 82K(320K)->82K(320K) NonClass: 78K(192K)->78K(192K) Class: 3K(128K)->3K(128K)
[10,248s][info][gc             ] GC(426) Pause Young (Mixed) (G1 Evacuation Pause) (Evacuation Failure) 1811M->1724M(2048M) 21,277ms
[10,248s][info][gc,cpu         ] GC(426) User=0,37s Sys=0,00s Real=0,02s
[10,256s][info][gc,start       ] GC(427) Pause Young (Mixed) (G1 Evacuation Pause)
[10,256s][info][gc,task        ] GC(427) Using 18 workers of 18 for evacuation
[10,274s][info][gc,phases      ] GC(427)   Pre Evacuate Collection Set: 0,2ms
[10,274s][info][gc,phases      ] GC(427)   Merge Heap Roots: 0,1ms
[10,274s][info][gc,phases      ] GC(427)   Evacuate Collection Set: 17,1ms
[10,274s][info][gc,phases      ] GC(427)   Post Evacuate Collection Set: 0,5ms
[10,274s][info][gc,phases      ] GC(427)   Other: 0,1ms
[10,274s][info][gc,heap        ] GC(427) Eden regions: 63->0(56)
[10,274s][info][gc,heap        ] GC(427) Survivor regions: 11->10(10)
[10,274s][info][gc,heap        ] GC(427) Old regions: 851->880
[10,274s][info][gc,heap        ] GC(427) Humongous regions: 0->0
[10,274s][info][gc,metaspace   ] GC(427) Metaspace: 82K(320K)->82K(320K) NonClass: 78K(192K)->78K(192K) Class: 3K(128K)->3K(128K)
[10,274s][info][gc             ] GC(427) Pause Young (Mixed) (G1 Evacuation Pause) (Evacuation Failure) 1849M->1780M(2048M) 18,162ms
[10,274s][info][gc,cpu         ] GC(427) User=0,31s Sys=0,00s Real=0,01s
[10,281s][info][gc,start       ] GC(428) Pause Young (Mixed) (G1 Evacuation Pause)
[10,281s][info][gc,task        ] GC(428) Using 18 workers of 18 for evacuation
[10,294s][info][gc,phases      ] GC(428)   Pre Evacuate Collection Set: 0,2ms
[10,294s][info][gc,phases      ] GC(428)   Merge Heap Roots: 0,1ms
[10,294s][info][gc,phases      ] GC(428)   Evacuate Collection Set: 12,6ms
[10,294s][info][gc,phases      ] GC(428)   Post Evacuate Collection Set: 0,3ms
[10,294s][info][gc,phases      ] GC(428)   Other: 0,1ms
[10,294s][info][gc,heap        ] GC(428) Eden regions: 56->0(67)
[10,294s][info][gc,heap        ] GC(428) Survivor regions: 10->9(9)
[10,294s][info][gc,heap        ] GC(428) Old regions: 880->843
[10,294s][info][gc,heap        ] GC(428) Humongous regions: 0->0
[10,294s][info][gc,metaspace   ] GC(428) Metaspace: 82K(320K)->82K(320K) NonClass: 78K(192K)->78K(192K) Class: 3K(128K)->3K(128K)
[10,294s][info][gc             ] GC(428) Pause Young (Mixed) (G1 Evacuation Pause) 1891M->1703M(2048M) 13,484ms
[10,294s][info][gc,cpu         ] GC(428) User=0,23s Sys=0,00s Real=0,01s
[10,303s][info][gc,start       ] GC(429) Pause Young (Concurrent Start) (G1 Evacuation Pause)
[10,303s][info][gc,task        ] GC(429) Using 18 workers of 18 for evacuation
[10,317s][info][gc,phases      ] GC(429)   Pre Evacuate Collection Set: 0,2ms
[10,317s][info][gc,phases      ] GC(429)   Merge Heap Roots: 0,0ms
[10,317s][info][gc,phases      ] GC(429)   Evacuate Collection Set: 13,3ms
[10,317s][info][gc,phases      ] GC(429)   Post Evacuate Collection Set: 0,2ms
[10,317s][info][gc,phases      ] GC(429)   Other: 0,1ms
[10,317s][info][gc,heap        ] GC(429) Eden regions: 67->0(41)
[10,317s][info][gc,heap        ] GC(429) Survivor regions: 9->10(10)
[10,317s][info][gc,heap        ] GC(429) Old regions: 843->909
[10,317s][info][gc,heap        ] GC(429) Humongous regions: 0->0
[10,317s][info][gc,metaspace   ] GC(429) Metaspace: 82K(320K)->82K(320K) NonClass: 78K(192K)->78K(192K) Class: 3K(128K)->3K(128K)
[10,317s][info][gc             ] GC(429) Pause Young (Concurrent Start) (G1 Evacuation Pause) 1836M->1836M(2048M) 14,040ms
[10,317s][info][gc,cpu         ] GC(429) User=0,24s Sys=0,00s Real=0,02s
[10,317s][info][gc             ] GC(430) Concurrent Mark Cycle
[10,317s][info][gc,marking     ] GC(430) Concurrent Scan Root Regions
[10,317s][info][gc,marking     ] GC(430) Concurrent Scan Root Regions 0,067ms
[10,317s][info][gc,marking     ] GC(430) Concurrent Mark
[10,317s][info][gc,marking     ] GC(430) Concurrent Mark From Roots
[10,317s][info][gc,task        ] GC(430) Using 5 workers of 5 for marking
[10,320s][info][gc,marking     ] GC(430) Concurrent Mark From Roots 2,813ms
[10,320s][info][gc,marking     ] GC(430) Concurrent Preclean
[10,320s][info][gc,marking     ] GC(430) Concurrent Preclean 0,015ms
[10,320s][info][gc,start       ] GC(430) Pause Remark
[10,321s][info][gc             ] GC(430) Pause Remark 1863M->1537M(2048M) 0,640ms
[10,321s][info][gc,cpu         ] GC(430) User=0,01s Sys=0,00s Real=0,00s
[10,321s][info][gc,marking     ] GC(430) Concurrent Mark 3,718ms
[10,321s][info][gc,marking     ] GC(430) Concurrent Rebuild Remembered Sets and Scrub Regions
[10,322s][info][gc,marking     ] GC(430) Concurrent Rebuild Remembered Sets and Scrub Regions 1,734ms
[10,323s][info][gc,start       ] GC(430) Pause Cleanup
[10,323s][info][gc             ] GC(430) Pause Cleanup 1567M->1567M(2048M) 0,632ms
[10,323s][info][gc,cpu         ] GC(430) User=0,00s Sys=0,01s Real=0,00s
[10,323s][info][gc,marking     ] GC(430) Concurrent Clear Claimed Marks
[10,323s][info][gc,marking     ] GC(430) Concurrent Clear Claimed Marks 0,026ms
[10,323s][info][gc,marking     ] GC(430) Concurrent Cleanup for Next Mark
[10,325s][info][gc,marking     ] GC(430) Concurrent Cleanup for Next Mark 1,415ms
[10,325s][info][gc             ] GC(430) Concurrent Mark Cycle 8,045ms
[10,326s][info][gc,start       ] GC(431) Pause Young (Prepare Mixed) (G1 Evacuation Pause)
[10,326s][info][gc,task        ] GC(431) Using 18 workers of 18 for evacuation
[10,335s][info][gc,phases      ] GC(431)   Pre Evacuate Collection Set: 0,2ms
[10,336s][info][gc,phases      ] GC(431)   Merge Heap Roots: 0,1ms
[10,336s][info][gc,phases      ] GC(431)   Evacuate Collection Set: 9,1ms
[10,336s][info][gc,phases      ] GC(431)   Post Evacuate Collection Set: 0,4ms
[10,336s][info][gc,phases      ] GC(431)   Other: 0,1ms
[10,336s][info][gc,heap        ] GC(431) Eden regions: 41->0(88)
[10,336s][info][gc,heap        ] GC(431) Survivor regions: 10->7(7)
[10,336s][info][gc,heap        ] GC(431) Old regions: 746->789
[10,336s][info][gc,heap        ] GC(431) Humongous regions: 0->0
[10,336s][info][gc,metaspace   ] GC(431) Metaspace: 82K(320K)->82K(320K) NonClass: 78K(192K)->78K(192K) Class: 3K(128K)->3K(128K)
[10,336s][info][gc             ] GC(431) Pause Young (Prepare Mixed) (G1 Evacuation Pause) 1592M->1591M(2048M) 10,041ms
[10,336s][info][gc,cpu         ] GC(431) User=0,16s Sys=0,00s Real=0,01s
[10,347s][info][gc,start       ] GC(432) Pause Young (Mixed) (G1 Evacuation Pause)
[10,347s][info][gc,task        ] GC(432) Using 18 workers of 18 for evacuation
[10,368s][info][gc,phases      ] GC(432)   Pre Evacuate Collection Set: 0,3ms
[10,368s][info][gc,phases      ] GC(432)   Merge Heap Roots: 0,1ms
[10,368s][info][gc,phases      ] GC(432)   Evacuate Collection Set: 20,5ms
[10,368s][info][gc,phases      ] GC(432)   Post Evacuate Collection Set: 0,3ms
[10,368s][info][gc,phases      ] GC(432)   Other: 0,1ms
[10,368s][info][gc,heap        ] GC(432) Eden regions: 88->0(82)
[10,368s][info][gc,heap        ] GC(432) Survivor regions: 7->12(12)
[10,368s][info][gc,heap        ] GC(432) Old regions: 789->793
[10,368s][info][gc,heap        ] GC(432) Humongous regions: 0->0
[10,368s][info][gc,metaspace   ] GC(432) Metaspace: 82K(320K)->82K(320K) NonClass: 78K(192K)->78K(192K) Class: 3K(128K)->3K(128K)
[10,368s][info][gc             ] GC(432) Pause Young (Mixed) (G1 Evacuation Pause) 1767M->1609M(2048M) 21,440ms
[10,368s][info][gc,cpu         ] GC(432) User=0,37s Sys=0,00s Real=0,02s
[10,378s][info][gc,start       ] GC(433) Pause Young (Mixed) (G1 Evacuation Pause)
[10,378s][info][gc,task        ] GC(433) Using 18 workers of 18 for evacuation
[10,403s][info][gc,phases      ] GC(433)   Pre Evacuate Collection Set: 0,3ms
[10,403s][info][gc,phases      ] GC(433)   Merge Heap Roots: 0,1ms
[10,403s][info][gc,phases      ] GC(433)   Evacuate Collection Set: 23,7ms
[10,403s][info][gc,phases      ] GC(433)   Post Evacuate Collection Set: 0,4ms
[10,403s][info][gc,phases      ] GC(433)   Other: 0,1ms
[10,403s][info][gc,heap        ] GC(433) Eden regions: 82->0(63)
[10,403s][info][gc,heap        ] GC(433) Survivor regions: 12->12(12)
[10,403s][info][gc,heap        ] GC(433) Old regions: 793->842
[10,403s][info][gc,heap        ] GC(433) Humongous regions: 0->0
[10,403s][info][gc,metaspace   ] GC(433) Metaspace: 82K(320K)->82K(320K) NonClass: 78K(192K)->78K(192K) Class: 3K(128K)->3K(128K)
[10,403s][info][gc             ] GC(433) Pause Young (Mixed) (G1 Evacuation Pause) (Evacuation Failure) 1773M->1708M(2048M) 24,787ms
[10,403s][info][gc,cpu         ] GC(433) User=0,41s Sys=0,01s Real=0,02s
[10,411s][info][gc,start       ] GC(434) Pause Young (Mixed) (G1 Evacuation Pause)
[10,411s][info][gc,task        ] GC(434) Using 18 workers of 18 for evacuation
[10,430s][info][gc,phases      ] GC(434)   Pre Evacuate Collection Set: 0,2ms
[10,430s][info][gc,phases      ] GC(434)   Merge Heap Roots: 0,1ms
[10,430s][info][gc,phases      ] GC(434)   Evacuate Collection Set: 18,7ms
[10,430s][info][gc,phases      ] GC(434)   Post Evacuate Collection Set: 0,3ms
[10,430s][info][gc,phases      ] GC(434)   Other: 0,1ms
[10,430s][info][gc,heap        ] GC(434) Eden regions: 63->0(62)
[10,430s][info][gc,heap        ] GC(434) Survivor regions: 12->10(10)
[10,430s][info][gc,heap        ] GC(434) Old regions: 842->853
[10,430s][info][gc,heap        ] GC(434) Humongous regions: 0->0
[10,430s][info][gc,metaspace   ] GC(434) Metaspace: 82K(320K)->82K(320K) NonClass: 78K(192K)->78K(192K) Class: 3K(128K)->3K(128K)
[10,431s][info][gc             ] GC(434) Pause Young (Mixed) (G1 Evacuation Pause) (Evacuation Failure) 1833M->1726M(2048M) 19,611ms
[10,431s][info][gc,cpu         ] GC(434) User=0,33s Sys=0,00s Real=0,02s
[10,438s][info][gc,start       ] GC(435) Pause Young (Mixed) (G1 Evacuation Pause)
[10,438s][info][gc,task        ] GC(435) Using 18 workers of 18 for evacuation
[10,456s][info][gc,phases      ] GC(435)   Pre Evacuate Collection Set: 0,2ms
[10,456s][info][gc,phases      ] GC(435)   Merge Heap Roots: 0,1ms
[10,456s][info][gc,phases      ] GC(435)   Evacuate Collection Set: 17,1ms
[10,456s][info][gc,phases      ] GC(435)   Post Evacuate Collection Set: 0,5ms
[10,456s][info][gc,phases      ] GC(435)   Other: 0,1ms
[10,456s][info][gc,heap        ] GC(435) Eden regions: 62->0(56)
[10,456s][info][gc,heap        ] GC(435) Survivor regions: 10->9(9)
[10,456s][info][gc,heap        ] GC(435) Old regions: 853->879
[10,456s][info][gc,heap        ] GC(435) Humongous regions: 0->0
[10,456s][info][gc,metaspace   ] GC(435) Metaspace: 82K(320K)->82K(320K) NonClass: 78K(192K)->78K(192K) Class: 3K(128K)->3K(128K)
[10,456s][info][gc             ] GC(435) Pause Young (Mixed) (G1 Evacuation Pause) (Evacuation Failure) 1849M->1776M(2048M) 18,162ms
[10,456s][info][gc,cpu         ] GC(435) User=0,31s Sys=0,01s Real=0,02s
[10,463s][info][gc,start       ] GC(436) Pause Young (Mixed) (G1 Evacuation Pause)
[10,463s][info][gc,task        ] GC(436) Using 18 workers of 18 for evacuation
[10,478s][info][gc,phases      ] GC(436)   Pre Evacuate Collection Set: 0,2ms
[10,478s][info][gc,phases      ] GC(436)   Merge Heap Roots: 0,1ms
[10,478s][info][gc,phases      ] GC(436)   Evacuate Collection Set: 14,0ms
[10,478s][info][gc,phases      ] GC(436)   Post Evacuate Collection Set: 0,3ms
[10,478s][info][gc,phases      ] GC(436)   Other: 0,1ms
[10,478s][info][gc,heap        ] GC(436) Eden regions: 56->0(50)
[10,478s][info][gc,heap        ] GC(436) Survivor regions: 9->9(9)
[10,478s][info][gc,heap        ] GC(436) Old regions: 879->890
[10,478s][info][gc,heap        ] GC(436) Humongous regions: 0->0
[10,478s][info][gc,metaspace   ] GC(436) Metaspace: 82K(320K)->82K(320K) NonClass: 78K(192K)->78K(192K) Class: 3K(128K)->3K(128K)
[10,478s][info][gc             ] GC(436) Pause Young (Mixed) (G1 Evacuation Pause) (Evacuation Failure) 1887M->1798M(2048M) 14,747ms
[10,478s][info][gc,cpu         ] GC(436) User=0,25s Sys=0,00s Real=0,02s
[10,484s][info][gc,start       ] GC(437) Pause Young (Concurrent Start) (G1 Evacuation Pause)
[10,484s][info][gc,task        ] GC(437) Using 18 workers of 18 for evacuation
[10,495s][info][gc,phases      ] GC(437)   Pre Evacuate Collection Set: 0,3ms
[10,495s][info][gc,phases      ] GC(437)   Merge Heap Roots: 0,0ms
[10,495s][info][gc,phases      ] GC(437)   Evacuate Collection Set: 10,5ms
[10,495s][info][gc,phases      ] GC(437)   Post Evacuate Collection Set: 0,2ms
[10,495s][info][gc,phases      ] GC(437)   Other: 0,1ms
[10,495s][info][gc,heap        ] GC(437) Eden regions: 50->0(43)
[10,495s][info][gc,heap        ] GC(437) Survivor regions: 9->8(8)
[10,495s][info][gc,heap        ] GC(437) Old regions: 890->941
[10,495s][info][gc,heap        ] GC(437) Humongous regions: 0->0
[10,495s][info][gc,metaspace   ] GC(437) Metaspace: 82K(320K)->82K(320K) NonClass: 78K(192K)->78K(192K) Class: 3K(128K)->3K(128K)
[10,495s][info][gc             ] GC(437) Pause Young (Concurrent Start) (G1 Evacuation Pause) 1897M->1897M(2048M) 11,217ms
[10,495s][info][gc,cpu         ] GC(437) User=0,19s Sys=0,00s Real=0,02s
[10,495s][info][gc             ] GC(438) Concurrent Mark Cycle
[10,495s][info][gc,marking     ] GC(438) Concurrent Scan Root Regions
[10,495s][info][gc,marking     ] GC(438) Concurrent Scan Root Regions 0,045ms
[10,495s][info][gc,marking     ] GC(438) Concurrent Mark
[10,495s][info][gc,marking     ] GC(438) Concurrent Mark From Roots
[10,495s][info][gc,task        ] GC(438) Using 5 workers of 5 for marking
[10,498s][info][gc,marking     ] GC(438) Concurrent Mark From Roots 2,173ms
[10,498s][info][gc,marking     ] GC(438) Concurrent Preclean
[10,498s][info][gc,marking     ] GC(438) Concurrent Preclean 0,013ms
[10,498s][info][gc,start       ] GC(438) Pause Remark
[10,498s][info][gc             ] GC(438) Pause Remark 1917M->1551M(2048M) 0,630ms
[10,498s][info][gc,cpu         ] GC(438) User=0,00s Sys=0,00s Real=0,00s
[10,498s][info][gc,marking     ] GC(438) Concurrent Mark 3,015ms
[10,498s][info][gc,marking     ] GC(438) Concurrent Rebuild Remembered Sets and Scrub Regions
[10,500s][info][gc,marking     ] GC(438) Concurrent Rebuild Remembered Sets and Scrub Regions 1,689ms
[10,500s][info][gc,start       ] GC(438) Pause Cleanup
[10,501s][info][gc             ] GC(438) Pause Cleanup 1580M->1580M(2048M) 0,472ms
[10,501s][info][gc,cpu         ] GC(438) User=0,00s Sys=0,00s Real=0,00s
[10,501s][info][gc,marking     ] GC(438) Concurrent Clear Claimed Marks
[10,501s][info][gc,marking     ] GC(438) Concurrent Clear Claimed Marks 0,023ms
[10,501s][info][gc,marking     ] GC(438) Concurrent Cleanup for Next Mark
[10,502s][info][gc,marking     ] GC(438) Concurrent Cleanup for Next Mark 1,561ms
[10,502s][info][gc             ] GC(438) Concurrent Mark Cycle 7,114ms
[10,504s][info][gc,start       ] GC(439) Pause Young (Prepare Mixed) (G1 Evacuation Pause)
[10,504s][info][gc,task        ] GC(439) Using 18 workers of 18 for evacuation
[10,514s][info][gc,phases      ] GC(439)   Pre Evacuate Collection Set: 0,2ms
[10,514s][info][gc,phases      ] GC(439)   Merge Heap Roots: 0,1ms
[10,514s][info][gc,phases      ] GC(439)   Evacuate Collection Set: 9,2ms
[10,514s][info][gc,phases      ] GC(439)   Post Evacuate Collection Set: 0,4ms
[10,514s][info][gc,phases      ] GC(439)   Other: 0,1ms
[10,514s][info][gc,heap        ] GC(439) Eden regions: 43->0(83)
[10,514s][info][gc,heap        ] GC(439) Survivor regions: 8->7(7)
[10,514s][info][gc,heap        ] GC(439) Old regions: 758->802
[10,514s][info][gc,heap        ] GC(439) Humongous regions: 0->0
[10,514s][info][gc,metaspace   ] GC(439) Metaspace: 82K(320K)->82K(320K) NonClass: 78K(192K)->78K(192K) Class: 3K(128K)->3K(128K)
[10,514s][info][gc             ] GC(439) Pause Young (Prepare Mixed) (G1 Evacuation Pause) 1616M->1616M(2048M) 10,195ms
[10,514s][info][gc,cpu         ] GC(439) User=0,16s Sys=0,00s Real=0,01s
[10,524s][info][gc,start       ] GC(440) Pause Young (Mixed) (G1 Evacuation Pause)
[10,524s][info][gc,task        ] GC(440) Using 18 workers of 18 for evacuation
[10,545s][info][gc,phases      ] GC(440)   Pre Evacuate Collection Set: 0,3ms
[10,545s][info][gc,phases      ] GC(440)   Merge Heap Roots: 0,1ms
[10,545s][info][gc,phases      ] GC(440)   Evacuate Collection Set: 20,4ms
[10,545s][info][gc,phases      ] GC(440)   Post Evacuate Collection Set: 0,3ms
[10,545s][info][gc,phases      ] GC(440)   Other: 0,1ms
[10,545s][info][gc,heap        ] GC(440) Eden regions: 83->0(78)
[10,545s][info][gc,heap        ] GC(440) Survivor regions: 7->12(12)
[10,545s][info][gc,heap        ] GC(440) Old regions: 802->804
[10,545s][info][gc,heap        ] GC(440) Humongous regions: 0->0
[10,545s][info][gc,metaspace   ] GC(440) Metaspace: 82K(320K)->82K(320K) NonClass: 78K(192K)->78K(192K) Class: 3K(128K)->3K(128K)
[10,545s][info][gc             ] GC(440) Pause Young (Mixed) (G1 Evacuation Pause) 1782M->1631M(2048M) 21,305ms
[10,545s][info][gc,cpu         ] GC(440) User=0,36s Sys=0,01s Real=0,03s
[10,555s][info][gc,start       ] GC(441) Pause Young (Mixed) (G1 Evacuation Pause)
[10,555s][info][gc,task        ] GC(441) Using 18 workers of 18 for evacuation
[10,578s][info][gc,phases      ] GC(441)   Pre Evacuate Collection Set: 0,2ms
[10,578s][info][gc,phases      ] GC(441)   Merge Heap Roots: 0,1ms
[10,578s][info][gc,phases      ] GC(441)   Evacuate Collection Set: 22,7ms
[10,578s][info][gc,phases      ] GC(441)   Post Evacuate Collection Set: 0,4ms
[10,578s][info][gc,phases      ] GC(441)   Other: 0,1ms
[10,578s][info][gc,heap        ] GC(441) Eden regions: 78->0(66)
[10,578s][info][gc,heap        ] GC(441) Survivor regions: 12->12(12)
[10,578s][info][gc,heap        ] GC(441) Old regions: 804->838
[10,578s][info][gc,heap        ] GC(441) Humongous regions: 0->0
[10,579s][info][gc,metaspace   ] GC(441) Metaspace: 82K(320K)->82K(320K) NonClass: 78K(192K)->78K(192K) Class: 3K(128K)->3K(128K)
[10,579s][info][gc             ] GC(441) Pause Young (Mixed) (G1 Evacuation Pause) (Evacuation Failure) 1786M->1700M(2048M) 23,589ms
[10,579s][info][gc,cpu         ] GC(441) User=0,40s Sys=0,00s Real=0,02s
[10,587s][info][gc,start       ] GC(442) Pause Young (Mixed) (G1 Evacuation Pause)
[10,587s][info][gc,task        ] GC(442) Using 18 workers of 18 for evacuation
[10,606s][info][gc,phases      ] GC(442)   Pre Evacuate Collection Set: 0,3ms
[10,606s][info][gc,phases      ] GC(442)   Merge Heap Roots: 0,1ms
[10,606s][info][gc,phases      ] GC(442)   Evacuate Collection Set: 18,7ms
[10,606s][info][gc,phases      ] GC(442)   Post Evacuate Collection Set: 0,5ms
[10,606s][info][gc,phases      ] GC(442)   Other: 0,1ms
[10,606s][info][gc,heap        ] GC(442) Eden regions: 66->0(62)
[10,606s][info][gc,heap        ] GC(442) Survivor regions: 12->10(10)
[10,606s][info][gc,heap        ] GC(442) Old regions: 838->857
[10,606s][info][gc,heap        ] GC(442) Humongous regions: 0->0
[10,606s][info][gc,metaspace   ] GC(442) Metaspace: 82K(320K)->82K(320K) NonClass: 78K(192K)->78K(192K) Class: 3K(128K)->3K(128K)
[10,607s][info][gc             ] GC(442) Pause Young (Mixed) (G1 Evacuation Pause) (Evacuation Failure) 1831M->1734M(2048M) 19,903ms
[10,607s][info][gc,cpu         ] GC(442) User=0,34s Sys=0,00s Real=0,02s
[10,614s][info][gc,start       ] GC(443) Pause Young (Mixed) (G1 Evacuation Pause)
[10,614s][info][gc,task        ] GC(443) Using 18 workers of 18 for evacuation
[10,631s][info][gc,phases      ] GC(443)   Pre Evacuate Collection Set: 0,3ms
[10,631s][info][gc,phases      ] GC(443)   Merge Heap Roots: 0,1ms
[10,631s][info][gc,phases      ] GC(443)   Evacuate Collection Set: 16,4ms
[10,631s][info][gc,phases      ] GC(443)   Post Evacuate Collection Set: 0,4ms
[10,631s][info][gc,phases      ] GC(443)   Other: 0,1ms
[10,631s][info][gc,heap        ] GC(443) Eden regions: 62->0(57)
[10,632s][info][gc,heap        ] GC(443) Survivor regions: 10->9(9)
[10,632s][info][gc,heap        ] GC(443) Old regions: 857->881
[10,632s][info][gc,heap        ] GC(443) Humongous regions: 0->0
[10,632s][info][gc,metaspace   ] GC(443) Metaspace: 82K(320K)->82K(320K) NonClass: 78K(192K)->78K(192K) Class: 3K(128K)->3K(128K)
[10,632s][info][gc             ] GC(443) Pause Young (Mixed) (G1 Evacuation Pause) (Evacuation Failure) 1857M->1780M(2048M) 17,532ms
[10,632s][info][gc,cpu         ] GC(443) User=0,30s Sys=0,01s Real=0,02s
[10,638s][info][gc,start       ] GC(444) Pause Young (Mixed) (G1 Evacuation Pause)
[10,638s][info][gc,task        ] GC(444) Using 18 workers of 18 for evacuation
[10,652s][info][gc,phases      ] GC(444)   Pre Evacuate Collection Set: 0,2ms
[10,653s][info][gc,phases      ] GC(444)   Merge Heap Roots: 0,1ms
[10,653s][info][gc,phases      ] GC(444)   Evacuate Collection Set: 13,4ms
[10,653s][info][gc,phases      ] GC(444)   Post Evacuate Collection Set: 0,3ms
[10,653s][info][gc,phases      ] GC(444)   Other: 0,1ms
[10,653s][info][gc,heap        ] GC(444) Eden regions: 57->0(63)
[10,653s][info][gc,heap        ] GC(444) Survivor regions: 9->9(9)
[10,653s][info][gc,heap        ] GC(444) Old regions: 881->858
[10,653s][info][gc,heap        ] GC(444) Humongous regions: 0->0
[10,653s][info][gc,metaspace   ] GC(444) Metaspace: 82K(320K)->82K(320K) NonClass: 78K(192K)->78K(192K) Class: 3K(128K)->3K(128K)
[10,653s][info][gc             ] GC(444) Pause Young (Mixed) (G1 Evacuation Pause) (Evacuation Failure) 1893M->1734M(2048M) 14,229ms
[10,653s][info][gc,cpu         ] GC(444) User=0,23s Sys=0,00s Real=0,01s
[10,660s][info][gc,start       ] GC(445) Pause Young (Concurrent Start) (G1 Evacuation Pause)
[10,661s][info][gc,task        ] GC(445) Using 18 workers of 18 for evacuation
[10,674s][info][gc,phases      ] GC(445)   Pre Evacuate Collection Set: 0,3ms
[10,674s][info][gc,phases      ] GC(445)   Merge Heap Roots: 0,1ms
[10,674s][info][gc,phases      ] GC(445)   Evacuate Collection Set: 12,6ms
[10,674s][info][gc,phases      ] GC(445)   Post Evacuate Collection Set: 0,2ms
[10,674s][info][gc,phases      ] GC(445)   Other: 0,1ms
[10,674s][info][gc,heap        ] GC(445) Eden regions: 63->0(42)
[10,674s][info][gc,heap        ] GC(445) Survivor regions: 9->9(9)
[10,674s][info][gc,heap        ] GC(445) Old regions: 858->921
[10,674s][info][gc,heap        ] GC(445) Humongous regions: 0->0
[10,674s][info][gc,metaspace   ] GC(445) Metaspace: 82K(320K)->82K(320K) NonClass: 78K(192K)->78K(192K) Class: 3K(128K)->3K(128K)
[10,674s][info][gc             ] GC(445) Pause Young (Concurrent Start) (G1 Evacuation Pause) 1859M->1859M(2048M) 13,539ms
[10,674s][info][gc,cpu         ] GC(445) User=0,22s Sys=0,00s Real=0,01s
[10,674s][info][gc             ] GC(446) Concurrent Mark Cycle
[10,674s][info][gc,marking     ] GC(446) Concurrent Scan Root Regions
[10,674s][info][gc,marking     ] GC(446) Concurrent Scan Root Regions 0,058ms
[10,674s][info][gc,marking     ] GC(446) Concurrent Mark
[10,674s][info][gc,marking     ] GC(446) Concurrent Mark From Roots
[10,674s][info][gc,task        ] GC(446) Using 5 workers of 5 for marking
[10,677s][info][gc,marking     ] GC(446) Concurrent Mark From Roots 3,045ms
[10,677s][info][gc,marking     ] GC(446) Concurrent Preclean
[10,677s][info][gc,marking     ] GC(446) Concurrent Preclean 0,013ms
[10,677s][info][gc,start       ] GC(446) Pause Remark
[10,678s][info][gc             ] GC(446) Pause Remark 1889M->1539M(2048M) 0,628ms
[10,678s][info][gc,cpu         ] GC(446) User=0,00s Sys=0,00s Real=0,00s
[10,678s][info][gc,marking     ] GC(446) Concurrent Mark 3,914ms
[10,678s][info][gc,marking     ] GC(446) Concurrent Rebuild Remembered Sets and Scrub Regions
[10,680s][info][gc,marking     ] GC(446) Concurrent Rebuild Remembered Sets and Scrub Regions 1,636ms
[10,680s][info][gc,start       ] GC(446) Pause Cleanup
[10,680s][info][gc             ] GC(446) Pause Cleanup 1566M->1566M(2048M) 0,721ms
[10,681s][info][gc,cpu         ] GC(446) User=0,00s Sys=0,00s Real=0,00s
[10,681s][info][gc,marking     ] GC(446) Concurrent Clear Claimed Marks
[10,681s][info][gc,marking     ] GC(446) Concurrent Clear Claimed Marks 0,024ms
[10,681s][info][gc,marking     ] GC(446) Concurrent Cleanup for Next Mark
[10,682s][info][gc,marking     ] GC(446) Concurrent Cleanup for Next Mark 1,601ms
[10,682s][info][gc             ] GC(446) Concurrent Mark Cycle 8,279ms
[10,683s][info][gc,start       ] GC(447) Pause Young (Prepare Mixed) (G1 Evacuation Pause)
[10,683s][info][gc,task        ] GC(447) Using 18 workers of 18 for evacuation
[10,693s][info][gc,phases      ] GC(447)   Pre Evacuate Collection Set: 0,2ms
[10,693s][info][gc,phases      ] GC(447)   Merge Heap Roots: 0,1ms
[10,693s][info][gc,phases      ] GC(447)   Evacuate Collection Set: 9,1ms
[10,693s][info][gc,phases      ] GC(447)   Post Evacuate Collection Set: 0,3ms
[10,693s][info][gc,phases      ] GC(447)   Other: 0,1ms
[10,693s][info][gc,heap        ] GC(447) Eden regions: 42->0(89)
[10,693s][info][gc,heap        ] GC(447) Survivor regions: 9->7(7)
[10,693s][info][gc,heap        ] GC(447) Old regions: 746->790
[10,693s][info][gc,heap        ] GC(447) Humongous regions: 0->0
[10,693s][info][gc,metaspace   ] GC(447) Metaspace: 82K(320K)->82K(320K) NonClass: 78K(192K)->78K(192K) Class: 3K(128K)->3K(128K)
[10,693s][info][gc             ] GC(447) Pause Young (Prepare Mixed) (G1 Evacuation Pause) 1592M->1592M(2048M) 10,022ms
[10,693s][info][gc,cpu         ] GC(447) User=0,16s Sys=0,01s Real=0,01s
[10,704s][info][gc,start       ] GC(448) Pause Young (Mixed) (G1 Evacuation Pause)
[10,704s][info][gc,task        ] GC(448) Using 18 workers of 18 for evacuation
[10,725s][info][gc,phases      ] GC(448)   Pre Evacuate Collection Set: 0,3ms
[10,725s][info][gc,phases      ] GC(448)   Merge Heap Roots: 0,1ms
[10,725s][info][gc,phases      ] GC(448)   Evacuate Collection Set: 20,3ms
[10,725s][info][gc,phases      ] GC(448)   Post Evacuate Collection Set: 0,3ms
[10,725s][info][gc,phases      ] GC(448)   Other: 0,1ms
[10,725s][info][gc,heap        ] GC(448) Eden regions: 89->0(82)
[10,725s][info][gc,heap        ] GC(448) Survivor regions: 7->12(12)
[10,725s][info][gc,heap        ] GC(448) Old regions: 790->793
[10,725s][info][gc,heap        ] GC(448) Humongous regions: 0->0
[10,725s][info][gc,metaspace   ] GC(448) Metaspace: 82K(320K)->82K(320K) NonClass: 78K(192K)->78K(192K) Class: 3K(128K)->3K(128K)
[10,725s][info][gc             ] GC(448) Pause Young (Mixed) (G1 Evacuation Pause) 1770M->1608M(2048M) 21,372ms
[10,725s][info][gc,cpu         ] GC(448) User=0,36s Sys=0,00s Real=0,03s
[10,736s][info][gc,start       ] GC(449) Pause Young (Mixed) (G1 Evacuation Pause)
[10,736s][info][gc,task        ] GC(449) Using 18 workers of 18 for evacuation
[10,760s][info][gc,phases      ] GC(449)   Pre Evacuate Collection Set: 0,4ms
[10,760s][info][gc,phases      ] GC(449)   Merge Heap Roots: 0,1ms
[10,760s][info][gc,phases      ] GC(449)   Evacuate Collection Set: 23,6ms
[10,760s][info][gc,phases      ] GC(449)   Post Evacuate Collection Set: 0,4ms
[10,760s][info][gc,phases      ] GC(449)   Other: 0,1ms
[10,760s][info][gc,heap        ] GC(449) Eden regions: 82->0(67)
[10,760s][info][gc,heap        ] GC(449) Survivor regions: 12->12(12)
[10,760s][info][gc,heap        ] GC(449) Old regions: 793->830
[10,760s][info][gc,heap        ] GC(449) Humongous regions: 0->0
[10,760s][info][gc,metaspace   ] GC(449) Metaspace: 82K(320K)->82K(320K) NonClass: 78K(192K)->78K(192K) Class: 3K(128K)->3K(128K)
[10,760s][info][gc             ] GC(449) Pause Young (Mixed) (G1 Evacuation Pause) (Evacuation Failure) 1772M->1684M(2048M) 24,859ms
[10,760s][info][gc,cpu         ] GC(449) User=0,42s Sys=0,00s Real=0,02s
[10,769s][info][gc,start       ] GC(450) Pause Young (Mixed) (G1 Evacuation Pause)
[10,769s][info][gc,task        ] GC(450) Using 18 workers of 18 for evacuation
[10,790s][info][gc,phases      ] GC(450)   Pre Evacuate Collection Set: 0,3ms
[10,790s][info][gc,phases      ] GC(450)   Merge Heap Roots: 0,1ms
[10,790s][info][gc,phases      ] GC(450)   Evacuate Collection Set: 20,1ms
[10,790s][info][gc,phases      ] GC(450)   Post Evacuate Collection Set: 0,5ms
[10,790s][info][gc,phases      ] GC(450)   Other: 0,1ms
[10,790s][info][gc,heap        ] GC(450) Eden regions: 67->0(61)
[10,790s][info][gc,heap        ] GC(450) Survivor regions: 12->10(10)
[10,790s][info][gc,heap        ] GC(450) Old regions: 830->853
[10,790s][info][gc,heap        ] GC(450) Humongous regions: 0->0
[10,790s][info][gc,metaspace   ] GC(450) Metaspace: 82K(320K)->82K(320K) NonClass: 78K(192K)->78K(192K) Class: 3K(128K)->3K(128K)
[10,790s][info][gc             ] GC(450) Pause Young (Mixed) (G1 Evacuation Pause) (Evacuation Failure) 1817M->1726M(2048M) 21,567ms
[10,790s][info][gc,cpu         ] GC(450) User=0,36s Sys=0,00s Real=0,02s
[10,798s][info][gc,start       ] GC(451) Pause Young (Mixed) (G1 Evacuation Pause)
[10,798s][info][gc,task        ] GC(451) Using 18 workers of 18 for evacuation
[10,816s][info][gc,phases      ] GC(451)   Pre Evacuate Collection Set: 0,3ms
[10,816s][info][gc,phases      ] GC(451)   Merge Heap Roots: 0,1ms
[10,816s][info][gc,phases      ] GC(451)   Evacuate Collection Set: 17,3ms
[10,816s][info][gc,phases      ] GC(451)   Post Evacuate Collection Set: 0,3ms
[10,816s][info][gc,phases      ] GC(451)   Other: 0,1ms
[10,816s][info][gc,heap        ] GC(451) Eden regions: 61->0(61)
[10,816s][info][gc,heap        ] GC(451) Survivor regions: 10->9(9)
[10,816s][info][gc,heap        ] GC(451) Old regions: 853->857
[10,816s][info][gc,heap        ] GC(451) Humongous regions: 0->0
[10,816s][info][gc,metaspace   ] GC(451) Metaspace: 82K(320K)->82K(320K) NonClass: 78K(192K)->78K(192K) Class: 3K(128K)->3K(128K)
[10,816s][info][gc             ] GC(451) Pause Young (Mixed) (G1 Evacuation Pause) (Evacuation Failure) 1847M->1732M(2048M) 18,303ms
[10,816s][info][gc,cpu         ] GC(451) User=0,31s Sys=0,01s Real=0,02s
[10,823s][info][gc,start       ] GC(452) Pause Young (Mixed) (G1 Evacuation Pause)
[10,823s][info][gc,task        ] GC(452) Using 18 workers of 18 for evacuation
[10,841s][info][gc,phases      ] GC(452)   Pre Evacuate Collection Set: 0,2ms
[10,841s][info][gc,phases      ] GC(452)   Merge Heap Roots: 0,1ms
[10,841s][info][gc,phases      ] GC(452)   Evacuate Collection Set: 16,4ms
[10,841s][info][gc,phases      ] GC(452)   Post Evacuate Collection Set: 0,3ms
[10,841s][info][gc,phases      ] GC(452)   Other: 0,1ms
[10,841s][info][gc,heap        ] GC(452) Eden regions: 61->0(55)
[10,841s][info][gc,heap        ] GC(452) Survivor regions: 9->9(9)
[10,841s][info][gc,heap        ] GC(452) Old regions: 857->868
[10,841s][info][gc,heap        ] GC(452) Humongous regions: 0->0
[10,841s][info][gc,metaspace   ] GC(452) Metaspace: 82K(320K)->82K(320K) NonClass: 78K(192K)->78K(192K) Class: 3K(128K)->3K(128K)
[10,841s][info][gc             ] GC(452) Pause Young (Mixed) (G1 Evacuation Pause) 1853M->1753M(2048M) 17,310ms
[10,841s][info][gc,cpu         ] GC(452) User=0,29s Sys=0,00s Real=0,02s
[10,847s][info][gc,start       ] GC(453) Pause Young (Concurrent Start) (G1 Evacuation Pause)
[10,847s][info][gc,task        ] GC(453) Using 18 workers of 18 for evacuation
[10,859s][info][gc,phases      ] GC(453)   Pre Evacuate Collection Set: 0,3ms
[10,859s][info][gc,phases      ] GC(453)   Merge Heap Roots: 0,1ms
[10,859s][info][gc,phases      ] GC(453)   Evacuate Collection Set: 11,2ms
[10,859s][info][gc,phases      ] GC(453)   Post Evacuate Collection Set: 0,2ms
[10,859s][info][gc,phases      ] GC(453)   Other: 0,1ms
[10,859s][info][gc,heap        ] GC(453) Eden regions: 55->0(43)
[10,859s][info][gc,heap        ] GC(453) Survivor regions: 9->8(8)
[10,859s][info][gc,heap        ] GC(453) Old regions: 868->924
[10,859s][info][gc,heap        ] GC(453) Humongous regions: 0->0
[10,859s][info][gc,metaspace   ] GC(453) Metaspace: 82K(320K)->82K(320K) NonClass: 78K(192K)->78K(192K) Class: 3K(128K)->3K(128K)
[10,859s][info][gc             ] GC(453) Pause Young (Concurrent Start) (G1 Evacuation Pause) 1862M->1862M(2048M) 12,108ms
[10,860s][info][gc,cpu         ] GC(453) User=0,20s Sys=0,00s Real=0,01s
[10,860s][info][gc             ] GC(454) Concurrent Mark Cycle
[10,860s][info][gc,marking     ] GC(454) Concurrent Scan Root Regions
[10,860s][info][gc,marking     ] GC(454) Concurrent Scan Root Regions 0,043ms
[10,860s][info][gc,marking     ] GC(454) Concurrent Mark
[10,860s][info][gc,marking     ] GC(454) Concurrent Mark From Roots
[10,860s][info][gc,task        ] GC(454) Using 5 workers of 5 for marking
[10,862s][info][gc,marking     ] GC(454) Concurrent Mark From Roots 2,432ms
[10,862s][info][gc,marking     ] GC(454) Concurrent Preclean
[10,862s][info][gc,marking     ] GC(454) Concurrent Preclean 0,011ms
[10,862s][info][gc,start       ] GC(454) Pause Remark
[10,863s][info][gc             ] GC(454) Pause Remark 1885M->1503M(2048M) 0,671ms
[10,863s][info][gc,cpu         ] GC(454) User=0,00s Sys=0,00s Real=0,00s
[10,863s][info][gc,marking     ] GC(454) Concurrent Mark 3,338ms
[10,863s][info][gc,marking     ] GC(454) Concurrent Rebuild Remembered Sets and Scrub Regions
[10,864s][info][gc,marking     ] GC(454) Concurrent Rebuild Remembered Sets and Scrub Regions 1,384ms
[10,865s][info][gc,start       ] GC(454) Pause Cleanup
[10,865s][info][gc             ] GC(454) Pause Cleanup 1527M->1527M(2048M) 0,730ms
[10,865s][info][gc,cpu         ] GC(454) User=0,00s Sys=0,00s Real=0,01s
[10,865s][info][gc,marking     ] GC(454) Concurrent Clear Claimed Marks
[10,865s][info][gc,marking     ] GC(454) Concurrent Clear Claimed Marks 0,025ms
[10,865s][info][gc,marking     ] GC(454) Concurrent Cleanup for Next Mark
[10,867s][info][gc,marking     ] GC(454) Concurrent Cleanup for Next Mark 1,544ms
[10,867s][info][gc             ] GC(454) Concurrent Mark Cycle 7,486ms
[10,869s][info][gc,start       ] GC(455) Pause Young (Prepare Mixed) (G1 Evacuation Pause)
[10,869s][info][gc,task        ] GC(455) Using 18 workers of 18 for evacuation
[10,879s][info][gc,phases      ] GC(455)   Pre Evacuate Collection Set: 0,2ms
[10,879s][info][gc,phases      ] GC(455)   Merge Heap Roots: 0,1ms
[10,879s][info][gc,phases      ] GC(455)   Evacuate Collection Set: 9,3ms
[10,879s][info][gc,phases      ] GC(455)   Post Evacuate Collection Set: 0,3ms
[10,879s][info][gc,phases      ] GC(455)   Other: 0,1ms
[10,879s][info][gc,heap        ] GC(455) Eden regions: 43->0(94)
[10,879s][info][gc,heap        ] GC(455) Survivor regions: 8->7(7)
[10,879s][info][gc,heap        ] GC(455) Old regions: 733->776
[10,879s][info][gc,heap        ] GC(455) Humongous regions: 0->0
[10,879s][info][gc,metaspace   ] GC(455) Metaspace: 82K(320K)->82K(320K) NonClass: 78K(192K)->78K(192K) Class: 3K(128K)->3K(128K)
[10,879s][info][gc             ] GC(455) Pause Young (Prepare Mixed) (G1 Evacuation Pause) 1566M->1565M(2048M) 10,147ms
[10,879s][info][gc,cpu         ] GC(455) User=0,16s Sys=0,00s Real=0,01s
[10,890s][info][gc,start       ] GC(456) Pause Young (Mixed) (G1 Evacuation Pause)
[10,890s][info][gc,task        ] GC(456) Using 18 workers of 18 for evacuation
[10,914s][info][gc,phases      ] GC(456)   Pre Evacuate Collection Set: 0,3ms
[10,914s][info][gc,phases      ] GC(456)   Merge Heap Roots: 0,1ms
[10,914s][info][gc,phases      ] GC(456)   Evacuate Collection Set: 22,7ms
[10,914s][info][gc,phases      ] GC(456)   Post Evacuate Collection Set: 0,3ms
[10,914s][info][gc,phases      ] GC(456)   Other: 0,1ms
[10,914s][info][gc,heap        ] GC(456) Eden regions: 94->0(82)
[10,914s][info][gc,heap        ] GC(456) Survivor regions: 7->13(13)
[10,914s][info][gc,heap        ] GC(456) Old regions: 776->793
[10,914s][info][gc,heap        ] GC(456) Humongous regions: 0->0
[10,914s][info][gc,metaspace   ] GC(456) Metaspace: 82K(320K)->82K(320K) NonClass: 78K(192K)->78K(192K) Class: 3K(128K)->3K(128K)
[10,914s][info][gc             ] GC(456) Pause Young (Mixed) (G1 Evacuation Pause) 1753M->1611M(2048M) 23,769ms
[10,914s][info][gc,cpu         ] GC(456) User=0,40s Sys=0,01s Real=0,02s
[10,924s][info][gc,start       ] GC(457) Pause Young (Mixed) (G1 Evacuation Pause)
[10,924s][info][gc,task        ] GC(457) Using 18 workers of 18 for evacuation
[10,949s][info][gc,phases      ] GC(457)   Pre Evacuate Collection Set: 0,3ms
[10,949s][info][gc,phases      ] GC(457)   Merge Heap Roots: 0,1ms
[10,949s][info][gc,phases      ] GC(457)   Evacuate Collection Set: 23,5ms
[10,949s][info][gc,phases      ] GC(457)   Post Evacuate Collection Set: 0,4ms
[10,949s][info][gc,phases      ] GC(457)   Other: 0,1ms
[10,949s][info][gc,heap        ] GC(457) Eden regions: 82->0(66)
[10,949s][info][gc,heap        ] GC(457) Survivor regions: 13->12(12)
[10,949s][info][gc,heap        ] GC(457) Old regions: 793->838
[10,949s][info][gc,heap        ] GC(457) Humongous regions: 0->0
[10,949s][info][gc,metaspace   ] GC(457) Metaspace: 82K(320K)->82K(320K) NonClass: 78K(192K)->78K(192K) Class: 3K(128K)->3K(128K)
[10,949s][info][gc             ] GC(457) Pause Young (Mixed) (G1 Evacuation Pause) (Evacuation Failure) 1774M->1700M(2048M) 24,712ms
[10,949s][info][gc,cpu         ] GC(457) User=0,42s Sys=0,00s Real=0,03s
[10,957s][info][gc,start       ] GC(458) Pause Young (Mixed) (G1 Evacuation Pause)
[10,957s][info][gc,task        ] GC(458) Using 18 workers of 18 for evacuation
[10,977s][info][gc,phases      ] GC(458)   Pre Evacuate Collection Set: 0,3ms
[10,977s][info][gc,phases      ] GC(458)   Merge Heap Roots: 0,1ms
[10,977s][info][gc,phases      ] GC(458)   Evacuate Collection Set: 18,7ms
[10,977s][info][gc,phases      ] GC(458)   Post Evacuate Collection Set: 0,5ms
[10,977s][info][gc,phases      ] GC(458)   Other: 0,1ms
[10,977s][info][gc,heap        ] GC(458) Eden regions: 66->0(58)
[10,977s][info][gc,heap        ] GC(458) Survivor regions: 12->10(10)
[10,977s][info][gc,heap        ] GC(458) Old regions: 838->868
[10,977s][info][gc,heap        ] GC(458) Humongous regions: 0->0
[10,977s][info][gc,metaspace   ] GC(458) Metaspace: 82K(320K)->82K(320K) NonClass: 78K(192K)->78K(192K) Class: 3K(128K)->3K(128K)
[10,977s][info][gc             ] GC(458) Pause Young (Mixed) (G1 Evacuation Pause) (Evacuation Failure) 1831M->1756M(2048M) 20,064ms
[10,977s][info][gc,cpu         ] GC(458) User=0,33s Sys=0,00s Real=0,02s
[10,984s][info][gc,start       ] GC(459) Pause Young (Mixed) (G1 Evacuation Pause)
[10,984s][info][gc,task        ] GC(459) Using 18 workers of 18 for evacuation
[11,000s][info][gc,phases      ] GC(459)   Pre Evacuate Collection Set: 0,3ms
[11,000s][info][gc,phases      ] GC(459)   Merge Heap Roots: 0,1ms
[11,000s][info][gc,phases      ] GC(459)   Evacuate Collection Set: 15,3ms
[11,000s][info][gc,phases      ] GC(459)   Post Evacuate Collection Set: 0,4ms
[11,000s][info][gc,phases      ] GC(459)   Other: 0,1ms
[11,000s][info][gc,heap        ] GC(459) Eden regions: 58->0(60)
[11,000s][info][gc,heap        ] GC(459) Survivor regions: 10->9(9)
[11,000s][info][gc,heap        ] GC(459) Old regions: 868->869
[11,000s][info][gc,heap        ] GC(459) Humongous regions: 0->0
[11,000s][info][gc,metaspace   ] GC(459) Metaspace: 82K(320K)->82K(320K) NonClass: 78K(192K)->78K(192K) Class: 3K(128K)->3K(128K)
[11,001s][info][gc             ] GC(459) Pause Young (Mixed) (G1 Evacuation Pause) (Evacuation Failure) 1871M->1756M(2048M) 16,504ms
[11,001s][info][gc,cpu         ] GC(459) User=0,28s Sys=0,00s Real=0,02s
[11,008s][info][gc,start       ] GC(460) Pause Young (Mixed) (G1 Evacuation Pause)
[11,008s][info][gc,task        ] GC(460) Using 18 workers of 18 for evacuation
[11,023s][info][gc,phases      ] GC(460)   Pre Evacuate Collection Set: 0,2ms
[11,023s][info][gc,phases      ] GC(460)   Merge Heap Roots: 0,1ms
[11,024s][info][gc,phases      ] GC(460)   Evacuate Collection Set: 14,8ms
[11,024s][info][gc,phases      ] GC(460)   Post Evacuate Collection Set: 0,3ms
[11,024s][info][gc,phases      ] GC(460)   Other: 0,1ms
[11,024s][info][gc,heap        ] GC(460) Eden regions: 60->0(51)
[11,024s][info][gc,heap        ] GC(460) Survivor regions: 9->9(9)
[11,024s][info][gc,heap        ] GC(460) Old regions: 869->887
[11,024s][info][gc,heap        ] GC(460) Humongous regions: 0->0
[11,024s][info][gc,metaspace   ] GC(460) Metaspace: 82K(320K)->82K(320K) NonClass: 78K(192K)->78K(192K) Class: 3K(128K)->3K(128K)
[11,024s][info][gc             ] GC(460) Pause Young (Mixed) (G1 Evacuation Pause) (Evacuation Failure) 1875M->1792M(2048M) 15,985ms
[11,024s][info][gc,cpu         ] GC(460) User=0,27s Sys=0,00s Real=0,01s
[11,030s][info][gc,start       ] GC(461) Pause Young (Concurrent Start) (G1 Evacuation Pause)
[11,030s][info][gc,task        ] GC(461) Using 18 workers of 18 for evacuation
[11,041s][info][gc,phases      ] GC(461)   Pre Evacuate Collection Set: 0,3ms
[11,041s][info][gc,phases      ] GC(461)   Merge Heap Roots: 0,1ms
[11,041s][info][gc,phases      ] GC(461)   Evacuate Collection Set: 10,5ms
[11,041s][info][gc,phases      ] GC(461)   Post Evacuate Collection Set: 0,2ms
[11,041s][info][gc,phases      ] GC(461)   Other: 0,1ms
[11,041s][info][gc,heap        ] GC(461) Eden regions: 51->0(43)
[11,041s][info][gc,heap        ] GC(461) Survivor regions: 9->8(8)
[11,041s][info][gc,heap        ] GC(461) Old regions: 887->939
[11,041s][info][gc,heap        ] GC(461) Humongous regions: 0->0
[11,041s][info][gc,metaspace   ] GC(461) Metaspace: 82K(320K)->82K(320K) NonClass: 78K(192K)->78K(192K) Class: 3K(128K)->3K(128K)
[11,041s][info][gc             ] GC(461) Pause Young (Concurrent Start) (G1 Evacuation Pause) 1893M->1893M(2048M) 11,435ms
[11,041s][info][gc             ] GC(462) Concurrent Mark Cycle
[11,042s][info][gc,marking     ] GC(462) Concurrent Scan Root Regions
[11,041s][info][gc,cpu         ] GC(461) User=0,18s Sys=0,00s Real=0,01s
[11,042s][info][gc,marking     ] GC(462) Concurrent Scan Root Regions 0,042ms
[11,042s][info][gc,marking     ] GC(462) Concurrent Mark
[11,042s][info][gc,marking     ] GC(462) Concurrent Mark From Roots
[11,042s][info][gc,task        ] GC(462) Using 5 workers of 5 for marking
[11,044s][info][gc,marking     ] GC(462) Concurrent Mark From Roots 2,686ms
[11,044s][info][gc,marking     ] GC(462) Concurrent Preclean
[11,044s][info][gc,marking     ] GC(462) Concurrent Preclean 0,011ms
[11,044s][info][gc,start       ] GC(462) Pause Remark
[11,045s][info][gc             ] GC(462) Pause Remark 1917M->1511M(2048M) 0,693ms
[11,045s][info][gc,cpu         ] GC(462) User=0,01s Sys=0,00s Real=0,01s
[11,045s][info][gc,marking     ] GC(462) Concurrent Mark 3,618ms
[11,045s][info][gc,marking     ] GC(462) Concurrent Rebuild Remembered Sets and Scrub Regions
[11,047s][info][gc,marking     ] GC(462) Concurrent Rebuild Remembered Sets and Scrub Regions 1,911ms
[11,047s][info][gc,start       ] GC(462) Pause Cleanup
[11,048s][info][gc             ] GC(462) Pause Cleanup 1543M->1543M(2048M) 0,826ms
[11,048s][info][gc,cpu         ] GC(462) User=0,00s Sys=0,00s Real=0,00s
[11,048s][info][gc,marking     ] GC(462) Concurrent Clear Claimed Marks
[11,048s][info][gc,marking     ] GC(462) Concurrent Clear Claimed Marks 0,021ms
[11,048s][info][gc,marking     ] GC(462) Concurrent Cleanup for Next Mark
[11,050s][info][gc,marking     ] GC(462) Concurrent Cleanup for Next Mark 1,604ms
[11,050s][info][gc             ] GC(462) Concurrent Mark Cycle 8,398ms
[11,051s][info][gc,start       ] GC(463) Pause Young (Prepare Mixed) (G1 Evacuation Pause)
[11,051s][info][gc,task        ] GC(463) Using 18 workers of 18 for evacuation
[11,061s][info][gc,phases      ] GC(463)   Pre Evacuate Collection Set: 0,2ms
[11,061s][info][gc,phases      ] GC(463)   Merge Heap Roots: 0,0ms
[11,061s][info][gc,phases      ] GC(463)   Evacuate Collection Set: 9,2ms
[11,061s][info][gc,phases      ] GC(463)   Post Evacuate Collection Set: 0,3ms
[11,061s][info][gc,phases      ] GC(463)   Other: 0,1ms
[11,061s][info][gc,heap        ] GC(463) Eden regions: 43->0(93)
[11,061s][info][gc,heap        ] GC(463) Survivor regions: 8->7(7)
[11,061s][info][gc,heap        ] GC(463) Old regions: 736->780
[11,061s][info][gc,heap        ] GC(463) Humongous regions: 0->0
[11,061s][info][gc,metaspace   ] GC(463) Metaspace: 82K(320K)->82K(320K) NonClass: 78K(192K)->78K(192K) Class: 3K(128K)->3K(128K)
[11,061s][info][gc             ] GC(463) Pause Young (Prepare Mixed) (G1 Evacuation Pause) 1572M->1572M(2048M) 10,078ms
[11,061s][info][gc,cpu         ] GC(463) User=0,17s Sys=0,01s Real=0,01s
[11,073s][info][gc,start       ] GC(464) Pause Young (Mixed) (G1 Evacuation Pause)
[11,073s][info][gc,task        ] GC(464) Using 18 workers of 18 for evacuation
[11,095s][info][gc,phases      ] GC(464)   Pre Evacuate Collection Set: 0,3ms
[11,095s][info][gc,phases      ] GC(464)   Merge Heap Roots: 0,1ms
[11,095s][info][gc,phases      ] GC(464)   Evacuate Collection Set: 21,6ms
[11,095s][info][gc,phases      ] GC(464)   Post Evacuate Collection Set: 0,3ms
[11,095s][info][gc,phases      ] GC(464)   Other: 0,1ms
[11,095s][info][gc,heap        ] GC(464) Eden regions: 93->0(84)
[11,095s][info][gc,heap        ] GC(464) Survivor regions: 7->13(13)
[11,095s][info][gc,heap        ] GC(464) Old regions: 780->789
[11,095s][info][gc,heap        ] GC(464) Humongous regions: 0->0
[11,095s][info][gc,metaspace   ] GC(464) Metaspace: 82K(320K)->82K(320K) NonClass: 78K(192K)->78K(192K) Class: 3K(128K)->3K(128K)
[11,095s][info][gc             ] GC(464) Pause Young (Mixed) (G1 Evacuation Pause) 1758M->1603M(2048M) 22,729ms
[11,095s][info][gc,cpu         ] GC(464) User=0,38s Sys=0,00s Real=0,03s
[11,106s][info][gc,start       ] GC(465) Pause Young (Mixed) (G1 Evacuation Pause)
[11,106s][info][gc,task        ] GC(465) Using 18 workers of 18 for evacuation
[11,130s][info][gc,phases      ] GC(465)   Pre Evacuate Collection Set: 0,3ms
[11,130s][info][gc,phases      ] GC(465)   Merge Heap Roots: 0,1ms
[11,130s][info][gc,phases      ] GC(465)   Evacuate Collection Set: 23,6ms
[11,130s][info][gc,phases      ] GC(465)   Post Evacuate Collection Set: 0,3ms
[11,130s][info][gc,phases      ] GC(465)   Other: 0,1ms
[11,130s][info][gc,heap        ] GC(465) Eden regions: 84->0(72)
[11,130s][info][gc,heap        ] GC(465) Survivor regions: 13->13(13)
[11,130s][info][gc,heap        ] GC(465) Old regions: 789->820
[11,130s][info][gc,heap        ] GC(465) Humongous regions: 0->0
[11,130s][info][gc,metaspace   ] GC(465) Metaspace: 82K(320K)->82K(320K) NonClass: 78K(192K)->78K(192K) Class: 3K(128K)->3K(128K)
[11,130s][info][gc             ] GC(465) Pause Young (Mixed) (G1 Evacuation Pause) (Evacuation Failure) 1771M->1666M(2048M) 24,674ms
[11,130s][info][gc,cpu         ] GC(465) User=0,42s Sys=0,00s Real=0,02s
[11,139s][info][gc,start       ] GC(466) Pause Young (Mixed) (G1 Evacuation Pause)
[11,139s][info][gc,task        ] GC(466) Using 18 workers of 18 for evacuation
[11,160s][info][gc,phases      ] GC(466)   Pre Evacuate Collection Set: 0,3ms
[11,160s][info][gc,phases      ] GC(466)   Merge Heap Roots: 0,1ms
[11,160s][info][gc,phases      ] GC(466)   Evacuate Collection Set: 20,5ms
[11,160s][info][gc,phases      ] GC(466)   Post Evacuate Collection Set: 0,4ms
[11,160s][info][gc,phases      ] GC(466)   Other: 0,1ms
[11,160s][info][gc,heap        ] GC(466) Eden regions: 72->0(63)
[11,161s][info][gc,heap        ] GC(466) Survivor regions: 13->11(11)
[11,161s][info][gc,heap        ] GC(466) Old regions: 820->850
[11,161s][info][gc,heap        ] GC(466) Humongous regions: 0->0
[11,161s][info][gc,metaspace   ] GC(466) Metaspace: 82K(320K)->82K(320K) NonClass: 78K(192K)->78K(192K) Class: 3K(128K)->3K(128K)
[11,161s][info][gc             ] GC(466) Pause Young (Mixed) (G1 Evacuation Pause) (Evacuation Failure) 1809M->1722M(2048M) 21,493ms
[11,161s][info][gc,cpu         ] GC(466) User=0,37s Sys=0,00s Real=0,02s
[11,168s][info][gc,start       ] GC(467) Pause Young (Mixed) (G1 Evacuation Pause)
[11,168s][info][gc,task        ] GC(467) Using 18 workers of 18 for evacuation
[11,186s][info][gc,phases      ] GC(467)   Pre Evacuate Collection Set: 0,2ms
[11,187s][info][gc,phases      ] GC(467)   Merge Heap Roots: 0,1ms
[11,187s][info][gc,phases      ] GC(467)   Evacuate Collection Set: 17,2ms
[11,187s][info][gc,phases      ] GC(467)   Post Evacuate Collection Set: 0,6ms
[11,187s][info][gc,phases      ] GC(467)   Other: 0,1ms
[11,187s][info][gc,heap        ] GC(467) Eden regions: 63->0(56)
[11,187s][info][gc,heap        ] GC(467) Survivor regions: 11->10(10)
[11,187s][info][gc,heap        ] GC(467) Old regions: 850->879
[11,187s][info][gc,heap        ] GC(467) Humongous regions: 0->0
[11,187s][info][gc,metaspace   ] GC(467) Metaspace: 82K(320K)->82K(320K) NonClass: 78K(192K)->78K(192K) Class: 3K(128K)->3K(128K)
[11,187s][info][gc             ] GC(467) Pause Young (Mixed) (G1 Evacuation Pause) (Evacuation Failure) 1847M->1778M(2048M) 18,358ms
[11,187s][info][gc,cpu         ] GC(467) User=0,30s Sys=0,01s Real=0,02s
[11,193s][info][gc,start       ] GC(468) Pause Young (Mixed) (G1 Evacuation Pause)
[11,193s][info][gc,task        ] GC(468) Using 18 workers of 18 for evacuation
[11,208s][info][gc,phases      ] GC(468)   Pre Evacuate Collection Set: 0,3ms
[11,208s][info][gc,phases      ] GC(468)   Merge Heap Roots: 0,1ms
[11,208s][info][gc,phases      ] GC(468)   Evacuate Collection Set: 13,7ms
[11,208s][info][gc,phases      ] GC(468)   Post Evacuate Collection Set: 0,3ms
[11,208s][info][gc,phases      ] GC(468)   Other: 0,1ms
[11,208s][info][gc,heap        ] GC(468) Eden regions: 56->0(54)
[11,208s][info][gc,heap        ] GC(468) Survivor regions: 10->9(9)
[11,208s][info][gc,heap        ] GC(468) Old regions: 879->879
[11,208s][info][gc,heap        ] GC(468) Humongous regions: 0->0
[11,208s][info][gc,metaspace   ] GC(468) Metaspace: 82K(320K)->82K(320K) NonClass: 78K(192K)->78K(192K) Class: 3K(128K)->3K(128K)
[11,208s][info][gc             ] GC(468) Pause Young (Mixed) (G1 Evacuation Pause) (Evacuation Failure) 1889M->1776M(2048M) 14,679ms
[11,208s][info][gc,cpu         ] GC(468) User=0,25s Sys=0,00s Real=0,02s
[11,214s][info][gc,start       ] GC(469) Pause Young (Concurrent Start) (G1 Evacuation Pause)
[11,215s][info][gc,task        ] GC(469) Using 18 workers of 18 for evacuation
[11,226s][info][gc,phases      ] GC(469)   Pre Evacuate Collection Set: 0,3ms
[11,226s][info][gc,phases      ] GC(469)   Merge Heap Roots: 0,0ms
[11,226s][info][gc,phases      ] GC(469)   Evacuate Collection Set: 11,1ms
[11,226s][info][gc,phases      ] GC(469)   Post Evacuate Collection Set: 0,2ms
[11,226s][info][gc,phases      ] GC(469)   Other: 0,1ms
[11,226s][info][gc,heap        ] GC(469) Eden regions: 54->0(43)
[11,226s][info][gc,heap        ] GC(469) Survivor regions: 9->8(8)
[11,226s][info][gc,heap        ] GC(469) Old regions: 879->934
[11,226s][info][gc,heap        ] GC(469) Humongous regions: 0->0
[11,226s][info][gc,metaspace   ] GC(469) Metaspace: 82K(320K)->82K(320K) NonClass: 78K(192K)->78K(192K) Class: 3K(128K)->3K(128K)
[11,226s][info][gc             ] GC(469) Pause Young (Concurrent Start) (G1 Evacuation Pause) 1883M->1883M(2048M) 12,071ms
[11,226s][info][gc,cpu         ] GC(469) User=0,19s Sys=0,00s Real=0,02s
[11,226s][info][gc             ] GC(470) Concurrent Mark Cycle
[11,227s][info][gc,marking     ] GC(470) Concurrent Scan Root Regions
[11,227s][info][gc,marking     ] GC(470) Concurrent Scan Root Regions 0,050ms
[11,227s][info][gc,marking     ] GC(470) Concurrent Mark
[11,227s][info][gc,marking     ] GC(470) Concurrent Mark From Roots
[11,227s][info][gc,task        ] GC(470) Using 5 workers of 5 for marking
[11,229s][info][gc,marking     ] GC(470) Concurrent Mark From Roots 2,459ms
[11,229s][info][gc,marking     ] GC(470) Concurrent Preclean
[11,229s][info][gc,marking     ] GC(470) Concurrent Preclean 0,022ms
[11,229s][info][gc,start       ] GC(470) Pause Remark
[11,230s][info][gc             ] GC(470) Pause Remark 1906M->1504M(2048M) 0,717ms
[11,230s][info][gc,cpu         ] GC(470) User=0,00s Sys=0,00s Real=0,00s
[11,230s][info][gc,marking     ] GC(470) Concurrent Mark 3,472ms
[11,230s][info][gc,marking     ] GC(470) Concurrent Rebuild Remembered Sets and Scrub Regions
[11,232s][info][gc,marking     ] GC(470) Concurrent Rebuild Remembered Sets and Scrub Regions 1,739ms
[11,232s][info][gc,start       ] GC(470) Pause Cleanup
[11,232s][info][gc             ] GC(470) Pause Cleanup 1534M->1534M(2048M) 0,512ms
[11,233s][info][gc,cpu         ] GC(470) User=0,00s Sys=0,00s Real=0,00s
[11,233s][info][gc,marking     ] GC(470) Concurrent Clear Claimed Marks
[11,233s][info][gc,marking     ] GC(470) Concurrent Clear Claimed Marks 0,017ms
[11,233s][info][gc,marking     ] GC(470) Concurrent Cleanup for Next Mark
[11,234s][info][gc,marking     ] GC(470) Concurrent Cleanup for Next Mark 1,585ms
[11,234s][info][gc             ] GC(470) Concurrent Mark Cycle 7,734ms
[11,235s][info][gc,start       ] GC(471) Pause Young (Prepare Mixed) (G1 Evacuation Pause)
[11,235s][info][gc,task        ] GC(471) Using 18 workers of 18 for evacuation
[11,245s][info][gc,phases      ] GC(471)   Pre Evacuate Collection Set: 0,2ms
[11,245s][info][gc,phases      ] GC(471)   Merge Heap Roots: 0,1ms
[11,245s][info][gc,phases      ] GC(471)   Evacuate Collection Set: 9,1ms
[11,245s][info][gc,phases      ] GC(471)   Post Evacuate Collection Set: 0,3ms
[11,245s][info][gc,phases      ] GC(471)   Other: 0,1ms
[11,245s][info][gc,heap        ] GC(471) Eden regions: 43->0(94)
[11,245s][info][gc,heap        ] GC(471) Survivor regions: 8->7(7)
[11,245s][info][gc,heap        ] GC(471) Old regions: 733->777
[11,245s][info][gc,heap        ] GC(471) Humongous regions: 0->0
[11,245s][info][gc,metaspace   ] GC(471) Metaspace: 82K(320K)->82K(320K) NonClass: 78K(192K)->78K(192K) Class: 3K(128K)->3K(128K)
[11,245s][info][gc             ] GC(471) Pause Young (Prepare Mixed) (G1 Evacuation Pause) 1566M->1566M(2048M) 9,965ms
[11,245s][info][gc,cpu         ] GC(471) User=0,16s Sys=0,01s Real=0,01s
[11,257s][info][gc,start       ] GC(472) Pause Young (Mixed) (G1 Evacuation Pause)
[11,257s][info][gc,task        ] GC(472) Using 18 workers of 18 for evacuation
[11,280s][info][gc,phases      ] GC(472)   Pre Evacuate Collection Set: 0,2ms
[11,280s][info][gc,phases      ] GC(472)   Merge Heap Roots: 0,1ms
[11,280s][info][gc,phases      ] GC(472)   Evacuate Collection Set: 22,8ms
[11,280s][info][gc,phases      ] GC(472)   Post Evacuate Collection Set: 0,3ms
[11,280s][info][gc,phases      ] GC(472)   Other: 0,1ms
[11,280s][info][gc,heap        ] GC(472) Eden regions: 94->0(82)
[11,280s][info][gc,heap        ] GC(472) Survivor regions: 7->13(13)
[11,280s][info][gc,heap        ] GC(472) Old regions: 777->793
[11,280s][info][gc,heap        ] GC(472) Humongous regions: 0->0
[11,280s][info][gc,metaspace   ] GC(472) Metaspace: 82K(320K)->82K(320K) NonClass: 78K(192K)->78K(192K) Class: 3K(128K)->3K(128K)
[11,280s][info][gc             ] GC(472) Pause Young (Mixed) (G1 Evacuation Pause) 1754M->1611M(2048M) 23,647ms
[11,280s][info][gc,cpu         ] GC(472) User=0,41s Sys=0,00s Real=0,02s
[11,291s][info][gc,start       ] GC(473) Pause Young (Mixed) (G1 Evacuation Pause)
[11,291s][info][gc,task        ] GC(473) Using 18 workers of 18 for evacuation
[11,315s][info][gc,phases      ] GC(473)   Pre Evacuate Collection Set: 0,2ms
[11,315s][info][gc,phases      ] GC(473)   Merge Heap Roots: 0,1ms
[11,315s][info][gc,phases      ] GC(473)   Evacuate Collection Set: 23,6ms
[11,315s][info][gc,phases      ] GC(473)   Post Evacuate Collection Set: 0,4ms
[11,315s][info][gc,phases      ] GC(473)   Other: 0,1ms
[11,315s][info][gc,heap        ] GC(473) Eden regions: 82->0(62)
[11,315s][info][gc,heap        ] GC(473) Survivor regions: 13->12(12)
[11,315s][info][gc,heap        ] GC(473) Old regions: 793->845
[11,315s][info][gc,heap        ] GC(473) Humongous regions: 0->0
[11,315s][info][gc,metaspace   ] GC(473) Metaspace: 82K(320K)->82K(320K) NonClass: 78K(192K)->78K(192K) Class: 3K(128K)->3K(128K)
[11,315s][info][gc             ] GC(473) Pause Young (Mixed) (G1 Evacuation Pause) (Evacuation Failure) 1774M->1714M(2048M) 24,630ms
[11,315s][info][gc,cpu         ] GC(473) User=0,42s Sys=0,00s Real=0,03s
[11,323s][info][gc,start       ] GC(474) Pause Young (Mixed) (G1 Evacuation Pause)
[11,323s][info][gc,task        ] GC(474) Using 18 workers of 18 for evacuation
[11,342s][info][gc,phases      ] GC(474)   Pre Evacuate Collection Set: 0,2ms
[11,342s][info][gc,phases      ] GC(474)   Merge Heap Roots: 0,1ms
[11,342s][info][gc,phases      ] GC(474)   Evacuate Collection Set: 18,1ms
[11,342s][info][gc,phases      ] GC(474)   Post Evacuate Collection Set: 0,4ms
[11,342s][info][gc,phases      ] GC(474)   Other: 0,1ms
[11,342s][info][gc,heap        ] GC(474) Eden regions: 62->0(60)
[11,342s][info][gc,heap        ] GC(474) Survivor regions: 12->10(10)
[11,342s][info][gc,heap        ] GC(474) Old regions: 845->860
[11,342s][info][gc,heap        ] GC(474) Humongous regions: 0->0
[11,342s][info][gc,metaspace   ] GC(474) Metaspace: 82K(320K)->82K(320K) NonClass: 78K(192K)->78K(192K) Class: 3K(128K)->3K(128K)
[11,342s][info][gc             ] GC(474) Pause Young (Mixed) (G1 Evacuation Pause) (Evacuation Failure) 1837M->1740M(2048M) 19,089ms
[11,342s][info][gc,cpu         ] GC(474) User=0,32s Sys=0,01s Real=0,02s
[11,349s][info][gc,start       ] GC(475) Pause Young (Mixed) (G1 Evacuation Pause)
[11,349s][info][gc,task        ] GC(475) Using 18 workers of 18 for evacuation
[11,366s][info][gc,phases      ] GC(475)   Pre Evacuate Collection Set: 0,2ms
[11,367s][info][gc,phases      ] GC(475)   Merge Heap Roots: 0,1ms
[11,367s][info][gc,phases      ] GC(475)   Evacuate Collection Set: 16,3ms
[11,367s][info][gc,phases      ] GC(475)   Post Evacuate Collection Set: 0,4ms
[11,367s][info][gc,phases      ] GC(475)   Other: 0,1ms
[11,367s][info][gc,heap        ] GC(475) Eden regions: 60->0(59)
[11,367s][info][gc,heap        ] GC(475) Survivor regions: 10->9(9)
[11,367s][info][gc,heap        ] GC(475) Old regions: 860->870
[11,367s][info][gc,heap        ] GC(475) Humongous regions: 0->0
[11,367s][info][gc,metaspace   ] GC(475) Metaspace: 82K(320K)->82K(320K) NonClass: 78K(192K)->78K(192K) Class: 3K(128K)->3K(128K)
[11,367s][info][gc             ] GC(475) Pause Young (Mixed) (G1 Evacuation Pause) (Evacuation Failure) 1859M->1758M(2048M) 17,297ms
[11,367s][info][gc,cpu         ] GC(475) User=0,29s Sys=0,00s Real=0,02s
[11,374s][info][gc,start       ] GC(476) Pause Young (Mixed) (G1 Evacuation Pause)
[11,374s][info][gc,task        ] GC(476) Using 18 workers of 18 for evacuation
[11,389s][info][gc,phases      ] GC(476)   Pre Evacuate Collection Set: 0,3ms
[11,389s][info][gc,phases      ] GC(476)   Merge Heap Roots: 0,1ms
[11,389s][info][gc,phases      ] GC(476)   Evacuate Collection Set: 14,8ms
[11,389s][info][gc,phases      ] GC(476)   Post Evacuate Collection Set: 0,3ms
[11,389s][info][gc,phases      ] GC(476)   Other: 0,1ms
[11,389s][info][gc,heap        ] GC(476) Eden regions: 59->0(52)
[11,389s][info][gc,heap        ] GC(476) Survivor regions: 9->9(9)
[11,389s][info][gc,heap        ] GC(476) Old regions: 870->889
[11,389s][info][gc,heap        ] GC(476) Humongous regions: 0->0
[11,389s][info][gc,metaspace   ] GC(476) Metaspace: 82K(320K)->82K(320K) NonClass: 78K(192K)->78K(192K) Class: 3K(128K)->3K(128K)
[11,389s][info][gc             ] GC(476) Pause Young (Mixed) (G1 Evacuation Pause) (Evacuation Failure) 1875M->1796M(2048M) 15,723ms
[11,389s][info][gc,cpu         ] GC(476) User=0,26s Sys=0,00s Real=0,02s
[11,396s][info][gc,start       ] GC(477) Pause Young (Concurrent Start) (G1 Evacuation Pause)
[11,396s][info][gc,task        ] GC(477) Using 18 workers of 18 for evacuation
[11,408s][info][gc,phases      ] GC(477)   Pre Evacuate Collection Set: 0,2ms
[11,408s][info][gc,phases      ] GC(477)   Merge Heap Roots: 0,0ms
[11,408s][info][gc,phases      ] GC(477)   Evacuate Collection Set: 10,7ms
[11,408s][info][gc,phases      ] GC(477)   Post Evacuate Collection Set: 0,2ms
[11,408s][info][gc,phases      ] GC(477)   Other: 0,1ms
[11,408s][info][gc,heap        ] GC(477) Eden regions: 52->0(43)
[11,408s][info][gc,heap        ] GC(477) Survivor regions: 9->8(8)
[11,408s][info][gc,heap        ] GC(477) Old regions: 889->942
[11,408s][info][gc,heap        ] GC(477) Humongous regions: 0->0
[11,408s][info][gc,metaspace   ] GC(477) Metaspace: 82K(320K)->82K(320K) NonClass: 78K(192K)->78K(192K) Class: 3K(128K)->3K(128K)
[11,408s][info][gc             ] GC(477) Pause Young (Concurrent Start) (G1 Evacuation Pause) 1899M->1899M(2048M) 11,453ms
[11,408s][info][gc,cpu         ] GC(477) User=0,19s Sys=0,00s Real=0,01s
[11,408s][info][gc             ] GC(478) Concurrent Mark Cycle
[11,408s][info][gc,marking     ] GC(478) Concurrent Scan Root Regions
[11,408s][info][gc,marking     ] GC(478) Concurrent Scan Root Regions 0,053ms
[11,408s][info][gc,marking     ] GC(478) Concurrent Mark
[11,408s][info][gc,marking     ] GC(478) Concurrent Mark From Roots
[11,408s][info][gc,task        ] GC(478) Using 5 workers of 5 for marking
[11,410s][info][gc,marking     ] GC(478) Concurrent Mark From Roots 2,372ms
[11,410s][info][gc,marking     ] GC(478) Concurrent Preclean
[11,410s][info][gc,marking     ] GC(478) Concurrent Preclean 0,022ms
[11,411s][info][gc,start       ] GC(478) Pause Remark
[11,411s][info][gc             ] GC(478) Pause Remark 1919M->1559M(2048M) 0,599ms
[11,411s][info][gc,cpu         ] GC(478) User=0,00s Sys=0,00s Real=0,00s
[11,411s][info][gc,marking     ] GC(478) Concurrent Mark 3,275ms
[11,411s][info][gc,marking     ] GC(478) Concurrent Rebuild Remembered Sets and Scrub Regions
[11,413s][info][gc,marking     ] GC(478) Concurrent Rebuild Remembered Sets and Scrub Regions 1,565ms
[11,413s][info][gc,start       ] GC(478) Pause Cleanup
[11,413s][info][gc             ] GC(478) Pause Cleanup 1586M->1586M(2048M) 0,482ms
[11,413s][info][gc,cpu         ] GC(478) User=0,01s Sys=0,00s Real=0,00s
[11,413s][info][gc,marking     ] GC(478) Concurrent Clear Claimed Marks
[11,413s][info][gc,marking     ] GC(478) Concurrent Clear Claimed Marks 0,014ms
[11,413s][info][gc,marking     ] GC(478) Concurrent Cleanup for Next Mark
[11,415s][info][gc,marking     ] GC(478) Concurrent Cleanup for Next Mark 1,505ms
[11,415s][info][gc             ] GC(478) Concurrent Mark Cycle 7,200ms
[11,417s][info][gc,start       ] GC(479) Pause Young (Prepare Mixed) (G1 Evacuation Pause)
[11,417s][info][gc,task        ] GC(479) Using 18 workers of 18 for evacuation
[11,427s][info][gc,phases      ] GC(479)   Pre Evacuate Collection Set: 0,2ms
[11,427s][info][gc,phases      ] GC(479)   Merge Heap Roots: 0,1ms
[11,427s][info][gc,phases      ] GC(479)   Evacuate Collection Set: 9,2ms
[11,427s][info][gc,phases      ] GC(479)   Post Evacuate Collection Set: 0,4ms
[11,427s][info][gc,phases      ] GC(479)   Other: 0,1ms
[11,427s][info][gc,heap        ] GC(479) Eden regions: 43->0(82)
[11,427s][info][gc,heap        ] GC(479) Survivor regions: 8->7(7)
[11,427s][info][gc,heap        ] GC(479) Old regions: 762->806
[11,427s][info][gc,heap        ] GC(479) Humongous regions: 0->0
[11,427s][info][gc,metaspace   ] GC(479) Metaspace: 82K(320K)->82K(320K) NonClass: 78K(192K)->78K(192K) Class: 3K(128K)->3K(128K)
[11,427s][info][gc             ] GC(479) Pause Young (Prepare Mixed) (G1 Evacuation Pause) 1624M->1624M(2048M) 10,024ms
[11,427s][info][gc,cpu         ] GC(479) User=0,16s Sys=0,00s Real=0,01s
[11,437s][info][gc,start       ] GC(480) Pause Young (Mixed) (G1 Evacuation Pause)
[11,437s][info][gc,task        ] GC(480) Using 18 workers of 18 for evacuation
[11,458s][info][gc,phases      ] GC(480)   Pre Evacuate Collection Set: 0,2ms
[11,458s][info][gc,phases      ] GC(480)   Merge Heap Roots: 0,1ms
[11,458s][info][gc,phases      ] GC(480)   Evacuate Collection Set: 20,5ms
[11,458s][info][gc,phases      ] GC(480)   Post Evacuate Collection Set: 0,3ms
[11,458s][info][gc,phases      ] GC(480)   Other: 0,1ms
[11,458s][info][gc,heap        ] GC(480) Eden regions: 82->0(76)
[11,458s][info][gc,heap        ] GC(480) Survivor regions: 7->12(12)
[11,458s][info][gc,heap        ] GC(480) Old regions: 806->810
[11,458s][info][gc,heap        ] GC(480) Humongous regions: 0->0
[11,458s][info][gc,metaspace   ] GC(480) Metaspace: 82K(320K)->82K(320K) NonClass: 78K(192K)->78K(192K) Class: 3K(128K)->3K(128K)
[11,458s][info][gc             ] GC(480) Pause Young (Mixed) (G1 Evacuation Pause) 1788M->1643M(2048M) 21,464ms
[11,458s][info][gc,cpu         ] GC(480) User=0,37s Sys=0,00s Real=0,02s
[11,468s][info][gc,start       ] GC(481) Pause Young (Mixed) (G1 Evacuation Pause)
[11,468s][info][gc,task        ] GC(481) Using 18 workers of 18 for evacuation
[11,491s][info][gc,phases      ] GC(481)   Pre Evacuate Collection Set: 0,3ms
[11,491s][info][gc,phases      ] GC(481)   Merge Heap Roots: 0,1ms
[11,491s][info][gc,phases      ] GC(481)   Evacuate Collection Set: 21,8ms
[11,491s][info][gc,phases      ] GC(481)   Post Evacuate Collection Set: 0,4ms
[11,491s][info][gc,phases      ] GC(481)   Other: 0,1ms
[11,491s][info][gc,heap        ] GC(481) Eden regions: 76->0(64)
[11,491s][info][gc,heap        ] GC(481) Survivor regions: 12->11(11)
[11,491s][info][gc,heap        ] GC(481) Old regions: 810->840
[11,491s][info][gc,heap        ] GC(481) Humongous regions: 0->0
[11,491s][info][gc,metaspace   ] GC(481) Metaspace: 82K(320K)->82K(320K) NonClass: 78K(192K)->78K(192K) Class: 3K(128K)->3K(128K)
[11,491s][info][gc             ] GC(481) Pause Young (Mixed) (G1 Evacuation Pause) (Evacuation Failure) 1794M->1702M(2048M) 22,925ms
[11,491s][info][gc,cpu         ] GC(481) User=0,39s Sys=0,00s Real=0,02s
[11,499s][info][gc,start       ] GC(482) Pause Young (Mixed) (G1 Evacuation Pause)
[11,499s][info][gc,task        ] GC(482) Using 18 workers of 18 for evacuation
[11,519s][info][gc,phases      ] GC(482)   Pre Evacuate Collection Set: 0,3ms
[11,519s][info][gc,phases      ] GC(482)   Merge Heap Roots: 0,1ms
[11,519s][info][gc,phases      ] GC(482)   Evacuate Collection Set: 18,9ms
[11,519s][info][gc,phases      ] GC(482)   Post Evacuate Collection Set: 0,4ms
[11,519s][info][gc,phases      ] GC(482)   Other: 0,1ms
[11,519s][info][gc,heap        ] GC(482) Eden regions: 64->0(63)
[11,519s][info][gc,heap        ] GC(482) Survivor regions: 11->10(10)
[11,519s][info][gc,heap        ] GC(482) Old regions: 840->849
[11,519s][info][gc,heap        ] GC(482) Humongous regions: 0->0
[11,519s][info][gc,metaspace   ] GC(482) Metaspace: 82K(320K)->82K(320K) NonClass: 78K(192K)->78K(192K) Class: 3K(128K)->3K(128K)
[11,519s][info][gc             ] GC(482) Pause Young (Mixed) (G1 Evacuation Pause) (Evacuation Failure) 1829M->1718M(2048M) 20,086ms
[11,519s][info][gc,cpu         ] GC(482) User=0,34s Sys=0,00s Real=0,02s
[11,527s][info][gc,start       ] GC(483) Pause Young (Mixed) (G1 Evacuation Pause)
[11,528s][info][gc,task        ] GC(483) Using 18 workers of 18 for evacuation
[11,546s][info][gc,phases      ] GC(483)   Pre Evacuate Collection Set: 0,3ms
[11,546s][info][gc,phases      ] GC(483)   Merge Heap Roots: 0,1ms
[11,546s][info][gc,phases      ] GC(483)   Evacuate Collection Set: 17,7ms
[11,546s][info][gc,phases      ] GC(483)   Post Evacuate Collection Set: 0,5ms
[11,546s][info][gc,phases      ] GC(483)   Other: 0,1ms
[11,546s][info][gc,heap        ] GC(483) Eden regions: 63->0(58)
[11,546s][info][gc,heap        ] GC(483) Survivor regions: 10->10(10)
[11,546s][info][gc,heap        ] GC(483) Old regions: 849->867
[11,546s][info][gc,heap        ] GC(483) Humongous regions: 0->0
[11,546s][info][gc,metaspace   ] GC(483) Metaspace: 82K(320K)->82K(320K) NonClass: 78K(192K)->78K(192K) Class: 3K(128K)->3K(128K)
[11,546s][info][gc             ] GC(483) Pause Young (Mixed) (G1 Evacuation Pause) (Evacuation Failure) 1843M->1754M(2048M) 18,957ms
[11,546s][info][gc,cpu         ] GC(483) User=0,32s Sys=0,01s Real=0,02s
[11,554s][info][gc,start       ] GC(484) Pause Young (Mixed) (G1 Evacuation Pause)
[11,554s][info][gc,task        ] GC(484) Using 18 workers of 18 for evacuation
[11,570s][info][gc,phases      ] GC(484)   Pre Evacuate Collection Set: 0,3ms
[11,570s][info][gc,phases      ] GC(484)   Merge Heap Roots: 0,1ms
[11,570s][info][gc,phases      ] GC(484)   Evacuate Collection Set: 15,4ms
[11,570s][info][gc,phases      ] GC(484)   Post Evacuate Collection Set: 0,3ms
[11,570s][info][gc,phases      ] GC(484)   Other: 0,1ms
[11,570s][info][gc,heap        ] GC(484) Eden regions: 58->0(62)
[11,570s][info][gc,heap        ] GC(484) Survivor regions: 10->9(9)
[11,570s][info][gc,heap        ] GC(484) Old regions: 867->862
[11,570s][info][gc,heap        ] GC(484) Humongous regions: 0->0
[11,570s][info][gc,metaspace   ] GC(484) Metaspace: 82K(320K)->82K(320K) NonClass: 78K(192K)->78K(192K) Class: 3K(128K)->3K(128K)
[11,570s][info][gc             ] GC(484) Pause Young (Mixed) (G1 Evacuation Pause) (Evacuation Failure) 1869M->1742M(2048M) 16,450ms
[11,570s][info][gc,cpu         ] GC(484) User=0,27s Sys=0,00s Real=0,02s
[11,578s][info][gc,start       ] GC(485) Pause Young (Concurrent Start) (G1 Evacuation Pause)
[11,578s][info][gc,task        ] GC(485) Using 18 workers of 18 for evacuation
[11,591s][info][gc,phases      ] GC(485)   Pre Evacuate Collection Set: 0,3ms
[11,591s][info][gc,phases      ] GC(485)   Merge Heap Roots: 0,0ms
[11,591s][info][gc,phases      ] GC(485)   Evacuate Collection Set: 12,4ms
[11,591s][info][gc,phases      ] GC(485)   Post Evacuate Collection Set: 0,2ms
[11,591s][info][gc,phases      ] GC(485)   Other: 0,0ms
[11,591s][info][gc,heap        ] GC(485) Eden regions: 62->0(42)
[11,591s][info][gc,heap        ] GC(485) Survivor regions: 9->9(9)
[11,591s][info][gc,heap        ] GC(485) Old regions: 862->924
[11,591s][info][gc,heap        ] GC(485) Humongous regions: 0->0
[11,591s][info][gc,metaspace   ] GC(485) Metaspace: 82K(320K)->82K(320K) NonClass: 78K(192K)->78K(192K) Class: 3K(128K)->3K(128K)
[11,591s][info][gc             ] GC(485) Pause Young (Concurrent Start) (G1 Evacuation Pause) 1865M->1865M(2048M) 13,184ms
[11,591s][info][gc,cpu         ] GC(485) User=0,22s Sys=0,01s Real=0,01s
[11,591s][info][gc             ] GC(486) Concurrent Mark Cycle
[11,591s][info][gc,marking     ] GC(486) Concurrent Scan Root Regions
[11,591s][info][gc,marking     ] GC(486) Concurrent Scan Root Regions 0,048ms
[11,591s][info][gc,marking     ] GC(486) Concurrent Mark
[11,591s][info][gc,marking     ] GC(486) Concurrent Mark From Roots
[11,591s][info][gc,task        ] GC(486) Using 5 workers of 5 for marking
[11,594s][info][gc,marking     ] GC(486) Concurrent Mark From Roots 2,323ms
[11,594s][info][gc,marking     ] GC(486) Concurrent Preclean
[11,594s][info][gc,marking     ] GC(486) Concurrent Preclean 0,019ms
[11,594s][info][gc,start       ] GC(486) Pause Remark
[11,595s][info][gc             ] GC(486) Pause Remark 1885M->1549M(2048M) 0,618ms
[11,595s][info][gc,cpu         ] GC(486) User=0,00s Sys=0,00s Real=0,00s
[11,595s][info][gc,marking     ] GC(486) Concurrent Mark 3,172ms
[11,595s][info][gc,marking     ] GC(486) Concurrent Rebuild Remembered Sets and Scrub Regions
[11,596s][info][gc,marking     ] GC(486) Concurrent Rebuild Remembered Sets and Scrub Regions 1,505ms
[11,596s][info][gc,start       ] GC(486) Pause Cleanup
[11,597s][info][gc             ] GC(486) Pause Cleanup 1573M->1573M(2048M) 0,825ms
[11,597s][info][gc,cpu         ] GC(486) User=0,00s Sys=0,00s Real=0,00s
[11,597s][info][gc,marking     ] GC(486) Concurrent Clear Claimed Marks
[11,597s][info][gc,marking     ] GC(486) Concurrent Clear Claimed Marks 0,025ms
[11,597s][info][gc,marking     ] GC(486) Concurrent Cleanup for Next Mark
[11,599s][info][gc,marking     ] GC(486) Concurrent Cleanup for Next Mark 1,569ms
[11,599s][info][gc             ] GC(486) Concurrent Mark Cycle 7,571ms
[11,600s][info][gc,start       ] GC(487) Pause Young (Prepare Mixed) (G1 Evacuation Pause)
[11,601s][info][gc,task        ] GC(487) Using 18 workers of 18 for evacuation
[11,610s][info][gc,phases      ] GC(487)   Pre Evacuate Collection Set: 0,2ms
[11,611s][info][gc,phases      ] GC(487)   Merge Heap Roots: 0,1ms
[11,611s][info][gc,phases      ] GC(487)   Evacuate Collection Set: 9,2ms
[11,611s][info][gc,phases      ] GC(487)   Post Evacuate Collection Set: 0,3ms
[11,611s][info][gc,phases      ] GC(487)   Other: 0,1ms
[11,611s][info][gc,heap        ] GC(487) Eden regions: 42->0(85)
[11,611s][info][gc,heap        ] GC(487) Survivor regions: 9->7(7)
[11,611s][info][gc,heap        ] GC(487) Old regions: 756->800
[11,611s][info][gc,heap        ] GC(487) Humongous regions: 0->0
[11,611s][info][gc,metaspace   ] GC(487) Metaspace: 82K(320K)->82K(320K) NonClass: 78K(192K)->78K(192K) Class: 3K(128K)->3K(128K)
[11,611s][info][gc             ] GC(487) Pause Young (Prepare Mixed) (G1 Evacuation Pause) 1612M->1612M(2048M) 10,119ms
[11,611s][info][gc,cpu         ] GC(487) User=0,16s Sys=0,01s Real=0,01s
[11,622s][info][gc,start       ] GC(488) Pause Young (Mixed) (G1 Evacuation Pause)
[11,622s][info][gc,task        ] GC(488) Using 18 workers of 18 for evacuation
[11,643s][info][gc,phases      ] GC(488)   Pre Evacuate Collection Set: 0,2ms
[11,643s][info][gc,phases      ] GC(488)   Merge Heap Roots: 0,1ms
[11,643s][info][gc,phases      ] GC(488)   Evacuate Collection Set: 20,7ms
[11,643s][info][gc,phases      ] GC(488)   Post Evacuate Collection Set: 0,3ms
[11,643s][info][gc,phases      ] GC(488)   Other: 0,1ms
[11,643s][info][gc,heap        ] GC(488) Eden regions: 85->0(78)
[11,643s][info][gc,heap        ] GC(488) Survivor regions: 7->12(12)
[11,643s][info][gc,heap        ] GC(488) Old regions: 800->805
[11,643s][info][gc,heap        ] GC(488) Humongous regions: 0->0
[11,643s][info][gc,metaspace   ] GC(488) Metaspace: 82K(320K)->82K(320K) NonClass: 78K(192K)->78K(192K) Class: 3K(128K)->3K(128K)
[11,643s][info][gc             ] GC(488) Pause Young (Mixed) (G1 Evacuation Pause) 1782M->1633M(2048M) 21,617ms
[11,643s][info][gc,cpu         ] GC(488) User=0,37s Sys=0,00s Real=0,02s
[11,655s][info][gc,start       ] GC(489) Pause Young (Mixed) (G1 Evacuation Pause)
[11,656s][info][gc,task        ] GC(489) Using 18 workers of 18 for evacuation
[11,679s][info][gc,phases      ] GC(489)   Pre Evacuate Collection Set: 0,3ms
[11,679s][info][gc,phases      ] GC(489)   Merge Heap Roots: 0,1ms
[11,679s][info][gc,phases      ] GC(489)   Evacuate Collection Set: 22,3ms
[11,679s][info][gc,phases      ] GC(489)   Post Evacuate Collection Set: 0,4ms
[11,679s][info][gc,phases      ] GC(489)   Other: 0,1ms
[11,679s][info][gc,heap        ] GC(489) Eden regions: 78->0(67)
[11,679s][info][gc,heap        ] GC(489) Survivor regions: 12->12(12)
[11,679s][info][gc,heap        ] GC(489) Old regions: 805->836
[11,679s][info][gc,heap        ] GC(489) Humongous regions: 0->0
[11,679s][info][gc,metaspace   ] GC(489) Metaspace: 82K(320K)->82K(320K) NonClass: 78K(192K)->78K(192K) Class: 3K(128K)->3K(128K)
[11,679s][info][gc             ] GC(489) Pause Young (Mixed) (G1 Evacuation Pause) (Evacuation Failure) 1788M->1696M(2048M) 23,569ms
[11,679s][info][gc,cpu         ] GC(489) User=0,39s Sys=0,01s Real=0,02s
[11,688s][info][gc,start       ] GC(490) Pause Young (Mixed) (G1 Evacuation Pause)
[11,688s][info][gc,task        ] GC(490) Using 18 workers of 18 for evacuation
[11,708s][info][gc,phases      ] GC(490)   Pre Evacuate Collection Set: 0,3ms
[11,708s][info][gc,phases      ] GC(490)   Merge Heap Roots: 0,1ms
[11,708s][info][gc,phases      ] GC(490)   Evacuate Collection Set: 18,9ms
[11,708s][info][gc,phases      ] GC(490)   Post Evacuate Collection Set: 0,4ms
[11,708s][info][gc,phases      ] GC(490)   Other: 0,1ms
[11,708s][info][gc,heap        ] GC(490) Eden regions: 67->0(59)
[11,708s][info][gc,heap        ] GC(490) Survivor regions: 12->10(10)
[11,708s][info][gc,heap        ] GC(490) Old regions: 836->866
[11,708s][info][gc,heap        ] GC(490) Humongous regions: 0->0
[11,708s][info][gc,metaspace   ] GC(490) Metaspace: 82K(320K)->82K(320K) NonClass: 78K(192K)->78K(192K) Class: 3K(128K)->3K(128K)
[11,708s][info][gc             ] GC(490) Pause Young (Mixed) (G1 Evacuation Pause) (Evacuation Failure) 1829M->1752M(2048M) 20,112ms
[11,708s][info][gc,cpu         ] GC(490) User=0,34s Sys=0,00s Real=0,02s
[11,715s][info][gc,start       ] GC(491) Pause Young (Mixed) (G1 Evacuation Pause)
[11,715s][info][gc,task        ] GC(491) Using 18 workers of 18 for evacuation
[11,732s][info][gc,phases      ] GC(491)   Pre Evacuate Collection Set: 0,2ms
[11,732s][info][gc,phases      ] GC(491)   Merge Heap Roots: 0,1ms
[11,732s][info][gc,phases      ] GC(491)   Evacuate Collection Set: 15,6ms
[11,732s][info][gc,phases      ] GC(491)   Post Evacuate Collection Set: 0,4ms
[11,732s][info][gc,phases      ] GC(491)   Other: 0,1ms
[11,732s][info][gc,heap        ] GC(491) Eden regions: 59->0(59)
[11,732s][info][gc,heap        ] GC(491) Survivor regions: 10->9(9)
[11,732s][info][gc,heap        ] GC(491) Old regions: 866->875
[11,732s][info][gc,heap        ] GC(491) Humongous regions: 0->0
[11,732s][info][gc,metaspace   ] GC(491) Metaspace: 82K(320K)->82K(320K) NonClass: 78K(192K)->78K(192K) Class: 3K(128K)->3K(128K)
[11,732s][info][gc             ] GC(491) Pause Young (Mixed) (G1 Evacuation Pause) (Evacuation Failure) 1869M->1768M(2048M) 16,608ms
[11,732s][info][gc,cpu         ] GC(491) User=0,28s Sys=0,00s Real=0,01s
[11,740s][info][gc,start       ] GC(492) Pause Young (Mixed) (G1 Evacuation Pause)
[11,740s][info][gc,task        ] GC(492) Using 18 workers of 18 for evacuation
[11,755s][info][gc,phases      ] GC(492)   Pre Evacuate Collection Set: 0,3ms
[11,755s][info][gc,phases      ] GC(492)   Merge Heap Roots: 0,1ms
[11,755s][info][gc,phases      ] GC(492)   Evacuate Collection Set: 14,4ms
[11,755s][info][gc,phases      ] GC(492)   Post Evacuate Collection Set: 0,4ms
[11,755s][info][gc,phases      ] GC(492)   Other: 0,1ms
[11,755s][info][gc,heap        ] GC(492) Eden regions: 59->0(55)
[11,755s][info][gc,heap        ] GC(492) Survivor regions: 9->9(9)
[11,755s][info][gc,heap        ] GC(492) Old regions: 875->891
[11,755s][info][gc,heap        ] GC(492) Humongous regions: 0->0
[11,755s][info][gc,metaspace   ] GC(492) Metaspace: 82K(320K)->82K(320K) NonClass: 78K(192K)->78K(192K) Class: 3K(128K)->3K(128K)
[11,755s][info][gc             ] GC(492) Pause Young (Mixed) (G1 Evacuation Pause) (Evacuation Failure) 1885M->1800M(2048M) 15,404ms
[11,755s][info][gc,cpu         ] GC(492) User=0,25s Sys=0,00s Real=0,02s
[11,762s][info][gc,start       ] GC(493) Pause Young (Concurrent Start) (G1 Evacuation Pause)
[11,762s][info][gc,task        ] GC(493) Using 18 workers of 18 for evacuation
[11,774s][info][gc,phases      ] GC(493)   Pre Evacuate Collection Set: 0,3ms
[11,774s][info][gc,phases      ] GC(493)   Merge Heap Roots: 0,1ms
[11,774s][info][gc,phases      ] GC(493)   Evacuate Collection Set: 11,5ms
[11,774s][info][gc,phases      ] GC(493)   Post Evacuate Collection Set: 0,2ms
[11,774s][info][gc,phases      ] GC(493)   Other: 0,1ms
[11,774s][info][gc,heap        ] GC(493) Eden regions: 55->0(43)
[11,774s][info][gc,heap        ] GC(493) Survivor regions: 9->8(8)
[11,774s][info][gc,heap        ] GC(493) Old regions: 891->947
[11,774s][info][gc,heap        ] GC(493) Humongous regions: 0->0
[11,774s][info][gc,metaspace   ] GC(493) Metaspace: 82K(320K)->82K(320K) NonClass: 78K(192K)->78K(192K) Class: 3K(128K)->3K(128K)
[11,774s][info][gc             ] GC(493) Pause Young (Concurrent Start) (G1 Evacuation Pause) 1909M->1909M(2048M) 12,235ms
[11,774s][info][gc,cpu         ] GC(493) User=0,20s Sys=0,00s Real=0,01s
[11,774s][info][gc             ] GC(494) Concurrent Mark Cycle
[11,774s][info][gc,marking     ] GC(494) Concurrent Scan Root Regions
[11,774s][info][gc,marking     ] GC(494) Concurrent Scan Root Regions 0,045ms
[11,774s][info][gc,marking     ] GC(494) Concurrent Mark
[11,774s][info][gc,marking     ] GC(494) Concurrent Mark From Roots
[11,774s][info][gc,task        ] GC(494) Using 5 workers of 5 for marking
[11,777s][info][gc,marking     ] GC(494) Concurrent Mark From Roots 2,324ms
[11,777s][info][gc,marking     ] GC(494) Concurrent Preclean
[11,777s][info][gc,marking     ] GC(494) Concurrent Preclean 0,010ms
[11,777s][info][gc,start       ] GC(494) Pause Remark
[11,777s][info][gc             ] GC(494) Pause Remark 1923M->1599M(2048M) 0,533ms
[11,777s][info][gc,cpu         ] GC(494) User=0,00s Sys=0,00s Real=0,00s
[11,778s][info][gc,marking     ] GC(494) Concurrent Mark 3,056ms
[11,778s][info][gc,marking     ] GC(494) Concurrent Rebuild Remembered Sets and Scrub Regions
[11,779s][info][gc,marking     ] GC(494) Concurrent Rebuild Remembered Sets and Scrub Regions 1,427ms
[11,779s][info][gc,start       ] GC(494) Pause Cleanup
[11,780s][info][gc             ] GC(494) Pause Cleanup 1622M->1622M(2048M) 0,482ms
[11,780s][info][gc,cpu         ] GC(494) User=0,00s Sys=0,00s Real=0,00s
[11,780s][info][gc,marking     ] GC(494) Concurrent Clear Claimed Marks
[11,780s][info][gc,marking     ] GC(494) Concurrent Clear Claimed Marks 0,015ms
[11,780s][info][gc,marking     ] GC(494) Concurrent Cleanup for Next Mark
[11,781s][info][gc,marking     ] GC(494) Concurrent Cleanup for Next Mark 1,388ms
[11,781s][info][gc             ] GC(494) Concurrent Mark Cycle 6,700ms
[11,783s][info][gc,start       ] GC(495) Pause Young (Prepare Mixed) (G1 Evacuation Pause)
[11,783s][info][gc,task        ] GC(495) Using 18 workers of 18 for evacuation
[11,793s][info][gc,phases      ] GC(495)   Pre Evacuate Collection Set: 0,2ms
[11,793s][info][gc,phases      ] GC(495)   Merge Heap Roots: 0,0ms
[11,793s][info][gc,phases      ] GC(495)   Evacuate Collection Set: 9,3ms
[11,793s][info][gc,phases      ] GC(495)   Post Evacuate Collection Set: 0,4ms
[11,793s][info][gc,phases      ] GC(495)   Other: 0,1ms
[11,793s][info][gc,heap        ] GC(495) Eden regions: 43->0(74)
[11,793s][info][gc,heap        ] GC(495) Survivor regions: 8->7(7)
[11,793s][info][gc,heap        ] GC(495) Old regions: 785->829
[11,793s][info][gc,heap        ] GC(495) Humongous regions: 0->0
[11,793s][info][gc,metaspace   ] GC(495) Metaspace: 82K(320K)->82K(320K) NonClass: 78K(192K)->78K(192K) Class: 3K(128K)->3K(128K)
[11,793s][info][gc             ] GC(495) Pause Young (Prepare Mixed) (G1 Evacuation Pause) 1670M->1670M(2048M) 10,131ms
[11,793s][info][gc,cpu         ] GC(495) User=0,15s Sys=0,01s Real=0,01s
[11,803s][info][gc,start       ] GC(496) Pause Young (Mixed) (G1 Evacuation Pause)
[11,803s][info][gc,task        ] GC(496) Using 18 workers of 18 for evacuation
[11,821s][info][gc,phases      ] GC(496)   Pre Evacuate Collection Set: 0,3ms
[11,821s][info][gc,phases      ] GC(496)   Merge Heap Roots: 0,1ms
[11,821s][info][gc,phases      ] GC(496)   Evacuate Collection Set: 16,9ms
[11,821s][info][gc,phases      ] GC(496)   Post Evacuate Collection Set: 0,4ms
[11,821s][info][gc,phases      ] GC(496)   Other: 0,1ms
[11,821s][info][gc,heap        ] GC(496) Eden regions: 74->0(77)
[11,821s][info][gc,heap        ] GC(496) Survivor regions: 7->11(11)
[11,821s][info][gc,heap        ] GC(496) Old regions: 829->811
[11,821s][info][gc,heap        ] GC(496) Humongous regions: 0->0
[11,821s][info][gc,metaspace   ] GC(496) Metaspace: 82K(320K)->82K(320K) NonClass: 78K(192K)->78K(192K) Class: 3K(128K)->3K(128K)
[11,821s][info][gc             ] GC(496) Pause Young (Mixed) (G1 Evacuation Pause) 1818M->1643M(2048M) 17,991ms
[11,821s][info][gc,cpu         ] GC(496) User=0,30s Sys=0,00s Real=0,02s
[11,831s][info][gc,start       ] GC(497) Pause Young (Mixed) (G1 Evacuation Pause)
[11,831s][info][gc,task        ] GC(497) Using 18 workers of 18 for evacuation
[11,853s][info][gc,phases      ] GC(497)   Pre Evacuate Collection Set: 0,3ms
[11,853s][info][gc,phases      ] GC(497)   Merge Heap Roots: 0,1ms
[11,853s][info][gc,phases      ] GC(497)   Evacuate Collection Set: 21,5ms
[11,853s][info][gc,phases      ] GC(497)   Post Evacuate Collection Set: 0,4ms
[11,853s][info][gc,phases      ] GC(497)   Other: 0,1ms
[11,853s][info][gc,heap        ] GC(497) Eden regions: 77->0(67)
[11,853s][info][gc,heap        ] GC(497) Survivor regions: 11->11(11)
[11,854s][info][gc,heap        ] GC(497) Old regions: 811->837
[11,854s][info][gc,heap        ] GC(497) Humongous regions: 0->0
[11,854s][info][gc,metaspace   ] GC(497) Metaspace: 82K(320K)->82K(320K) NonClass: 78K(192K)->78K(192K) Class: 3K(128K)->3K(128K)
[11,854s][info][gc             ] GC(497) Pause Young (Mixed) (G1 Evacuation Pause) (Evacuation Failure) 1797M->1696M(2048M) 22,507ms
[11,854s][info][gc,cpu         ] GC(497) User=0,39s Sys=0,00s Real=0,02s
[11,862s][info][gc,start       ] GC(498) Pause Young (Mixed) (G1 Evacuation Pause)
[11,862s][info][gc,task        ] GC(498) Using 18 workers of 18 for evacuation
[11,882s][info][gc,phases      ] GC(498)   Pre Evacuate Collection Set: 0,3ms
[11,882s][info][gc,phases      ] GC(498)   Merge Heap Roots: 0,1ms
[11,882s][info][gc,phases      ] GC(498)   Evacuate Collection Set: 19,0ms
[11,882s][info][gc,phases      ] GC(498)   Post Evacuate Collection Set: 0,3ms
[11,882s][info][gc,phases      ] GC(498)   Other: 0,1ms
[11,882s][info][gc,heap        ] GC(498) Eden regions: 67->0(63)
[11,882s][info][gc,heap        ] GC(498) Survivor regions: 11->10(10)
[11,882s][info][gc,heap        ] GC(498) Old regions: 837->844
[11,882s][info][gc,heap        ] GC(498) Humongous regions: 0->0
[11,882s][info][gc,metaspace   ] GC(498) Metaspace: 82K(320K)->82K(320K) NonClass: 78K(192K)->78K(192K) Class: 3K(128K)->3K(128K)
[11,882s][info][gc             ] GC(498) Pause Young (Mixed) (G1 Evacuation Pause) (Evacuation Failure) 1829M->1708M(2048M) 20,107ms
[11,882s][info][gc,cpu         ] GC(498) User=0,34s Sys=0,01s Real=0,02s
[11,891s][info][gc,start       ] GC(499) Pause Young (Mixed) (G1 Evacuation Pause)
[11,891s][info][gc,task        ] GC(499) Using 18 workers of 18 for evacuation
[11,910s][info][gc,phases      ] GC(499)   Pre Evacuate Collection Set: 0,3ms
[11,910s][info][gc,phases      ] GC(499)   Merge Heap Roots: 0,1ms
[11,910s][info][gc,phases      ] GC(499)   Evacuate Collection Set: 18,5ms
[11,910s][info][gc,phases      ] GC(499)   Post Evacuate Collection Set: 0,4ms
[11,910s][info][gc,phases      ] GC(499)   Other: 0,1ms
[11,910s][info][gc,heap        ] GC(499) Eden regions: 63->0(59)
[11,910s][info][gc,heap        ] GC(499) Survivor regions: 10->10(10)
[11,910s][info][gc,heap        ] GC(499) Old regions: 844->864
[11,910s][info][gc,heap        ] GC(499) Humongous regions: 0->0
[11,910s][info][gc,metaspace   ] GC(499) Metaspace: 82K(320K)->82K(320K) NonClass: 78K(192K)->78K(192K) Class: 3K(128K)->3K(128K)
[11,910s][info][gc             ] GC(499) Pause Young (Mixed) (G1 Evacuation Pause) (Evacuation Failure) 1833M->1748M(2048M) 19,737ms
[11,910s][info][gc,cpu         ] GC(499) User=0,33s Sys=0,00s Real=0,02s
[11,918s][info][gc,start       ] GC(500) Pause Young (Mixed) (G1 Evacuation Pause)
[11,918s][info][gc,task        ] GC(500) Using 18 workers of 18 for evacuation
[11,935s][info][gc,phases      ] GC(500)   Pre Evacuate Collection Set: 0,2ms
[11,935s][info][gc,phases      ] GC(500)   Merge Heap Roots: 0,1ms
[11,935s][info][gc,phases      ] GC(500)   Evacuate Collection Set: 15,7ms
[11,935s][info][gc,phases      ] GC(500)   Post Evacuate Collection Set: 0,4ms
[11,935s][info][gc,phases      ] GC(500)   Other: 0,1ms
[11,935s][info][gc,heap        ] GC(500) Eden regions: 59->0(62)
[11,935s][info][gc,heap        ] GC(500) Survivor regions: 10->9(9)
[11,935s][info][gc,heap        ] GC(500) Old regions: 864->859
[11,935s][info][gc,heap        ] GC(500) Humongous regions: 0->0
[11,935s][info][gc,metaspace   ] GC(500) Metaspace: 82K(320K)->82K(320K) NonClass: 78K(192K)->78K(192K) Class: 3K(128K)->3K(128K)
[11,935s][info][gc             ] GC(500) Pause Young (Mixed) (G1 Evacuation Pause) (Evacuation Failure) 1865M->1736M(2048M) 16,845ms
[11,935s][info][gc,cpu         ] GC(500) User=0,29s Sys=0,00s Real=0,02s
[11,943s][info][gc,start       ] GC(501) Pause Young (Mixed) (G1 Evacuation Pause)
[11,943s][info][gc,task        ] GC(501) Using 18 workers of 18 for evacuation
[11,957s][info][gc,phases      ] GC(501)   Pre Evacuate Collection Set: 0,2ms
[11,957s][info][gc,phases      ] GC(501)   Merge Heap Roots: 0,1ms
[11,957s][info][gc,phases      ] GC(501)   Evacuate Collection Set: 13,9ms
[11,957s][info][gc,phases      ] GC(501)   Post Evacuate Collection Set: 0,2ms
[11,957s][info][gc,phases      ] GC(501)   Other: 0,1ms
[11,957s][info][gc,heap        ] GC(501) Eden regions: 62->0(42)
[11,957s][info][gc,heap        ] GC(501) Survivor regions: 9->9(9)
[11,957s][info][gc,heap        ] GC(501) Old regions: 859->909
[11,957s][info][gc,heap        ] GC(501) Humongous regions: 0->0
[11,957s][info][gc,metaspace   ] GC(501) Metaspace: 82K(320K)->82K(320K) NonClass: 78K(192K)->78K(192K) Class: 3K(128K)->3K(128K)
[11,957s][info][gc             ] GC(501) Pause Young (Mixed) (G1 Evacuation Pause) 1859M->1835M(2048M) 14,681ms
[11,957s][info][gc,cpu         ] GC(501) User=0,24s Sys=0,00s Real=0,02s
[11,963s][info][gc,start       ] GC(502) Pause Young (Concurrent Start) (G1 Evacuation Pause)
[11,963s][info][gc,task        ] GC(502) Using 18 workers of 18 for evacuation
[11,972s][info][gc,phases      ] GC(502)   Pre Evacuate Collection Set: 0,3ms
[11,972s][info][gc,phases      ] GC(502)   Merge Heap Roots: 0,1ms
[11,972s][info][gc,phases      ] GC(502)   Evacuate Collection Set: 9,1ms
[11,972s][info][gc,phases      ] GC(502)   Post Evacuate Collection Set: 0,2ms
[11,972s][info][gc,phases      ] GC(502)   Other: 0,1ms
[11,972s][info][gc,heap        ] GC(502) Eden regions: 42->0(44)
[11,973s][info][gc,heap        ] GC(502) Survivor regions: 9->7(7)
[11,973s][info][gc,heap        ] GC(502) Old regions: 909->953
[11,973s][info][gc,heap        ] GC(502) Humongous regions: 0->0
[11,973s][info][gc,metaspace   ] GC(502) Metaspace: 82K(320K)->82K(320K) NonClass: 78K(192K)->78K(192K) Class: 3K(128K)->3K(128K)
[11,973s][info][gc             ] GC(502) Pause Young (Concurrent Start) (G1 Evacuation Pause) 1918M->1918M(2048M) 9,963ms
[11,973s][info][gc             ] GC(503) Concurrent Mark Cycle
[11,973s][info][gc,marking     ] GC(503) Concurrent Scan Root Regions
[11,973s][info][gc,cpu         ] GC(502) User=0,17s Sys=0,00s Real=0,01s
[11,973s][info][gc,marking     ] GC(503) Concurrent Scan Root Regions 0,039ms
[11,973s][info][gc,marking     ] GC(503) Concurrent Mark
[11,973s][info][gc,marking     ] GC(503) Concurrent Mark From Roots
[11,973s][info][gc,task        ] GC(503) Using 5 workers of 5 for marking
[11,975s][info][gc,marking     ] GC(503) Concurrent Mark From Roots 2,376ms
[11,975s][info][gc,marking     ] GC(503) Concurrent Preclean
[11,975s][info][gc,marking     ] GC(503) Concurrent Preclean 0,011ms
[11,975s][info][gc,start       ] GC(503) Pause Remark
[11,976s][info][gc             ] GC(503) Pause Remark 1939M->1571M(2048M) 0,780ms
[11,976s][info][gc,cpu         ] GC(503) User=0,00s Sys=0,00s Real=0,00s
[11,976s][info][gc,marking     ] GC(503) Concurrent Mark 3,403ms
[11,976s][info][gc,marking     ] GC(503) Concurrent Rebuild Remembered Sets and Scrub Regions
[11,978s][info][gc,marking     ] GC(503) Concurrent Rebuild Remembered Sets and Scrub Regions 1,513ms
[11,978s][info][gc,start       ] GC(503) Pause Cleanup
[11,978s][info][gc             ] GC(503) Pause Cleanup 1595M->1595M(2048M) 0,619ms
[11,978s][info][gc,cpu         ] GC(503) User=0,00s Sys=0,00s Real=0,00s
[11,978s][info][gc,marking     ] GC(503) Concurrent Clear Claimed Marks
[11,978s][info][gc,marking     ] GC(503) Concurrent Clear Claimed Marks 0,023ms
[11,978s][info][gc,marking     ] GC(503) Concurrent Cleanup for Next Mark
[11,980s][info][gc,marking     ] GC(503) Concurrent Cleanup for Next Mark 1,475ms
[11,980s][info][gc             ] GC(503) Concurrent Mark Cycle 7,415ms
[11,982s][info][gc,start       ] GC(504) Pause Young (Prepare Mixed) (G1 Evacuation Pause)
[11,982s][info][gc,task        ] GC(504) Using 18 workers of 18 for evacuation
[11,992s][info][gc,phases      ] GC(504)   Pre Evacuate Collection Set: 0,2ms
[11,992s][info][gc,phases      ] GC(504)   Merge Heap Roots: 0,0ms
[11,992s][info][gc,phases      ] GC(504)   Evacuate Collection Set: 9,2ms
[11,992s][info][gc,phases      ] GC(504)   Post Evacuate Collection Set: 0,4ms
[11,992s][info][gc,phases      ] GC(504)   Other: 0,1ms
[11,992s][info][gc,heap        ] GC(504) Eden regions: 44->0(79)
[11,992s][info][gc,heap        ] GC(504) Survivor regions: 7->7(7)
[11,992s][info][gc,heap        ] GC(504) Old regions: 769->812
[11,992s][info][gc,heap        ] GC(504) Humongous regions: 0->0
[11,992s][info][gc,metaspace   ] GC(504) Metaspace: 82K(320K)->82K(320K) NonClass: 78K(192K)->78K(192K) Class: 3K(128K)->3K(128K)
[11,992s][info][gc             ] GC(504) Pause Young (Prepare Mixed) (G1 Evacuation Pause) 1638M->1637M(2048M) 10,134ms
[11,992s][info][gc,cpu         ] GC(504) User=0,16s Sys=0,00s Real=0,01s
[12,002s][info][gc,start       ] GC(505) Pause Young (Mixed) (G1 Evacuation Pause)
[12,002s][info][gc,task        ] GC(505) Using 18 workers of 18 for evacuation
[12,020s][info][gc,phases      ] GC(505)   Pre Evacuate Collection Set: 0,3ms
[12,020s][info][gc,phases      ] GC(505)   Merge Heap Roots: 0,1ms
[12,020s][info][gc,phases      ] GC(505)   Evacuate Collection Set: 17,3ms
[12,020s][info][gc,phases      ] GC(505)   Post Evacuate Collection Set: 0,4ms
[12,020s][info][gc,phases      ] GC(505)   Other: 0,1ms
[12,020s][info][gc,heap        ] GC(505) Eden regions: 79->0(81)
[12,020s][info][gc,heap        ] GC(505) Survivor regions: 7->11(11)
[12,020s][info][gc,heap        ] GC(505) Old regions: 812->798
[12,020s][info][gc,heap        ] GC(505) Humongous regions: 0->0
[12,020s][info][gc,metaspace   ] GC(505) Metaspace: 82K(320K)->82K(320K) NonClass: 78K(192K)->78K(192K) Class: 3K(128K)->3K(128K)
[12,020s][info][gc             ] GC(505) Pause Young (Mixed) (G1 Evacuation Pause) 1795M->1617M(2048M) 18,439ms
[12,020s][info][gc,cpu         ] GC(505) User=0,31s Sys=0,00s Real=0,02s
[12,031s][info][gc,start       ] GC(506) Pause Young (Mixed) (G1 Evacuation Pause)
[12,031s][info][gc,task        ] GC(506) Using 18 workers of 18 for evacuation
[12,052s][info][gc,phases      ] GC(506)   Pre Evacuate Collection Set: 0,3ms
[12,052s][info][gc,phases      ] GC(506)   Merge Heap Roots: 0,1ms
[12,052s][info][gc,phases      ] GC(506)   Evacuate Collection Set: 20,5ms
[12,052s][info][gc,phases      ] GC(506)   Post Evacuate Collection Set: 0,3ms
[12,052s][info][gc,phases      ] GC(506)   Other: 0,1ms
[12,052s][info][gc,heap        ] GC(506) Eden regions: 81->0(78)
[12,052s][info][gc,heap        ] GC(506) Survivor regions: 11->12(12)
[12,052s][info][gc,heap        ] GC(506) Old regions: 798->802
[12,052s][info][gc,heap        ] GC(506) Humongous regions: 0->0
[12,052s][info][gc,metaspace   ] GC(506) Metaspace: 82K(320K)->82K(320K) NonClass: 78K(192K)->78K(192K) Class: 3K(128K)->3K(128K)
[12,052s][info][gc             ] GC(506) Pause Young (Mixed) (G1 Evacuation Pause) 1779M->1627M(2048M) 21,567ms
[12,052s][info][gc,cpu         ] GC(506) User=0,37s Sys=0,01s Real=0,02s
[12,062s][info][gc,start       ] GC(507) Pause Young (Mixed) (G1 Evacuation Pause)
[12,063s][info][gc,task        ] GC(507) Using 18 workers of 18 for evacuation
[12,084s][info][gc,phases      ] GC(507)   Pre Evacuate Collection Set: 0,3ms
[12,084s][info][gc,phases      ] GC(507)   Merge Heap Roots: 0,1ms
[12,084s][info][gc,phases      ] GC(507)   Evacuate Collection Set: 21,0ms
[12,084s][info][gc,phases      ] GC(507)   Post Evacuate Collection Set: 0,3ms
[12,084s][info][gc,phases      ] GC(507)   Other: 0,1ms
[12,084s][info][gc,heap        ] GC(507) Eden regions: 78->0(74)
[12,084s][info][gc,heap        ] GC(507) Survivor regions: 12->12(12)
[12,084s][info][gc,heap        ] GC(507) Old regions: 802->809
[12,084s][info][gc,heap        ] GC(507) Humongous regions: 0->0
[12,085s][info][gc,metaspace   ] GC(507) Metaspace: 82K(320K)->82K(320K) NonClass: 78K(192K)->78K(192K) Class: 3K(128K)->3K(128K)
[12,085s][info][gc             ] GC(507) Pause Young (Mixed) (G1 Evacuation Pause) 1782M->1641M(2048M) 22,079ms
[12,085s][info][gc,cpu         ] GC(507) User=0,37s Sys=0,00s Real=0,02s
[12,094s][info][gc,start       ] GC(508) Pause Young (Mixed) (G1 Evacuation Pause)
[12,094s][info][gc,task        ] GC(508) Using 18 workers of 18 for evacuation
[12,117s][info][gc,phases      ] GC(508)   Pre Evacuate Collection Set: 0,3ms
[12,117s][info][gc,phases      ] GC(508)   Merge Heap Roots: 0,1ms
[12,117s][info][gc,phases      ] GC(508)   Evacuate Collection Set: 22,2ms
[12,117s][info][gc,phases      ] GC(508)   Post Evacuate Collection Set: 0,3ms
[12,117s][info][gc,phases      ] GC(508)   Other: 0,1ms
[12,117s][info][gc,heap        ] GC(508) Eden regions: 74->0(67)
[12,117s][info][gc,heap        ] GC(508) Survivor regions: 12->11(11)
[12,117s][info][gc,heap        ] GC(508) Old regions: 809->830
[12,117s][info][gc,heap        ] GC(508) Humongous regions: 0->0
[12,117s][info][gc,metaspace   ] GC(508) Metaspace: 82K(320K)->82K(320K) NonClass: 78K(192K)->78K(192K) Class: 3K(128K)->3K(128K)
[12,117s][info][gc             ] GC(508) Pause Young (Mixed) (G1 Evacuation Pause) (Evacuation Failure) 1788M->1682M(2048M) 23,317ms
[12,117s][info][gc,cpu         ] GC(508) User=0,39s Sys=0,00s Real=0,03s
[12,126s][info][gc,start       ] GC(509) Pause Young (Mixed) (G1 Evacuation Pause)
[12,126s][info][gc,task        ] GC(509) Using 18 workers of 18 for evacuation
[12,147s][info][gc,phases      ] GC(509)   Pre Evacuate Collection Set: 0,3ms
[12,147s][info][gc,phases      ] GC(509)   Merge Heap Roots: 0,1ms
[12,147s][info][gc,phases      ] GC(509)   Evacuate Collection Set: 19,9ms
[12,147s][info][gc,phases      ] GC(509)   Post Evacuate Collection Set: 0,4ms
[12,147s][info][gc,phases      ] GC(509)   Other: 0,1ms
[12,147s][info][gc,heap        ] GC(509) Eden regions: 67->0(60)
[12,147s][info][gc,heap        ] GC(509) Survivor regions: 11->10(10)
[12,147s][info][gc,heap        ] GC(509) Old regions: 830->855
[12,147s][info][gc,heap        ] GC(509) Humongous regions: 0->0
[12,147s][info][gc,metaspace   ] GC(509) Metaspace: 82K(320K)->82K(320K) NonClass: 78K(192K)->78K(192K) Class: 3K(128K)->3K(128K)
[12,147s][info][gc             ] GC(509) Pause Young (Mixed) (G1 Evacuation Pause) (Evacuation Failure) 1815M->1730M(2048M) 20,952ms
[12,147s][info][gc,cpu         ] GC(509) User=0,36s Sys=0,00s Real=0,02s
[12,155s][info][gc,start       ] GC(510) Pause Young (Mixed) (G1 Evacuation Pause)
[12,155s][info][gc,task        ] GC(510) Using 18 workers of 18 for evacuation
[12,168s][info][gc,phases      ] GC(510)   Pre Evacuate Collection Set: 0,2ms
[12,168s][info][gc,phases      ] GC(510)   Merge Heap Roots: 0,1ms
[12,168s][info][gc,phases      ] GC(510)   Evacuate Collection Set: 12,6ms
[12,168s][info][gc,phases      ] GC(510)   Post Evacuate Collection Set: 0,2ms
[12,168s][info][gc,phases      ] GC(510)   Other: 0,1ms
[12,168s][info][gc,heap        ] GC(510) Eden regions: 60->0(42)
[12,168s][info][gc,heap        ] GC(510) Survivor regions: 10->9(9)
[12,168s][info][gc,heap        ] GC(510) Old regions: 855->903
[12,168s][info][gc,heap        ] GC(510) Humongous regions: 0->0
[12,168s][info][gc,metaspace   ] GC(510) Metaspace: 82K(320K)->82K(320K) NonClass: 78K(192K)->78K(192K) Class: 3K(128K)->3K(128K)
[12,168s][info][gc             ] GC(510) Pause Young (Mixed) (G1 Evacuation Pause) 1849M->1823M(2048M) 13,482ms
[12,168s][info][gc,cpu         ] GC(510) User=0,22s Sys=0,00s Real=0,02s
[12,173s][info][gc,start       ] GC(511) Pause Young (Concurrent Start) (G1 Evacuation Pause)
[12,173s][info][gc,task        ] GC(511) Using 18 workers of 18 for evacuation
[12,183s][info][gc,phases      ] GC(511)   Pre Evacuate Collection Set: 0,3ms
[12,183s][info][gc,phases      ] GC(511)   Merge Heap Roots: 0,1ms
[12,183s][info][gc,phases      ] GC(511)   Evacuate Collection Set: 9,1ms
[12,183s][info][gc,phases      ] GC(511)   Post Evacuate Collection Set: 0,2ms
[12,183s][info][gc,phases      ] GC(511)   Other: 0,1ms
[12,183s][info][gc,heap        ] GC(511) Eden regions: 42->0(44)
[12,183s][info][gc,heap        ] GC(511) Survivor regions: 9->7(7)
[12,183s][info][gc,heap        ] GC(511) Old regions: 903->947
[12,183s][info][gc,heap        ] GC(511) Humongous regions: 0->0
[12,183s][info][gc,metaspace   ] GC(511) Metaspace: 82K(320K)->82K(320K) NonClass: 78K(192K)->78K(192K) Class: 3K(128K)->3K(128K)
[12,183s][info][gc             ] GC(511) Pause Young (Concurrent Start) (G1 Evacuation Pause) 1906M->1906M(2048M) 10,032ms
[12,183s][info][gc             ] GC(512) Concurrent Mark Cycle
[12,183s][info][gc,marking     ] GC(512) Concurrent Scan Root Regions
[12,183s][info][gc,cpu         ] GC(511) User=0,16s Sys=0,01s Real=0,01s
[12,183s][info][gc,marking     ] GC(512) Concurrent Scan Root Regions 0,042ms
[12,183s][info][gc,marking     ] GC(512) Concurrent Mark
[12,183s][info][gc,marking     ] GC(512) Concurrent Mark From Roots
[12,183s][info][gc,task        ] GC(512) Using 5 workers of 5 for marking
[12,186s][info][gc,marking     ] GC(512) Concurrent Mark From Roots 2,423ms
[12,186s][info][gc,marking     ] GC(512) Concurrent Preclean
[12,186s][info][gc,marking     ] GC(512) Concurrent Preclean 0,012ms
[12,186s][info][gc,start       ] GC(512) Pause Remark
[12,187s][info][gc             ] GC(512) Pause Remark 1926M->1508M(2048M) 0,700ms
[12,187s][info][gc,cpu         ] GC(512) User=0,00s Sys=0,00s Real=0,00s
[12,187s][info][gc,marking     ] GC(512) Concurrent Mark 3,352ms
[12,187s][info][gc,marking     ] GC(512) Concurrent Rebuild Remembered Sets and Scrub Regions
[12,188s][info][gc,marking     ] GC(512) Concurrent Rebuild Remembered Sets and Scrub Regions 1,556ms
[12,188s][info][gc,start       ] GC(512) Pause Cleanup
[12,189s][info][gc             ] GC(512) Pause Cleanup 1533M->1533M(2048M) 0,584ms
[12,189s][info][gc,cpu         ] GC(512) User=0,00s Sys=0,00s Real=0,00s
[12,189s][info][gc,marking     ] GC(512) Concurrent Clear Claimed Marks
[12,189s][info][gc,marking     ] GC(512) Concurrent Clear Claimed Marks 0,019ms
[12,189s][info][gc,marking     ] GC(512) Concurrent Cleanup for Next Mark
[12,191s][info][gc,marking     ] GC(512) Concurrent Cleanup for Next Mark 1,497ms
[12,191s][info][gc             ] GC(512) Concurrent Mark Cycle 7,390ms
[12,193s][info][gc,start       ] GC(513) Pause Young (Prepare Mixed) (G1 Evacuation Pause)
[12,193s][info][gc,task        ] GC(513) Using 18 workers of 18 for evacuation
[12,202s][info][gc,phases      ] GC(513)   Pre Evacuate Collection Set: 0,2ms
[12,203s][info][gc,phases      ] GC(513)   Merge Heap Roots: 0,1ms
[12,203s][info][gc,phases      ] GC(513)   Evacuate Collection Set: 9,2ms
[12,203s][info][gc,phases      ] GC(513)   Post Evacuate Collection Set: 0,4ms
[12,203s][info][gc,phases      ] GC(513)   Other: 0,1ms
[12,203s][info][gc,heap        ] GC(513) Eden regions: 44->0(93)
[12,203s][info][gc,heap        ] GC(513) Survivor regions: 7->7(7)
[12,203s][info][gc,heap        ] GC(513) Old regions: 738->781
[12,203s][info][gc,heap        ] GC(513) Humongous regions: 0->0
[12,203s][info][gc,metaspace   ] GC(513) Metaspace: 82K(320K)->82K(320K) NonClass: 78K(192K)->78K(192K) Class: 3K(128K)->3K(128K)
[12,203s][info][gc             ] GC(513) Pause Young (Prepare Mixed) (G1 Evacuation Pause) 1576M->1575M(2048M) 10,148ms
[12,203s][info][gc,cpu         ] GC(513) User=0,16s Sys=0,00s Real=0,01s
[12,215s][info][gc,start       ] GC(514) Pause Young (Mixed) (G1 Evacuation Pause)
[12,215s][info][gc,task        ] GC(514) Using 18 workers of 18 for evacuation
[12,238s][info][gc,phases      ] GC(514)   Pre Evacuate Collection Set: 0,3ms
[12,238s][info][gc,phases      ] GC(514)   Merge Heap Roots: 0,1ms
[12,238s][info][gc,phases      ] GC(514)   Evacuate Collection Set: 22,3ms
[12,238s][info][gc,phases      ] GC(514)   Post Evacuate Collection Set: 0,4ms
[12,238s][info][gc,phases      ] GC(514)   Other: 0,1ms
[12,238s][info][gc,heap        ] GC(514) Eden regions: 93->0(81)
[12,238s][info][gc,heap        ] GC(514) Survivor regions: 7->13(13)
[12,238s][info][gc,heap        ] GC(514) Old regions: 781->795
[12,238s][info][gc,heap        ] GC(514) Humongous regions: 0->0
[12,238s][info][gc,metaspace   ] GC(514) Metaspace: 82K(320K)->82K(320K) NonClass: 78K(192K)->78K(192K) Class: 3K(128K)->3K(128K)
[12,238s][info][gc             ] GC(514) Pause Young (Mixed) (G1 Evacuation Pause) 1761M->1615M(2048M) 23,404ms
[12,238s][info][gc,cpu         ] GC(514) User=0,40s Sys=0,00s Real=0,03s
[12,249s][info][gc,start       ] GC(515) Pause Young (Mixed) (G1 Evacuation Pause)
[12,250s][info][gc,task        ] GC(515) Using 18 workers of 18 for evacuation
[12,274s][info][gc,phases      ] GC(515)   Pre Evacuate Collection Set: 0,3ms
[12,274s][info][gc,phases      ] GC(515)   Merge Heap Roots: 0,1ms
[12,274s][info][gc,phases      ] GC(515)   Evacuate Collection Set: 23,2ms
[12,274s][info][gc,phases      ] GC(515)   Post Evacuate Collection Set: 0,3ms
[12,274s][info][gc,phases      ] GC(515)   Other: 0,1ms
[12,274s][info][gc,heap        ] GC(515) Eden regions: 81->0(72)
[12,274s][info][gc,heap        ] GC(515) Survivor regions: 13->12(12)
[12,274s][info][gc,heap        ] GC(515) Old regions: 795->818
[12,274s][info][gc,heap        ] GC(515) Humongous regions: 0->0
[12,274s][info][gc,metaspace   ] GC(515) Metaspace: 82K(320K)->82K(320K) NonClass: 78K(192K)->78K(192K) Class: 3K(128K)->3K(128K)
[12,274s][info][gc             ] GC(515) Pause Young (Mixed) (G1 Evacuation Pause) (Evacuation Failure) 1777M->1660M(2048M) 24,333ms
[12,274s][info][gc,cpu         ] GC(515) User=0,42s Sys=0,00s Real=0,02s
[12,286s][info][gc,start       ] GC(516) Pause Young (Mixed) (G1 Evacuation Pause)
[12,286s][info][gc,task        ] GC(516) Using 18 workers of 18 for evacuation
[12,308s][info][gc,phases      ] GC(516)   Pre Evacuate Collection Set: 0,3ms
[12,308s][info][gc,phases      ] GC(516)   Merge Heap Roots: 0,1ms
[12,308s][info][gc,phases      ] GC(516)   Evacuate Collection Set: 21,0ms
[12,308s][info][gc,phases      ] GC(516)   Post Evacuate Collection Set: 0,4ms
[12,308s][info][gc,phases      ] GC(516)   Other: 0,1ms
[12,308s][info][gc,heap        ] GC(516) Eden regions: 72->0(64)
[12,308s][info][gc,heap        ] GC(516) Survivor regions: 12->11(11)
[12,308s][info][gc,heap        ] GC(516) Old regions: 818->843
[12,308s][info][gc,heap        ] GC(516) Humongous regions: 0->0
[12,308s][info][gc,metaspace   ] GC(516) Metaspace: 82K(320K)->82K(320K) NonClass: 78K(192K)->78K(192K) Class: 3K(128K)->3K(128K)
[12,308s][info][gc             ] GC(516) Pause Young (Mixed) (G1 Evacuation Pause) (Evacuation Failure) 1803M->1708M(2048M) 22,153ms
[12,308s][info][gc,cpu         ] GC(516) User=0,38s Sys=0,00s Real=0,02s
[12,317s][info][gc,start       ] GC(517) Pause Young (Mixed) (G1 Evacuation Pause)
[12,317s][info][gc,task        ] GC(517) Using 18 workers of 18 for evacuation
[12,337s][info][gc,phases      ] GC(517)   Pre Evacuate Collection Set: 0,3ms
[12,337s][info][gc,phases      ] GC(517)   Merge Heap Roots: 0,1ms
[12,337s][info][gc,phases      ] GC(517)   Evacuate Collection Set: 18,2ms
[12,337s][info][gc,phases      ] GC(517)   Post Evacuate Collection Set: 0,6ms
[12,337s][info][gc,phases      ] GC(517)   Other: 0,1ms
[12,337s][info][gc,heap        ] GC(517) Eden regions: 64->0(51)
[12,337s][info][gc,heap        ] GC(517) Survivor regions: 11->10(10)
[12,337s][info][gc,heap        ] GC(517) Old regions: 843->887
[12,337s][info][gc,heap        ] GC(517) Humongous regions: 0->0
[12,337s][info][gc,metaspace   ] GC(517) Metaspace: 82K(320K)->82K(320K) NonClass: 78K(192K)->78K(192K) Class: 3K(128K)->3K(128K)
[12,337s][info][gc             ] GC(517) Pause Young (Mixed) (G1 Evacuation Pause) (Evacuation Failure) 1835M->1794M(2048M) 19,597ms
[12,337s][info][gc,cpu         ] GC(517) User=0,33s Sys=0,01s Real=0,02s
[12,343s][info][gc,start       ] GC(518) Pause Young (Mixed) (G1 Evacuation Pause)
[12,343s][info][gc,task        ] GC(518) Using 18 workers of 18 for evacuation
[12,357s][info][gc,phases      ] GC(518)   Pre Evacuate Collection Set: 0,3ms
[12,358s][info][gc,phases      ] GC(518)   Merge Heap Roots: 0,1ms
[12,358s][info][gc,phases      ] GC(518)   Evacuate Collection Set: 13,2ms
[12,358s][info][gc,phases      ] GC(518)   Post Evacuate Collection Set: 0,4ms
[12,358s][info][gc,phases      ] GC(518)   Other: 0,1ms
[12,358s][info][gc,heap        ] GC(518) Eden regions: 51->0(49)
[12,358s][info][gc,heap        ] GC(518) Survivor regions: 10->8(8)
[12,358s][info][gc,heap        ] GC(518) Old regions: 887->899
[12,358s][info][gc,heap        ] GC(518) Humongous regions: 0->0
[12,358s][info][gc,metaspace   ] GC(518) Metaspace: 82K(320K)->82K(320K) NonClass: 78K(192K)->78K(192K) Class: 3K(128K)->3K(128K)
[12,358s][info][gc             ] GC(518) Pause Young (Mixed) (G1 Evacuation Pause) (Evacuation Failure) 1895M->1814M(2048M) 14,360ms
[12,358s][info][gc,cpu         ] GC(518) User=0,23s Sys=0,00s Real=0,02s
[12,364s][info][gc,start       ] GC(519) Pause Young (Concurrent Start) (G1 Evacuation Pause)
[12,364s][info][gc,task        ] GC(519) Using 18 workers of 18 for evacuation
[12,375s][info][gc,phases      ] GC(519)   Pre Evacuate Collection Set: 0,3ms
[12,375s][info][gc,phases      ] GC(519)   Merge Heap Roots: 0,1ms
[12,375s][info][gc,phases      ] GC(519)   Evacuate Collection Set: 10,1ms
[12,375s][info][gc,phases      ] GC(519)   Post Evacuate Collection Set: 0,2ms
[12,375s][info][gc,phases      ] GC(519)   Other: 0,1ms
[12,375s][info][gc,heap        ] GC(519) Eden regions: 49->0(43)
[12,375s][info][gc,heap        ] GC(519) Survivor regions: 8->8(8)
[12,375s][info][gc,heap        ] GC(519) Old regions: 899->948
[12,375s][info][gc,heap        ] GC(519) Humongous regions: 0->0
[12,375s][info][gc,metaspace   ] GC(519) Metaspace: 82K(320K)->82K(320K) NonClass: 78K(192K)->78K(192K) Class: 3K(128K)->3K(128K)
[12,375s][info][gc             ] GC(519) Pause Young (Concurrent Start) (G1 Evacuation Pause) 1911M->1911M(2048M) 11,017ms
[12,375s][info][gc             ] GC(520) Concurrent Mark Cycle
[12,375s][info][gc,marking     ] GC(520) Concurrent Scan Root Regions
[12,375s][info][gc,cpu         ] GC(519) User=0,18s Sys=0,00s Real=0,02s
[12,375s][info][gc,marking     ] GC(520) Concurrent Scan Root Regions 0,053ms
[12,375s][info][gc,marking     ] GC(520) Concurrent Mark
[12,375s][info][gc,marking     ] GC(520) Concurrent Mark From Roots
[12,375s][info][gc,task        ] GC(520) Using 5 workers of 5 for marking
[12,378s][info][gc,marking     ] GC(520) Concurrent Mark From Roots 2,779ms
[12,378s][info][gc,marking     ] GC(520) Concurrent Preclean
[12,378s][info][gc,marking     ] GC(520) Concurrent Preclean 0,011ms
[12,378s][info][gc,start       ] GC(520) Pause Remark
[12,379s][info][gc             ] GC(520) Pause Remark 1927M->1567M(2048M) 0,715ms
[12,379s][info][gc,cpu         ] GC(520) User=0,00s Sys=0,00s Real=0,00s
[12,379s][info][gc,marking     ] GC(520) Concurrent Mark 3,744ms
[12,379s][info][gc,marking     ] GC(520) Concurrent Rebuild Remembered Sets and Scrub Regions
[12,381s][info][gc,marking     ] GC(520) Concurrent Rebuild Remembered Sets and Scrub Regions 2,161ms
[12,381s][info][gc,start       ] GC(520) Pause Cleanup
[12,382s][info][gc             ] GC(520) Pause Cleanup 1602M->1602M(2048M) 0,815ms
[12,382s][info][gc,cpu         ] GC(520) User=0,00s Sys=0,00s Real=0,00s
[12,382s][info][gc,marking     ] GC(520) Concurrent Clear Claimed Marks
[12,382s][info][gc,marking     ] GC(520) Concurrent Clear Claimed Marks 0,022ms
[12,382s][info][gc,marking     ] GC(520) Concurrent Cleanup for Next Mark
[12,384s][info][gc,marking     ] GC(520) Concurrent Cleanup for Next Mark 1,655ms
[12,384s][info][gc             ] GC(520) Concurrent Mark Cycle 8,878ms
[12,385s][info][gc,start       ] GC(521) Pause Young (Prepare Mixed) (G1 Evacuation Pause)
[12,386s][info][gc,task        ] GC(521) Using 18 workers of 18 for evacuation
[12,395s][info][gc,phases      ] GC(521)   Pre Evacuate Collection Set: 0,2ms
[12,395s][info][gc,phases      ] GC(521)   Merge Heap Roots: 0,1ms
[12,395s][info][gc,phases      ] GC(521)   Evacuate Collection Set: 8,8ms
[12,395s][info][gc,phases      ] GC(521)   Post Evacuate Collection Set: 0,4ms
[12,395s][info][gc,phases      ] GC(521)   Other: 0,1ms
[12,395s][info][gc,heap        ] GC(521) Eden regions: 43->0(80)
[12,395s][info][gc,heap        ] GC(521) Survivor regions: 8->7(7)
[12,395s][info][gc,heap        ] GC(521) Old regions: 768->812
[12,395s][info][gc,heap        ] GC(521) Humongous regions: 0->0
[12,395s][info][gc,metaspace   ] GC(521) Metaspace: 82K(320K)->82K(320K) NonClass: 78K(192K)->78K(192K) Class: 3K(128K)->3K(128K)
[12,395s][info][gc             ] GC(521) Pause Young (Prepare Mixed) (G1 Evacuation Pause) 1636M->1636M(2048M) 9,798ms
[12,395s][info][gc,cpu         ] GC(521) User=0,16s Sys=0,01s Real=0,01s
[12,407s][info][gc,start       ] GC(522) Pause Young (Mixed) (G1 Evacuation Pause)
[12,407s][info][gc,task        ] GC(522) Using 18 workers of 18 for evacuation
[12,427s][info][gc,phases      ] GC(522)   Pre Evacuate Collection Set: 0,3ms
[12,427s][info][gc,phases      ] GC(522)   Merge Heap Roots: 0,1ms
[12,427s][info][gc,phases      ] GC(522)   Evacuate Collection Set: 18,8ms
[12,427s][info][gc,phases      ] GC(522)   Post Evacuate Collection Set: 0,4ms
[12,427s][info][gc,phases      ] GC(522)   Other: 0,1ms
[12,427s][info][gc,heap        ] GC(522) Eden regions: 80->0(78)
[12,427s][info][gc,heap        ] GC(522) Survivor regions: 7->11(11)
[12,427s][info][gc,heap        ] GC(522) Old regions: 812->807
[12,427s][info][gc,heap        ] GC(522) Humongous regions: 0->0
[12,427s][info][gc,metaspace   ] GC(522) Metaspace: 82K(320K)->82K(320K) NonClass: 78K(192K)->78K(192K) Class: 3K(128K)->3K(128K)
[12,427s][info][gc             ] GC(522) Pause Young (Mixed) (G1 Evacuation Pause) 1796M->1635M(2048M) 19,934ms
[12,427s][info][gc,cpu         ] GC(522) User=0,33s Sys=0,00s Real=0,02s
[12,438s][info][gc,start       ] GC(523) Pause Young (Mixed) (G1 Evacuation Pause)
[12,438s][info][gc,task        ] GC(523) Using 18 workers of 18 for evacuation
[12,460s][info][gc,phases      ] GC(523)   Pre Evacuate Collection Set: 0,3ms
[12,460s][info][gc,phases      ] GC(523)   Merge Heap Roots: 0,1ms
[12,460s][info][gc,phases      ] GC(523)   Evacuate Collection Set: 21,1ms
[12,460s][info][gc,phases      ] GC(523)   Post Evacuate Collection Set: 0,3ms
[12,460s][info][gc,phases      ] GC(523)   Other: 0,1ms
[12,460s][info][gc,heap        ] GC(523) Eden regions: 78->0(73)
[12,460s][info][gc,heap        ] GC(523) Survivor regions: 11->12(12)
[12,460s][info][gc,heap        ] GC(523) Old regions: 807->814
[12,460s][info][gc,heap        ] GC(523) Humongous regions: 0->0
[12,460s][info][gc,metaspace   ] GC(523) Metaspace: 82K(320K)->82K(320K) NonClass: 78K(192K)->78K(192K) Class: 3K(128K)->3K(128K)
[12,460s][info][gc             ] GC(523) Pause Young (Mixed) (G1 Evacuation Pause) 1790M->1651M(2048M) 22,170ms
[12,460s][info][gc,cpu         ] GC(523) User=0,38s Sys=0,00s Real=0,02s
[12,471s][info][gc,start       ] GC(524) Pause Young (Mixed) (G1 Evacuation Pause)
[12,471s][info][gc,task        ] GC(524) Using 18 workers of 18 for evacuation
[12,494s][info][gc,phases      ] GC(524)   Pre Evacuate Collection Set: 0,3ms
[12,494s][info][gc,phases      ] GC(524)   Merge Heap Roots: 0,1ms
[12,494s][info][gc,phases      ] GC(524)   Evacuate Collection Set: 21,4ms
[12,494s][info][gc,phases      ] GC(524)   Post Evacuate Collection Set: 0,4ms
[12,494s][info][gc,phases      ] GC(524)   Other: 0,1ms
[12,494s][info][gc,heap        ] GC(524) Eden regions: 73->0(66)
[12,494s][info][gc,heap        ] GC(524) Survivor regions: 12->11(11)
[12,494s][info][gc,heap        ] GC(524) Old regions: 814->837
[12,494s][info][gc,heap        ] GC(524) Humongous regions: 0->0
[12,494s][info][gc,metaspace   ] GC(524) Metaspace: 82K(320K)->82K(320K) NonClass: 78K(192K)->78K(192K) Class: 3K(128K)->3K(128K)
[12,494s][info][gc             ] GC(524) Pause Young (Mixed) (G1 Evacuation Pause) (Evacuation Failure) 1797M->1696M(2048M) 22,681ms
[12,494s][info][gc,cpu         ] GC(524) User=0,39s Sys=0,00s Real=0,02s
[12,503s][info][gc,start       ] GC(525) Pause Young (Mixed) (G1 Evacuation Pause)
[12,503s][info][gc,task        ] GC(525) Using 18 workers of 18 for evacuation
[12,524s][info][gc,phases      ] GC(525)   Pre Evacuate Collection Set: 0,3ms
[12,524s][info][gc,phases      ] GC(525)   Merge Heap Roots: 0,1ms
[12,524s][info][gc,phases      ] GC(525)   Evacuate Collection Set: 19,2ms
[12,524s][info][gc,phases      ] GC(525)   Post Evacuate Collection Set: 0,5ms
[12,524s][info][gc,phases      ] GC(525)   Other: 0,1ms
[12,524s][info][gc,heap        ] GC(525) Eden regions: 66->0(61)
[12,524s][info][gc,heap        ] GC(525) Survivor regions: 11->10(10)
[12,524s][info][gc,heap        ] GC(525) Old regions: 837->856
[12,524s][info][gc,heap        ] GC(525) Humongous regions: 0->0
[12,524s][info][gc,metaspace   ] GC(525) Metaspace: 82K(320K)->82K(320K) NonClass: 78K(192K)->78K(192K) Class: 3K(128K)->3K(128K)
[12,524s][info][gc             ] GC(525) Pause Young (Mixed) (G1 Evacuation Pause) (Evacuation Failure) 1827M->1732M(2048M) 20,418ms
[12,524s][info][gc,cpu         ] GC(525) User=0,34s Sys=0,00s Real=0,02s
[12,533s][info][gc,start       ] GC(526) Pause Young (Mixed) (G1 Evacuation Pause)
[12,533s][info][gc,task        ] GC(526) Using 18 workers of 18 for evacuation
[12,550s][info][gc,phases      ] GC(526)   Pre Evacuate Collection Set: 0,3ms
[12,550s][info][gc,phases      ] GC(526)   Merge Heap Roots: 0,1ms
[12,550s][info][gc,phases      ] GC(526)   Evacuate Collection Set: 16,8ms
[12,550s][info][gc,phases      ] GC(526)   Post Evacuate Collection Set: 0,4ms
[12,550s][info][gc,phases      ] GC(526)   Other: 0,1ms
[12,550s][info][gc,heap        ] GC(526) Eden regions: 61->0(64)
[12,550s][info][gc,heap        ] GC(526) Survivor regions: 10->9(9)
[12,550s][info][gc,heap        ] GC(526) Old regions: 856->847
[12,551s][info][gc,heap        ] GC(526) Humongous regions: 0->0
[12,551s][info][gc,metaspace   ] GC(526) Metaspace: 82K(320K)->82K(320K) NonClass: 78K(192K)->78K(192K) Class: 3K(128K)->3K(128K)
[12,551s][info][gc             ] GC(526) Pause Young (Mixed) (G1 Evacuation Pause) (Evacuation Failure) 1853M->1712M(2048M) 18,047ms
[12,551s][info][gc,cpu         ] GC(526) User=0,30s Sys=0,01s Real=0,02s
[12,560s][info][gc,start       ] GC(527) Pause Young (Mixed) (G1 Evacuation Pause)
[12,560s][info][gc,task        ] GC(527) Using 18 workers of 18 for evacuation
[12,573s][info][gc,phases      ] GC(527)   Pre Evacuate Collection Set: 0,2ms
[12,573s][info][gc,phases      ] GC(527)   Merge Heap Roots: 0,1ms
[12,573s][info][gc,phases      ] GC(527)   Evacuate Collection Set: 12,8ms
[12,574s][info][gc,phases      ] GC(527)   Post Evacuate Collection Set: 0,3ms
[12,574s][info][gc,phases      ] GC(527)   Other: 0,1ms
[12,574s][info][gc,heap        ] GC(527) Eden regions: 64->0(41)
[12,574s][info][gc,heap        ] GC(527) Survivor regions: 9->10(10)
[12,574s][info][gc,heap        ] GC(527) Old regions: 847->908
[12,574s][info][gc,heap        ] GC(527) Humongous regions: 0->0
[12,574s][info][gc,metaspace   ] GC(527) Metaspace: 82K(320K)->82K(320K) NonClass: 78K(192K)->78K(192K) Class: 3K(128K)->3K(128K)
[12,574s][info][gc             ] GC(527) Pause Young (Mixed) (G1 Evacuation Pause) 1839M->1835M(2048M) 14,053ms
[12,574s][info][gc,cpu         ] GC(527) User=0,23s Sys=0,00s Real=0,01s
[12,580s][info][gc,start       ] GC(528) Pause Young (Concurrent Start) (G1 Evacuation Pause)
[12,580s][info][gc,task        ] GC(528) Using 18 workers of 18 for evacuation
[12,590s][info][gc,phases      ] GC(528)   Pre Evacuate Collection Set: 0,3ms
[12,590s][info][gc,phases      ] GC(528)   Merge Heap Roots: 0,1ms
[12,590s][info][gc,phases      ] GC(528)   Evacuate Collection Set: 9,2ms
[12,590s][info][gc,phases      ] GC(528)   Post Evacuate Collection Set: 0,3ms
[12,590s][info][gc,phases      ] GC(528)   Other: 0,1ms
[12,590s][info][gc,heap        ] GC(528) Eden regions: 41->0(44)
[12,590s][info][gc,heap        ] GC(528) Survivor regions: 10->7(7)
[12,590s][info][gc,heap        ] GC(528) Old regions: 908->952
[12,590s][info][gc,heap        ] GC(528) Humongous regions: 0->0
[12,590s][info][gc,metaspace   ] GC(528) Metaspace: 82K(320K)->82K(320K) NonClass: 78K(192K)->78K(192K) Class: 3K(128K)->3K(128K)
[12,590s][info][gc             ] GC(528) Pause Young (Concurrent Start) (G1 Evacuation Pause) 1916M->1916M(2048M) 10,267ms
[12,590s][info][gc             ] GC(529) Concurrent Mark Cycle
[12,590s][info][gc,marking     ] GC(529) Concurrent Scan Root Regions
[12,590s][info][gc,cpu         ] GC(528) User=0,16s Sys=0,00s Real=0,01s
[12,590s][info][gc,marking     ] GC(529) Concurrent Scan Root Regions 0,066ms
[12,590s][info][gc,marking     ] GC(529) Concurrent Mark
[12,590s][info][gc,marking     ] GC(529) Concurrent Mark From Roots
[12,590s][info][gc,task        ] GC(529) Using 5 workers of 5 for marking
[12,593s][info][gc,marking     ] GC(529) Concurrent Mark From Roots 2,917ms
[12,593s][info][gc,marking     ] GC(529) Concurrent Preclean
[12,593s][info][gc,marking     ] GC(529) Concurrent Preclean 0,015ms
[12,593s][info][gc,start       ] GC(529) Pause Remark
[12,594s][info][gc             ] GC(529) Pause Remark 1935M->1483M(2048M) 0,906ms
[12,594s][info][gc,cpu         ] GC(529) User=0,00s Sys=0,00s Real=0,00s
[12,594s][info][gc,marking     ] GC(529) Concurrent Mark 4,130ms
[12,594s][info][gc,marking     ] GC(529) Concurrent Rebuild Remembered Sets and Scrub Regions
[12,596s][info][gc,marking     ] GC(529) Concurrent Rebuild Remembered Sets and Scrub Regions 1,675ms
[12,596s][info][gc,start       ] GC(529) Pause Cleanup
[12,597s][info][gc             ] GC(529) Pause Cleanup 1503M->1503M(2048M) 0,851ms
[12,597s][info][gc,cpu         ] GC(529) User=0,00s Sys=0,00s Real=0,00s
[12,597s][info][gc,marking     ] GC(529) Concurrent Clear Claimed Marks
[12,597s][info][gc,marking     ] GC(529) Concurrent Clear Claimed Marks 0,020ms
[12,597s][info][gc,marking     ] GC(529) Concurrent Cleanup for Next Mark
[12,599s][info][gc,marking     ] GC(529) Concurrent Cleanup for Next Mark 1,387ms
[12,599s][info][gc             ] GC(529) Concurrent Mark Cycle 8,556ms
[12,602s][info][gc,start       ] GC(530) Pause Young (Prepare Mixed) (G1 Evacuation Pause)
[12,602s][info][gc,task        ] GC(530) Using 18 workers of 18 for evacuation
[12,612s][info][gc,phases      ] GC(530)   Pre Evacuate Collection Set: 0,3ms
[12,612s][info][gc,phases      ] GC(530)   Merge Heap Roots: 0,1ms
[12,612s][info][gc,phases      ] GC(530)   Evacuate Collection Set: 9,3ms
[12,612s][info][gc,phases      ] GC(530)   Post Evacuate Collection Set: 0,4ms
[12,612s][info][gc,phases      ] GC(530)   Other: 0,1ms
[12,612s][info][gc,heap        ] GC(530) Eden regions: 44->0(98)
[12,612s][info][gc,heap        ] GC(530) Survivor regions: 7->7(7)
[12,612s][info][gc,heap        ] GC(530) Old regions: 726->769
[12,612s][info][gc,heap        ] GC(530) Humongous regions: 0->0
[12,612s][info][gc,metaspace   ] GC(530) Metaspace: 82K(320K)->82K(320K) NonClass: 78K(192K)->78K(192K) Class: 3K(128K)->3K(128K)
[12,612s][info][gc             ] GC(530) Pause Young (Prepare Mixed) (G1 Evacuation Pause) 1552M->1551M(2048M) 10,492ms
[12,612s][info][gc,cpu         ] GC(530) User=0,17s Sys=0,00s Real=0,01s
[12,631s][info][gc,start       ] GC(531) Pause Young (Mixed) (G1 Evacuation Pause)
[12,631s][info][gc,task        ] GC(531) Using 18 workers of 18 for evacuation
[12,653s][info][gc,phases      ] GC(531)   Pre Evacuate Collection Set: 0,3ms
[12,653s][info][gc,phases      ] GC(531)   Merge Heap Roots: 0,1ms
[12,653s][info][gc,phases      ] GC(531)   Evacuate Collection Set: 20,7ms
[12,653s][info][gc,phases      ] GC(531)   Post Evacuate Collection Set: 0,4ms
[12,653s][info][gc,phases      ] GC(531)   Other: 0,1ms
[12,653s][info][gc,heap        ] GC(531) Eden regions: 98->0(90)
[12,653s][info][gc,heap        ] GC(531) Survivor regions: 7->14(14)
[12,653s][info][gc,heap        ] GC(531) Old regions: 769->772
[12,653s][info][gc,heap        ] GC(531) Humongous regions: 0->0
[12,653s][info][gc,metaspace   ] GC(531) Metaspace: 82K(320K)->82K(320K) NonClass: 78K(192K)->78K(192K) Class: 3K(128K)->3K(128K)
[12,653s][info][gc             ] GC(531) Pause Young (Mixed) (G1 Evacuation Pause) 1747M->1571M(2048M) 22,037ms
[12,653s][info][gc,cpu         ] GC(531) User=0,36s Sys=0,01s Real=0,02s
[12,669s][info][gc,start       ] GC(532) Pause Young (Mixed) (G1 Evacuation Pause)
[12,669s][info][gc,task        ] GC(532) Using 18 workers of 18 for evacuation
[12,696s][info][gc,phases      ] GC(532)   Pre Evacuate Collection Set: 0,3ms
[12,696s][info][gc,phases      ] GC(532)   Merge Heap Roots: 0,1ms
[12,696s][info][gc,phases      ] GC(532)   Evacuate Collection Set: 25,4ms
[12,696s][info][gc,phases      ] GC(532)   Post Evacuate Collection Set: 0,4ms
[12,696s][info][gc,phases      ] GC(532)   Other: 0,1ms
[12,696s][info][gc,heap        ] GC(532) Eden regions: 90->0(73)
[12,696s][info][gc,heap        ] GC(532) Survivor regions: 14->13(13)
[12,696s][info][gc,heap        ] GC(532) Old regions: 772->816
[12,696s][info][gc,heap        ] GC(532) Humongous regions: 0->0
[12,696s][info][gc,metaspace   ] GC(532) Metaspace: 82K(320K)->82K(320K) NonClass: 78K(192K)->78K(192K) Class: 3K(128K)->3K(128K)
[12,696s][info][gc             ] GC(532) Pause Young (Mixed) (G1 Evacuation Pause) (Evacuation Failure) 1751M->1658M(2048M) 26,720ms
[12,696s][info][gc,cpu         ] GC(532) User=0,46s Sys=0,00s Real=0,03s
[12,710s][info][gc,start       ] GC(533) Pause Young (Mixed) (G1 Evacuation Pause)
[12,710s][info][gc,task        ] GC(533) Using 18 workers of 18 for evacuation
[12,732s][info][gc,phases      ] GC(533)   Pre Evacuate Collection Set: 0,3ms
[12,732s][info][gc,phases      ] GC(533)   Merge Heap Roots: 0,1ms
[12,732s][info][gc,phases      ] GC(533)   Evacuate Collection Set: 20,9ms
[12,732s][info][gc,phases      ] GC(533)   Post Evacuate Collection Set: 0,4ms
[12,732s][info][gc,phases      ] GC(533)   Other: 0,1ms
[12,732s][info][gc,heap        ] GC(533) Eden regions: 73->0(66)
[12,732s][info][gc,heap        ] GC(533) Survivor regions: 13->11(11)
[12,732s][info][gc,heap        ] GC(533) Old regions: 816->841
[12,732s][info][gc,heap        ] GC(533) Humongous regions: 0->0
[12,732s][info][gc,metaspace   ] GC(533) Metaspace: 82K(320K)->82K(320K) NonClass: 78K(192K)->78K(192K) Class: 3K(128K)->3K(128K)
[12,732s][info][gc             ] GC(533) Pause Young (Mixed) (G1 Evacuation Pause) (Evacuation Failure) 1803M->1704M(2048M) 22,274ms
[12,732s][info][gc,cpu         ] GC(533) User=0,38s Sys=0,00s Real=0,02s
[12,744s][info][gc,start       ] GC(534) Pause Young (Mixed) (G1 Evacuation Pause)
[12,744s][info][gc,task        ] GC(534) Using 18 workers of 18 for evacuation
[12,764s][info][gc,phases      ] GC(534)   Pre Evacuate Collection Set: 0,3ms
[12,764s][info][gc,phases      ] GC(534)   Merge Heap Roots: 0,2ms
[12,764s][info][gc,phases      ] GC(534)   Evacuate Collection Set: 18,2ms
[12,764s][info][gc,phases      ] GC(534)   Post Evacuate Collection Set: 0,6ms
[12,764s][info][gc,phases      ] GC(534)   Other: 0,1ms
[12,764s][info][gc,heap        ] GC(534) Eden regions: 66->0(56)
[12,764s][info][gc,heap        ] GC(534) Survivor regions: 11->10(10)
[12,764s][info][gc,heap        ] GC(534) Old regions: 841->877
[12,764s][info][gc,heap        ] GC(534) Humongous regions: 0->0
[12,764s][info][gc,metaspace   ] GC(534) Metaspace: 82K(320K)->82K(320K) NonClass: 78K(192K)->78K(192K) Class: 3K(128K)->3K(128K)
[12,764s][info][gc             ] GC(534) Pause Young (Mixed) (G1 Evacuation Pause) (Evacuation Failure) 1835M->1774M(2048M) 19,781ms
[12,764s][info][gc,cpu         ] GC(534) User=0,33s Sys=0,00s Real=0,02s
[12,771s][info][gc,start       ] GC(535) Pause Young (Mixed) (G1 Evacuation Pause)
[12,771s][info][gc,task        ] GC(535) Using 18 workers of 18 for evacuation
[12,786s][info][gc,phases      ] GC(535)   Pre Evacuate Collection Set: 0,3ms
[12,786s][info][gc,phases      ] GC(535)   Merge Heap Roots: 0,1ms
[12,786s][info][gc,phases      ] GC(535)   Evacuate Collection Set: 14,0ms
[12,786s][info][gc,phases      ] GC(535)   Post Evacuate Collection Set: 0,6ms
[12,786s][info][gc,phases      ] GC(535)   Other: 0,1ms
[12,786s][info][gc,heap        ] GC(535) Eden regions: 56->0(48)
[12,787s][info][gc,heap        ] GC(535) Survivor regions: 10->9(9)
[12,787s][info][gc,heap        ] GC(535) Old regions: 877->902
[12,787s][info][gc,heap        ] GC(535) Humongous regions: 0->0
[12,787s][info][gc,metaspace   ] GC(535) Metaspace: 82K(320K)->82K(320K) NonClass: 78K(192K)->78K(192K) Class: 3K(128K)->3K(128K)
[12,787s][info][gc             ] GC(535) Pause Young (Mixed) (G1 Evacuation Pause) (Evacuation Failure) 1885M->1822M(2048M) 15,431ms
[12,787s][info][gc,cpu         ] GC(535) User=0,26s Sys=0,00s Real=0,02s
[12,795s][info][gc,start       ] GC(536) Pause Young (Concurrent Start) (G1 Evacuation Pause)
[12,795s][info][gc,task        ] GC(536) Using 18 workers of 18 for evacuation
[12,806s][info][gc,phases      ] GC(536)   Pre Evacuate Collection Set: 0,3ms
[12,806s][info][gc,phases      ] GC(536)   Merge Heap Roots: 0,1ms
[12,806s][info][gc,phases      ] GC(536)   Evacuate Collection Set: 10,1ms
[12,806s][info][gc,phases      ] GC(536)   Post Evacuate Collection Set: 0,3ms
[12,806s][info][gc,phases      ] GC(536)   Other: 0,1ms
[12,807s][info][gc,heap        ] GC(536) Eden regions: 48->0(43)
[12,807s][info][gc,heap        ] GC(536) Survivor regions: 9->8(8)
[12,807s][info][gc,heap        ] GC(536) Old regions: 902->951
[12,807s][info][gc,heap        ] GC(536) Humongous regions: 0->0
[12,807s][info][gc,metaspace   ] GC(536) Metaspace: 82K(320K)->82K(320K) NonClass: 78K(192K)->78K(192K) Class: 3K(128K)->3K(128K)
[12,807s][info][gc             ] GC(536) Pause Young (Concurrent Start) (G1 Evacuation Pause) 1917M->1917M(2048M) 11,261ms
[12,807s][info][gc             ] GC(537) Concurrent Mark Cycle
[12,807s][info][gc,marking     ] GC(537) Concurrent Scan Root Regions
[12,807s][info][gc,cpu         ] GC(536) User=0,17s Sys=0,00s Real=0,01s
[12,807s][info][gc,marking     ] GC(537) Concurrent Scan Root Regions 0,078ms
[12,807s][info][gc,marking     ] GC(537) Concurrent Mark
[12,807s][info][gc,marking     ] GC(537) Concurrent Mark From Roots
[12,807s][info][gc,task        ] GC(537) Using 5 workers of 5 for marking
[12,811s][info][gc,marking     ] GC(537) Concurrent Mark From Roots 3,737ms
[12,811s][info][gc,marking     ] GC(537) Concurrent Preclean
[12,811s][info][gc,marking     ] GC(537) Concurrent Preclean 0,012ms
[12,811s][info][gc,start       ] GC(537) Pause Remark
[12,812s][info][gc             ] GC(537) Pause Remark 1948M->1520M(2048M) 0,996ms
[12,812s][info][gc,cpu         ] GC(537) User=0,00s Sys=0,00s Real=0,00s
[12,812s][info][gc,marking     ] GC(537) Concurrent Mark 5,055ms
[12,812s][info][gc,marking     ] GC(537) Concurrent Rebuild Remembered Sets and Scrub Regions
[12,814s][info][gc,marking     ] GC(537) Concurrent Rebuild Remembered Sets and Scrub Regions 2,087ms
[12,814s][info][gc,start       ] GC(537) Pause Cleanup
[12,815s][info][gc             ] GC(537) Pause Cleanup 1554M->1554M(2048M) 0,808ms
[12,815s][info][gc,cpu         ] GC(537) User=0,00s Sys=0,00s Real=0,01s
[12,815s][info][gc,marking     ] GC(537) Concurrent Clear Claimed Marks
[12,815s][info][gc,marking     ] GC(537) Concurrent Clear Claimed Marks 0,060ms
[12,815s][info][gc,marking     ] GC(537) Concurrent Cleanup for Next Mark
[12,817s][info][gc,marking     ] GC(537) Concurrent Cleanup for Next Mark 1,748ms
[12,817s][info][gc             ] GC(537) Concurrent Mark Cycle 10,282ms
[12,817s][info][gc,start       ] GC(538) Pause Young (Prepare Mixed) (G1 Evacuation Pause)
[12,817s][info][gc,task        ] GC(538) Using 18 workers of 18 for evacuation
[12,828s][info][gc,phases      ] GC(538)   Pre Evacuate Collection Set: 0,3ms
[12,828s][info][gc,phases      ] GC(538)   Merge Heap Roots: 0,1ms
[12,828s][info][gc,phases      ] GC(538)   Evacuate Collection Set: 9,4ms
[12,828s][info][gc,phases      ] GC(538)   Post Evacuate Collection Set: 0,5ms
[12,828s][info][gc,phases      ] GC(538)   Other: 0,1ms
[12,828s][info][gc,heap        ] GC(538) Eden regions: 43->0(94)
[12,828s][info][gc,heap        ] GC(538) Survivor regions: 8->7(7)
[12,828s][info][gc,heap        ] GC(538) Old regions: 737->781
[12,828s][info][gc,heap        ] GC(538) Humongous regions: 0->0
[12,828s][info][gc,metaspace   ] GC(538) Metaspace: 82K(320K)->82K(320K) NonClass: 78K(192K)->78K(192K) Class: 3K(128K)->3K(128K)
[12,828s][info][gc             ] GC(538) Pause Young (Prepare Mixed) (G1 Evacuation Pause) 1574M->1574M(2048M) 10,721ms
[12,828s][info][gc,cpu         ] GC(538) User=0,17s Sys=0,00s Real=0,01s
[12,841s][info][gc,start       ] GC(539) Pause Young (Mixed) (G1 Evacuation Pause)
[12,841s][info][gc,task        ] GC(539) Using 18 workers of 18 for evacuation
[12,864s][info][gc,phases      ] GC(539)   Pre Evacuate Collection Set: 0,4ms
[12,864s][info][gc,phases      ] GC(539)   Merge Heap Roots: 0,1ms
[12,864s][info][gc,phases      ] GC(539)   Evacuate Collection Set: 22,0ms
[12,864s][info][gc,phases      ] GC(539)   Post Evacuate Collection Set: 0,4ms
[12,864s][info][gc,phases      ] GC(539)   Other: 0,2ms
[12,864s][info][gc,heap        ] GC(539) Eden regions: 94->0(84)
[12,864s][info][gc,heap        ] GC(539) Survivor regions: 7->13(13)
[12,864s][info][gc,heap        ] GC(539) Old regions: 781->790
[12,864s][info][gc,heap        ] GC(539) Humongous regions: 0->0
[12,864s][info][gc,metaspace   ] GC(539) Metaspace: 82K(320K)->82K(320K) NonClass: 78K(192K)->78K(192K) Class: 3K(128K)->3K(128K)
[12,864s][info][gc             ] GC(539) Pause Young (Mixed) (G1 Evacuation Pause) 1762M->1604M(2048M) 23,468ms
[12,864s][info][gc,cpu         ] GC(539) User=0,33s Sys=0,01s Real=0,02s
[12,875s][info][gc,start       ] GC(540) Pause Young (Mixed) (G1 Evacuation Pause)
[12,875s][info][gc,task        ] GC(540) Using 18 workers of 18 for evacuation
[12,900s][info][gc,phases      ] GC(540)   Pre Evacuate Collection Set: 0,3ms
[12,901s][info][gc,phases      ] GC(540)   Merge Heap Roots: 0,1ms
[12,901s][info][gc,phases      ] GC(540)   Evacuate Collection Set: 24,2ms
[12,901s][info][gc,phases      ] GC(540)   Post Evacuate Collection Set: 0,4ms
[12,901s][info][gc,phases      ] GC(540)   Other: 0,1ms
[12,901s][info][gc,heap        ] GC(540) Eden regions: 84->0(66)
[12,901s][info][gc,heap        ] GC(540) Survivor regions: 13->13(13)
[12,901s][info][gc,heap        ] GC(540) Old regions: 790->838
[12,901s][info][gc,heap        ] GC(540) Humongous regions: 0->0
[12,901s][info][gc,metaspace   ] GC(540) Metaspace: 82K(320K)->82K(320K) NonClass: 78K(192K)->78K(192K) Class: 3K(128K)->3K(128K)
[12,901s][info][gc             ] GC(540) Pause Young (Mixed) (G1 Evacuation Pause) (Evacuation Failure) 1772M->1702M(2048M) 25,460ms
[12,901s][info][gc,cpu         ] GC(540) User=0,36s Sys=0,00s Real=0,02s
[12,909s][info][gc,start       ] GC(541) Pause Young (Mixed) (G1 Evacuation Pause)
[12,909s][info][gc,task        ] GC(541) Using 18 workers of 18 for evacuation
[12,929s][info][gc,phases      ] GC(541)   Pre Evacuate Collection Set: 0,3ms
[12,929s][info][gc,phases      ] GC(541)   Merge Heap Roots: 0,1ms
[12,929s][info][gc,phases      ] GC(541)   Evacuate Collection Set: 19,0ms
[12,929s][info][gc,phases      ] GC(541)   Post Evacuate Collection Set: 0,5ms
[12,929s][info][gc,phases      ] GC(541)   Other: 0,1ms
[12,929s][info][gc,heap        ] GC(541) Eden regions: 66->0(58)
[12,929s][info][gc,heap        ] GC(541) Survivor regions: 13->10(10)
[12,929s][info][gc,heap        ] GC(541) Old regions: 838->871
[12,929s][info][gc,heap        ] GC(541) Humongous regions: 0->0
[12,929s][info][gc,metaspace   ] GC(541) Metaspace: 82K(320K)->82K(320K) NonClass: 78K(192K)->78K(192K) Class: 3K(128K)->3K(128K)
[12,930s][info][gc             ] GC(541) Pause Young (Mixed) (G1 Evacuation Pause) (Evacuation Failure) 1833M->1762M(2048M) 20,230ms
[12,930s][info][gc,cpu         ] GC(541) User=0,34s Sys=0,01s Real=0,02s
[12,937s][info][gc,start       ] GC(542) Pause Young (Mixed) (G1 Evacuation Pause)
[12,937s][info][gc,task        ] GC(542) Using 18 workers of 18 for evacuation
[12,953s][info][gc,phases      ] GC(542)   Pre Evacuate Collection Set: 0,2ms
[12,953s][info][gc,phases      ] GC(542)   Merge Heap Roots: 0,1ms
[12,953s][info][gc,phases      ] GC(542)   Evacuate Collection Set: 14,6ms
[12,953s][info][gc,phases      ] GC(542)   Post Evacuate Collection Set: 0,5ms
[12,953s][info][gc,phases      ] GC(542)   Other: 0,1ms
[12,953s][info][gc,heap        ] GC(542) Eden regions: 58->0(57)
[12,953s][info][gc,heap        ] GC(542) Survivor regions: 10->9(9)
[12,953s][info][gc,heap        ] GC(542) Old regions: 871->885
[12,953s][info][gc,heap        ] GC(542) Humongous regions: 0->0
[12,953s][info][gc,metaspace   ] GC(542) Metaspace: 82K(320K)->82K(320K) NonClass: 78K(192K)->78K(192K) Class: 3K(128K)->3K(128K)
[12,953s][info][gc             ] GC(542) Pause Young (Mixed) (G1 Evacuation Pause) (Evacuation Failure) 1877M->1788M(2048M) 15,670ms
[12,953s][info][gc,cpu         ] GC(542) User=0,27s Sys=0,00s Real=0,01s
[12,960s][info][gc,start       ] GC(543) Pause Young (Mixed) (G1 Evacuation Pause)
[12,960s][info][gc,task        ] GC(543) Using 18 workers of 18 for evacuation
[12,974s][info][gc,phases      ] GC(543)   Pre Evacuate Collection Set: 0,2ms
[12,974s][info][gc,phases      ] GC(543)   Merge Heap Roots: 0,1ms
[12,974s][info][gc,phases      ] GC(543)   Evacuate Collection Set: 12,8ms
[12,974s][info][gc,phases      ] GC(543)   Post Evacuate Collection Set: 0,4ms
[12,974s][info][gc,phases      ] GC(543)   Other: 0,1ms
[12,974s][info][gc,heap        ] GC(543) Eden regions: 57->0(53)
[12,974s][info][gc,heap        ] GC(543) Survivor regions: 9->9(9)
[12,974s][info][gc,heap        ] GC(543) Old regions: 885->897
[12,974s][info][gc,heap        ] GC(543) Humongous regions: 0->0
[12,974s][info][gc,metaspace   ] GC(543) Metaspace: 82K(320K)->82K(320K) NonClass: 78K(192K)->78K(192K) Class: 3K(128K)->3K(128K)
[12,974s][info][gc             ] GC(543) Pause Young (Mixed) (G1 Evacuation Pause) (Evacuation Failure) 1901M->1812M(2048M) 13,766ms
[12,974s][info][gc,cpu         ] GC(543) User=0,23s Sys=0,00s Real=0,01s
[12,980s][info][gc,start       ] GC(544) Pause Young (Concurrent Start) (G1 Evacuation Pause)
[12,981s][info][gc,task        ] GC(544) Using 18 workers of 18 for evacuation
[12,992s][info][gc,phases      ] GC(544)   Pre Evacuate Collection Set: 0,3ms
[12,992s][info][gc,phases      ] GC(544)   Merge Heap Roots: 0,1ms
[12,992s][info][gc,phases      ] GC(544)   Evacuate Collection Set: 11,0ms
[12,992s][info][gc,phases      ] GC(544)   Post Evacuate Collection Set: 0,2ms
[12,992s][info][gc,phases      ] GC(544)   Other: 0,1ms
[12,992s][info][gc,heap        ] GC(544) Eden regions: 53->0(43)
[12,992s][info][gc,heap        ] GC(544) Survivor regions: 9->8(8)
[12,992s][info][gc,heap        ] GC(544) Old regions: 897->951
[12,992s][info][gc,heap        ] GC(544) Humongous regions: 0->0
[12,992s][info][gc,metaspace   ] GC(544) Metaspace: 82K(320K)->82K(320K) NonClass: 78K(192K)->78K(192K) Class: 3K(128K)->3K(128K)
[12,992s][info][gc             ] GC(544) Pause Young (Concurrent Start) (G1 Evacuation Pause) 1917M->1917M(2048M) 11,949ms
[12,992s][info][gc,cpu         ] GC(544) User=0,19s Sys=0,00s Real=0,01s
[12,993s][info][gc             ] GC(545) Concurrent Mark Cycle
[12,993s][info][gc,marking     ] GC(545) Concurrent Scan Root Regions
[12,993s][info][gc,marking     ] GC(545) Concurrent Scan Root Regions 0,063ms
[12,993s][info][gc,marking     ] GC(545) Concurrent Mark
[12,993s][info][gc,marking     ] GC(545) Concurrent Mark From Roots
[12,993s][info][gc,task        ] GC(545) Using 5 workers of 5 for marking
[12,995s][info][gc,marking     ] GC(545) Concurrent Mark From Roots 2,278ms
[12,995s][info][gc,marking     ] GC(545) Concurrent Preclean
[12,995s][info][gc,marking     ] GC(545) Concurrent Preclean 0,012ms
[12,995s][info][gc,start       ] GC(545) Pause Remark
[12,996s][info][gc             ] GC(545) Pause Remark 1937M->1587M(2048M) 0,696ms
[12,996s][info][gc,cpu         ] GC(545) User=0,00s Sys=0,00s Real=0,00s
[12,996s][info][gc,marking     ] GC(545) Concurrent Mark 3,267ms
[12,996s][info][gc,marking     ] GC(545) Concurrent Rebuild Remembered Sets and Scrub Regions
[12,998s][info][gc,marking     ] GC(545) Concurrent Rebuild Remembered Sets and Scrub Regions 1,768ms
[12,998s][info][gc,start       ] GC(545) Pause Cleanup
[12,999s][info][gc             ] GC(545) Pause Cleanup 1616M->1616M(2048M) 0,792ms
[12,999s][info][gc,cpu         ] GC(545) User=0,00s Sys=0,00s Real=0,00s
[12,999s][info][gc,marking     ] GC(545) Concurrent Clear Claimed Marks
[12,999s][info][gc,marking     ] GC(545) Concurrent Clear Claimed Marks 0,024ms
[12,999s][info][gc,marking     ] GC(545) Concurrent Cleanup for Next Mark
[13,000s][info][gc,marking     ] GC(545) Concurrent Cleanup for Next Mark 1,474ms
[13,000s][info][gc             ] GC(545) Concurrent Mark Cycle 7,741ms
[13,002s][info][gc,start       ] GC(546) Pause Young (Prepare Mixed) (G1 Evacuation Pause)
[13,002s][info][gc,task        ] GC(546) Using 18 workers of 18 for evacuation
[13,012s][info][gc,phases      ] GC(546)   Pre Evacuate Collection Set: 0,2ms
[13,012s][info][gc,phases      ] GC(546)   Merge Heap Roots: 0,1ms
[13,012s][info][gc,phases      ] GC(546)   Evacuate Collection Set: 9,2ms
[13,012s][info][gc,phases      ] GC(546)   Post Evacuate Collection Set: 0,4ms
[13,012s][info][gc,phases      ] GC(546)   Other: 0,1ms
[13,012s][info][gc,heap        ] GC(546) Eden regions: 43->0(78)
[13,012s][info][gc,heap        ] GC(546) Survivor regions: 8->7(7)
[13,012s][info][gc,heap        ] GC(546) Old regions: 776->820
[13,012s][info][gc,heap        ] GC(546) Humongous regions: 0->0
[13,012s][info][gc,metaspace   ] GC(546) Metaspace: 82K(320K)->82K(320K) NonClass: 78K(192K)->78K(192K) Class: 3K(128K)->3K(128K)
[13,012s][info][gc             ] GC(546) Pause Young (Prepare Mixed) (G1 Evacuation Pause) 1652M->1652M(2048M) 10,283ms
[13,012s][info][gc,cpu         ] GC(546) User=0,17s Sys=0,00s Real=0,01s
[13,022s][info][gc,start       ] GC(547) Pause Young (Mixed) (G1 Evacuation Pause)
[13,022s][info][gc,task        ] GC(547) Using 18 workers of 18 for evacuation
[13,040s][info][gc,phases      ] GC(547)   Pre Evacuate Collection Set: 0,3ms
[13,040s][info][gc,phases      ] GC(547)   Merge Heap Roots: 0,1ms
[13,040s][info][gc,phases      ] GC(547)   Evacuate Collection Set: 17,2ms
[13,040s][info][gc,phases      ] GC(547)   Post Evacuate Collection Set: 0,4ms
[13,040s][info][gc,phases      ] GC(547)   Other: 0,1ms
[13,040s][info][gc,heap        ] GC(547) Eden regions: 78->0(79)
[13,040s][info][gc,heap        ] GC(547) Survivor regions: 7->11(11)
[13,040s][info][gc,heap        ] GC(547) Old regions: 820->805
[13,040s][info][gc,heap        ] GC(547) Humongous regions: 0->0
[13,040s][info][gc,metaspace   ] GC(547) Metaspace: 82K(320K)->82K(320K) NonClass: 78K(192K)->78K(192K) Class: 3K(128K)->3K(128K)
[13,040s][info][gc             ] GC(547) Pause Young (Mixed) (G1 Evacuation Pause) 1808M->1630M(2048M) 18,408ms
[13,040s][info][gc,cpu         ] GC(547) User=0,30s Sys=0,01s Real=0,02s
[13,050s][info][gc,start       ] GC(548) Pause Young (Mixed) (G1 Evacuation Pause)
[13,050s][info][gc,task        ] GC(548) Using 18 workers of 18 for evacuation
[13,074s][info][gc,phases      ] GC(548)   Pre Evacuate Collection Set: 0,3ms
[13,074s][info][gc,phases      ] GC(548)   Merge Heap Roots: 0,1ms
[13,074s][info][gc,phases      ] GC(548)   Evacuate Collection Set: 22,3ms
[13,074s][info][gc,phases      ] GC(548)   Post Evacuate Collection Set: 0,3ms
[13,074s][info][gc,phases      ] GC(548)   Other: 0,1ms
[13,074s][info][gc,heap        ] GC(548) Eden regions: 79->0(71)
[13,074s][info][gc,heap        ] GC(548) Survivor regions: 11->12(12)
[13,074s][info][gc,heap        ] GC(548) Old regions: 805->821
[13,074s][info][gc,heap        ] GC(548) Humongous regions: 0->0
[13,074s][info][gc,metaspace   ] GC(548) Metaspace: 82K(320K)->82K(320K) NonClass: 78K(192K)->78K(192K) Class: 3K(128K)->3K(128K)
[13,074s][info][gc             ] GC(548) Pause Young (Mixed) (G1 Evacuation Pause) (Evacuation Failure) 1788M->1666M(2048M) 23,440ms
[13,074s][info][gc,cpu         ] GC(548) User=0,39s Sys=0,00s Real=0,02s
[13,083s][info][gc,start       ] GC(549) Pause Young (Mixed) (G1 Evacuation Pause)
[13,083s][info][gc,task        ] GC(549) Using 18 workers of 18 for evacuation
[13,105s][info][gc,phases      ] GC(549)   Pre Evacuate Collection Set: 0,3ms
[13,105s][info][gc,phases      ] GC(549)   Merge Heap Roots: 0,1ms
[13,105s][info][gc,phases      ] GC(549)   Evacuate Collection Set: 20,7ms
[13,105s][info][gc,phases      ] GC(549)   Post Evacuate Collection Set: 0,3ms
[13,105s][info][gc,phases      ] GC(549)   Other: 0,1ms
[13,105s][info][gc,heap        ] GC(549) Eden regions: 71->0(67)
[13,105s][info][gc,heap        ] GC(549) Survivor regions: 12->11(11)
[13,105s][info][gc,heap        ] GC(549) Old regions: 821->830
[13,105s][info][gc,heap        ] GC(549) Humongous regions: 0->0
[13,105s][info][gc,metaspace   ] GC(549) Metaspace: 82K(320K)->82K(320K) NonClass: 78K(192K)->78K(192K) Class: 3K(128K)->3K(128K)
[13,105s][info][gc             ] GC(549) Pause Young (Mixed) (G1 Evacuation Pause) (Evacuation Failure) 1807M->1682M(2048M) 21,836ms
[13,105s][info][gc,cpu         ] GC(549) User=0,37s Sys=0,00s Real=0,02s
[13,113s][info][gc,start       ] GC(550) Pause Young (Mixed) (G1 Evacuation Pause)
[13,113s][info][gc,task        ] GC(550) Using 18 workers of 18 for evacuation
[13,134s][info][gc,phases      ] GC(550)   Pre Evacuate Collection Set: 0,3ms
[13,134s][info][gc,phases      ] GC(550)   Merge Heap Roots: 0,1ms
[13,134s][info][gc,phases      ] GC(550)   Evacuate Collection Set: 20,0ms
[13,134s][info][gc,phases      ] GC(550)   Post Evacuate Collection Set: 0,3ms
[13,134s][info][gc,phases      ] GC(550)   Other: 0,1ms
[13,134s][info][gc,heap        ] GC(550) Eden regions: 67->0(60)
[13,134s][info][gc,heap        ] GC(550) Survivor regions: 11->10(10)
[13,134s][info][gc,heap        ] GC(550) Old regions: 830->856
[13,134s][info][gc,heap        ] GC(550) Humongous regions: 0->0
[13,134s][info][gc,metaspace   ] GC(550) Metaspace: 82K(320K)->82K(320K) NonClass: 78K(192K)->78K(192K) Class: 3K(128K)->3K(128K)
[13,134s][info][gc             ] GC(550) Pause Young (Mixed) (G1 Evacuation Pause) (Evacuation Failure) 1815M->1732M(2048M) 20,987ms
[13,134s][info][gc,cpu         ] GC(550) User=0,36s Sys=0,00s Real=0,02s
[13,142s][info][gc,start       ] GC(551) Pause Young (Mixed) (G1 Evacuation Pause)
[13,142s][info][gc,task        ] GC(551) Using 18 workers of 18 for evacuation
[13,160s][info][gc,phases      ] GC(551)   Pre Evacuate Collection Set: 0,3ms
[13,160s][info][gc,phases      ] GC(551)   Merge Heap Roots: 0,1ms
[13,160s][info][gc,phases      ] GC(551)   Evacuate Collection Set: 16,9ms
[13,160s][info][gc,phases      ] GC(551)   Post Evacuate Collection Set: 0,3ms
[13,160s][info][gc,phases      ] GC(551)   Other: 0,1ms
[13,160s][info][gc,heap        ] GC(551) Eden regions: 60->0(64)
[13,160s][info][gc,heap        ] GC(551) Survivor regions: 10->9(9)
[13,160s][info][gc,heap        ] GC(551) Old regions: 856->844
[13,160s][info][gc,heap        ] GC(551) Humongous regions: 0->0
[13,160s][info][gc,metaspace   ] GC(551) Metaspace: 82K(320K)->82K(320K) NonClass: 78K(192K)->78K(192K) Class: 3K(128K)->3K(128K)
[13,160s][info][gc             ] GC(551) Pause Young (Mixed) (G1 Evacuation Pause) (Evacuation Failure) 1851M->1706M(2048M) 17,870ms
[13,160s][info][gc,cpu         ] GC(551) User=0,31s Sys=0,00s Real=0,02s
[13,168s][info][gc,start       ] GC(552) Pause Young (Mixed) (G1 Evacuation Pause)
[13,168s][info][gc,task        ] GC(552) Using 18 workers of 18 for evacuation
[13,183s][info][gc,phases      ] GC(552)   Pre Evacuate Collection Set: 0,2ms
[13,183s][info][gc,phases      ] GC(552)   Merge Heap Roots: 0,1ms
[13,183s][info][gc,phases      ] GC(552)   Evacuate Collection Set: 14,6ms
[13,183s][info][gc,phases      ] GC(552)   Post Evacuate Collection Set: 0,2ms
[13,183s][info][gc,phases      ] GC(552)   Other: 0,1ms
[13,183s][info][gc,heap        ] GC(552) Eden regions: 64->0(41)
[13,183s][info][gc,heap        ] GC(552) Survivor regions: 9->10(10)
[13,183s][info][gc,heap        ] GC(552) Old regions: 844->907
[13,183s][info][gc,heap        ] GC(552) Humongous regions: 0->0
[13,183s][info][gc,metaspace   ] GC(552) Metaspace: 82K(320K)->82K(320K) NonClass: 78K(192K)->78K(192K) Class: 3K(128K)->3K(128K)
[13,183s][info][gc             ] GC(552) Pause Young (Mixed) (G1 Evacuation Pause) 1833M->1833M(2048M) 15,288ms
[13,183s][info][gc,cpu         ] GC(552) User=0,26s Sys=0,00s Real=0,01s
[13,188s][info][gc,start       ] GC(553) Pause Young (Concurrent Start) (G1 Evacuation Pause)
[13,188s][info][gc,task        ] GC(553) Using 18 workers of 18 for evacuation
[13,198s][info][gc,phases      ] GC(553)   Pre Evacuate Collection Set: 0,2ms
[13,198s][info][gc,phases      ] GC(553)   Merge Heap Roots: 0,0ms
[13,198s][info][gc,phases      ] GC(553)   Evacuate Collection Set: 9,0ms
[13,198s][info][gc,phases      ] GC(553)   Post Evacuate Collection Set: 0,2ms
[13,198s][info][gc,phases      ] GC(553)   Other: 0,1ms
[13,198s][info][gc,heap        ] GC(553) Eden regions: 41->0(44)
[13,198s][info][gc,heap        ] GC(553) Survivor regions: 10->7(7)
[13,198s][info][gc,heap        ] GC(553) Old regions: 907->951
[13,198s][info][gc,heap        ] GC(553) Humongous regions: 0->0
[13,198s][info][gc,metaspace   ] GC(553) Metaspace: 82K(320K)->82K(320K) NonClass: 78K(192K)->78K(192K) Class: 3K(128K)->3K(128K)
[13,198s][info][gc             ] GC(553) Pause Young (Concurrent Start) (G1 Evacuation Pause) 1914M->1914M(2048M) 9,765ms
[13,198s][info][gc             ] GC(554) Concurrent Mark Cycle
[13,198s][info][gc,marking     ] GC(554) Concurrent Scan Root Regions
[13,198s][info][gc,cpu         ] GC(553) User=0,16s Sys=0,00s Real=0,01s
[13,198s][info][gc,marking     ] GC(554) Concurrent Scan Root Regions 0,042ms
[13,198s][info][gc,marking     ] GC(554) Concurrent Mark
[13,198s][info][gc,marking     ] GC(554) Concurrent Mark From Roots
[13,198s][info][gc,task        ] GC(554) Using 5 workers of 5 for marking
[13,200s][info][gc,marking     ] GC(554) Concurrent Mark From Roots 2,242ms
[13,201s][info][gc,marking     ] GC(554) Concurrent Preclean
[13,201s][info][gc,marking     ] GC(554) Concurrent Preclean 0,012ms
[13,201s][info][gc,start       ] GC(554) Pause Remark
[13,201s][info][gc             ] GC(554) Pause Remark 1933M->1519M(2048M) 0,622ms
[13,201s][info][gc,cpu         ] GC(554) User=0,00s Sys=0,00s Real=0,00s
[13,201s][info][gc,marking     ] GC(554) Concurrent Mark 3,077ms
[13,201s][info][gc,marking     ] GC(554) Concurrent Rebuild Remembered Sets and Scrub Regions
[13,203s][info][gc,marking     ] GC(554) Concurrent Rebuild Remembered Sets and Scrub Regions 1,313ms
[13,203s][info][gc,start       ] GC(554) Pause Cleanup
[13,203s][info][gc             ] GC(554) Pause Cleanup 1541M->1541M(2048M) 0,525ms
[13,203s][info][gc,cpu         ] GC(554) User=0,01s Sys=0,00s Real=0,00s
[13,203s][info][gc,marking     ] GC(554) Concurrent Clear Claimed Marks
[13,203s][info][gc,marking     ] GC(554) Concurrent Clear Claimed Marks 0,034ms
[13,203s][info][gc,marking     ] GC(554) Concurrent Cleanup for Next Mark
[13,205s][info][gc,marking     ] GC(554) Concurrent Cleanup for Next Mark 1,449ms
[13,205s][info][gc             ] GC(554) Concurrent Mark Cycle 6,808ms
[13,207s][info][gc,start       ] GC(555) Pause Young (Prepare Mixed) (G1 Evacuation Pause)
[13,207s][info][gc,task        ] GC(555) Using 18 workers of 18 for evacuation
[13,217s][info][gc,phases      ] GC(555)   Pre Evacuate Collection Set: 0,2ms
[13,217s][info][gc,phases      ] GC(555)   Merge Heap Roots: 0,1ms
[13,217s][info][gc,phases      ] GC(555)   Evacuate Collection Set: 9,4ms
[13,217s][info][gc,phases      ] GC(555)   Post Evacuate Collection Set: 0,3ms
[13,217s][info][gc,phases      ] GC(555)   Other: 0,1ms
[13,217s][info][gc,heap        ] GC(555) Eden regions: 44->0(89)
[13,217s][info][gc,heap        ] GC(555) Survivor regions: 7->7(7)
[13,217s][info][gc,heap        ] GC(555) Old regions: 744->787
[13,217s][info][gc,heap        ] GC(555) Humongous regions: 0->0
[13,217s][info][gc,metaspace   ] GC(555) Metaspace: 82K(320K)->82K(320K) NonClass: 78K(192K)->78K(192K) Class: 3K(128K)->3K(128K)
[13,217s][info][gc             ] GC(555) Pause Young (Prepare Mixed) (G1 Evacuation Pause) 1588M->1587M(2048M) 10,240ms
[13,217s][info][gc,cpu         ] GC(555) User=0,17s Sys=0,00s Real=0,01s
[13,229s][info][gc,start       ] GC(556) Pause Young (Mixed) (G1 Evacuation Pause)
[13,229s][info][gc,task        ] GC(556) Using 18 workers of 18 for evacuation
[13,250s][info][gc,phases      ] GC(556)   Pre Evacuate Collection Set: 0,3ms
[13,250s][info][gc,phases      ] GC(556)   Merge Heap Roots: 0,1ms
[13,250s][info][gc,phases      ] GC(556)   Evacuate Collection Set: 20,7ms
[13,250s][info][gc,phases      ] GC(556)   Post Evacuate Collection Set: 0,3ms
[13,250s][info][gc,phases      ] GC(556)   Other: 0,1ms
[13,250s][info][gc,heap        ] GC(556) Eden regions: 89->0(82)
[13,250s][info][gc,heap        ] GC(556) Survivor regions: 7->12(12)
[13,250s][info][gc,heap        ] GC(556) Old regions: 787->792
[13,250s][info][gc,heap        ] GC(556) Humongous regions: 0->0
[13,250s][info][gc,metaspace   ] GC(556) Metaspace: 82K(320K)->82K(320K) NonClass: 78K(192K)->78K(192K) Class: 3K(128K)->3K(128K)
[13,250s][info][gc             ] GC(556) Pause Young (Mixed) (G1 Evacuation Pause) 1765M->1607M(2048M) 21,643ms
[13,250s][info][gc,cpu         ] GC(556) User=0,37s Sys=0,01s Real=0,02s
[13,261s][info][gc,start       ] GC(557) Pause Young (Mixed) (G1 Evacuation Pause)
[13,261s][info][gc,task        ] GC(557) Using 18 workers of 18 for evacuation
[13,284s][info][gc,phases      ] GC(557)   Pre Evacuate Collection Set: 0,2ms
[13,284s][info][gc,phases      ] GC(557)   Merge Heap Roots: 0,1ms
[13,284s][info][gc,phases      ] GC(557)   Evacuate Collection Set: 22,4ms
[13,284s][info][gc,phases      ] GC(557)   Post Evacuate Collection Set: 0,3ms
[13,284s][info][gc,phases      ] GC(557)   Other: 0,1ms
[13,284s][info][gc,heap        ] GC(557) Eden regions: 82->0(75)
[13,284s][info][gc,heap        ] GC(557) Survivor regions: 12->12(12)
[13,284s][info][gc,heap        ] GC(557) Old regions: 792->808
[13,284s][info][gc,heap        ] GC(557) Humongous regions: 0->0
[13,284s][info][gc,metaspace   ] GC(557) Metaspace: 82K(320K)->82K(320K) NonClass: 78K(192K)->78K(192K) Class: 3K(128K)->3K(128K)
[13,284s][info][gc             ] GC(557) Pause Young (Mixed) (G1 Evacuation Pause) 1771M->1639M(2048M) 23,272ms
[13,284s][info][gc,cpu         ] GC(557) User=0,40s Sys=0,00s Real=0,02s
[13,293s][info][gc,start       ] GC(558) Pause Young (Mixed) (G1 Evacuation Pause)
[13,293s][info][gc,task        ] GC(558) Using 18 workers of 18 for evacuation
[13,316s][info][gc,phases      ] GC(558)   Pre Evacuate Collection Set: 0,3ms
[13,317s][info][gc,phases      ] GC(558)   Merge Heap Roots: 0,1ms
[13,317s][info][gc,phases      ] GC(558)   Evacuate Collection Set: 22,3ms
[13,317s][info][gc,phases      ] GC(558)   Post Evacuate Collection Set: 0,3ms
[13,317s][info][gc,phases      ] GC(558)   Other: 0,1ms
[13,317s][info][gc,heap        ] GC(558) Eden regions: 75->0(67)
[13,317s][info][gc,heap        ] GC(558) Survivor regions: 12->11(11)
[13,317s][info][gc,heap        ] GC(558) Old regions: 808->832
[13,317s][info][gc,heap        ] GC(558) Humongous regions: 0->0
[13,317s][info][gc,metaspace   ] GC(558) Metaspace: 82K(320K)->82K(320K) NonClass: 78K(192K)->78K(192K) Class: 3K(128K)->3K(128K)
[13,317s][info][gc             ] GC(558) Pause Young (Mixed) (G1 Evacuation Pause) (Evacuation Failure) 1788M->1686M(2048M) 23,238ms
[13,317s][info][gc,cpu         ] GC(558) User=0,40s Sys=0,00s Real=0,03s
[13,325s][info][gc,start       ] GC(559) Pause Young (Mixed) (G1 Evacuation Pause)
[13,325s][info][gc,task        ] GC(559) Using 18 workers of 18 for evacuation
[13,346s][info][gc,phases      ] GC(559)   Pre Evacuate Collection Set: 0,2ms
[13,346s][info][gc,phases      ] GC(559)   Merge Heap Roots: 0,1ms
[13,346s][info][gc,phases      ] GC(559)   Evacuate Collection Set: 19,8ms
[13,346s][info][gc,phases      ] GC(559)   Post Evacuate Collection Set: 0,3ms
[13,346s][info][gc,phases      ] GC(559)   Other: 0,1ms
[13,346s][info][gc,heap        ] GC(559) Eden regions: 67->0(63)
[13,346s][info][gc,heap        ] GC(559) Survivor regions: 11->10(10)
[13,346s][info][gc,heap        ] GC(559) Old regions: 832->845
[13,346s][info][gc,heap        ] GC(559) Humongous regions: 0->0
[13,346s][info][gc,metaspace   ] GC(559) Metaspace: 82K(320K)->82K(320K) NonClass: 78K(192K)->78K(192K) Class: 3K(128K)->3K(128K)
[13,346s][info][gc             ] GC(559) Pause Young (Mixed) (G1 Evacuation Pause) (Evacuation Failure) 1819M->1710M(2048M) 20,689ms
[13,346s][info][gc,cpu         ] GC(559) User=0,35s Sys=0,00s Real=0,02s
[13,354s][info][gc,start       ] GC(560) Pause Young (Mixed) (G1 Evacuation Pause)
[13,354s][info][gc,task        ] GC(560) Using 18 workers of 18 for evacuation
[13,373s][info][gc,phases      ] GC(560)   Pre Evacuate Collection Set: 0,2ms
[13,373s][info][gc,phases      ] GC(560)   Merge Heap Roots: 0,1ms
[13,373s][info][gc,phases      ] GC(560)   Evacuate Collection Set: 18,2ms
[13,373s][info][gc,phases      ] GC(560)   Post Evacuate Collection Set: 0,2ms
[13,373s][info][gc,phases      ] GC(560)   Other: 0,1ms
[13,373s][info][gc,heap        ] GC(560) Eden regions: 63->0(60)
[13,373s][info][gc,heap        ] GC(560) Survivor regions: 10->10(10)
[13,373s][info][gc,heap        ] GC(560) Old regions: 845->853
[13,373s][info][gc,heap        ] GC(560) Humongous regions: 0->0
[13,373s][info][gc,metaspace   ] GC(560) Metaspace: 82K(320K)->82K(320K) NonClass: 78K(192K)->78K(192K) Class: 3K(128K)->3K(128K)
[13,373s][info][gc             ] GC(560) Pause Young (Mixed) (G1 Evacuation Pause) 1835M->1725M(2048M) 18,984ms
[13,373s][info][gc,cpu         ] GC(560) User=0,32s Sys=0,01s Real=0,02s
[13,381s][info][gc,start       ] GC(561) Pause Young (Concurrent Start) (G1 Evacuation Pause)
[13,381s][info][gc,task        ] GC(561) Using 18 workers of 18 for evacuation
[13,394s][info][gc,phases      ] GC(561)   Pre Evacuate Collection Set: 0,3ms
[13,394s][info][gc,phases      ] GC(561)   Merge Heap Roots: 0,1ms
[13,394s][info][gc,phases      ] GC(561)   Evacuate Collection Set: 12,2ms
[13,394s][info][gc,phases      ] GC(561)   Post Evacuate Collection Set: 0,2ms
[13,394s][info][gc,phases      ] GC(561)   Other: 0,1ms
[13,394s][info][gc,heap        ] GC(561) Eden regions: 60->0(42)
[13,394s][info][gc,heap        ] GC(561) Survivor regions: 10->9(9)
[13,394s][info][gc,heap        ] GC(561) Old regions: 853->914
[13,394s][info][gc,heap        ] GC(561) Humongous regions: 0->0
[13,394s][info][gc,metaspace   ] GC(561) Metaspace: 82K(320K)->82K(320K) NonClass: 78K(192K)->78K(192K) Class: 3K(128K)->3K(128K)
[13,394s][info][gc             ] GC(561) Pause Young (Concurrent Start) (G1 Evacuation Pause) 1844M->1844M(2048M) 13,139ms
[13,394s][info][gc,cpu         ] GC(561) User=0,22s Sys=0,00s Real=0,01s
[13,394s][info][gc             ] GC(562) Concurrent Mark Cycle
[13,394s][info][gc,marking     ] GC(562) Concurrent Scan Root Regions
[13,394s][info][gc,marking     ] GC(562) Concurrent Scan Root Regions 0,060ms
[13,394s][info][gc,marking     ] GC(562) Concurrent Mark
[13,394s][info][gc,marking     ] GC(562) Concurrent Mark From Roots
[13,394s][info][gc,task        ] GC(562) Using 5 workers of 5 for marking
[13,397s][info][gc,marking     ] GC(562) Concurrent Mark From Roots 2,527ms
[13,397s][info][gc,marking     ] GC(562) Concurrent Preclean
[13,397s][info][gc,marking     ] GC(562) Concurrent Preclean 0,010ms
[13,397s][info][gc,start       ] GC(562) Pause Remark
[13,398s][info][gc             ] GC(562) Pause Remark 1865M->1505M(2048M) 0,689ms
[13,398s][info][gc,cpu         ] GC(562) User=0,00s Sys=0,00s Real=0,00s
[13,398s][info][gc,marking     ] GC(562) Concurrent Mark 3,469ms
[13,398s][info][gc,marking     ] GC(562) Concurrent Rebuild Remembered Sets and Scrub Regions
[13,400s][info][gc,marking     ] GC(562) Concurrent Rebuild Remembered Sets and Scrub Regions 1,781ms
[13,400s][info][gc,start       ] GC(562) Pause Cleanup
[13,401s][info][gc             ] GC(562) Pause Cleanup 1535M->1535M(2048M) 0,560ms
[13,401s][info][gc,cpu         ] GC(562) User=0,00s Sys=0,00s Real=0,00s
[13,401s][info][gc,marking     ] GC(562) Concurrent Clear Claimed Marks
[13,401s][info][gc,marking     ] GC(562) Concurrent Clear Claimed Marks 0,023ms
[13,401s][info][gc,marking     ] GC(562) Concurrent Cleanup for Next Mark
[13,402s][info][gc,marking     ] GC(562) Concurrent Cleanup for Next Mark 1,564ms
[13,402s][info][gc             ] GC(562) Concurrent Mark Cycle 7,866ms
[13,403s][info][gc,start       ] GC(563) Pause Young (Prepare Mixed) (G1 Evacuation Pause)
[13,404s][info][gc,task        ] GC(563) Using 18 workers of 18 for evacuation
[13,413s][info][gc,phases      ] GC(563)   Pre Evacuate Collection Set: 0,2ms
[13,413s][info][gc,phases      ] GC(563)   Merge Heap Roots: 0,1ms
[13,413s][info][gc,phases      ] GC(563)   Evacuate Collection Set: 9,1ms
[13,413s][info][gc,phases      ] GC(563)   Post Evacuate Collection Set: 0,3ms
[13,413s][info][gc,phases      ] GC(563)   Other: 0,1ms
[13,413s][info][gc,heap        ] GC(563) Eden regions: 42->0(93)
[13,413s][info][gc,heap        ] GC(563) Survivor regions: 9->7(7)
[13,413s][info][gc,heap        ] GC(563) Old regions: 734->777
[13,413s][info][gc,heap        ] GC(563) Humongous regions: 0->0
[13,413s][info][gc,metaspace   ] GC(563) Metaspace: 82K(320K)->82K(320K) NonClass: 78K(192K)->78K(192K) Class: 3K(128K)->3K(128K)
[13,413s][info][gc             ] GC(563) Pause Young (Prepare Mixed) (G1 Evacuation Pause) 1568M->1567M(2048M) 9,993ms
[13,414s][info][gc,cpu         ] GC(563) User=0,16s Sys=0,01s Real=0,01s
[13,425s][info][gc,start       ] GC(564) Pause Young (Mixed) (G1 Evacuation Pause)
[13,426s][info][gc,task        ] GC(564) Using 18 workers of 18 for evacuation
[13,447s][info][gc,phases      ] GC(564)   Pre Evacuate Collection Set: 0,3ms
[13,447s][info][gc,phases      ] GC(564)   Merge Heap Roots: 0,1ms
[13,447s][info][gc,phases      ] GC(564)   Evacuate Collection Set: 20,4ms
[13,447s][info][gc,phases      ] GC(564)   Post Evacuate Collection Set: 0,3ms
[13,447s][info][gc,phases      ] GC(564)   Other: 0,1ms
[13,447s][info][gc,heap        ] GC(564) Eden regions: 93->0(87)
[13,447s][info][gc,heap        ] GC(564) Survivor regions: 7->13(13)
[13,447s][info][gc,heap        ] GC(564) Old regions: 777->780
[13,447s][info][gc,heap        ] GC(564) Humongous regions: 0->0
[13,447s][info][gc,metaspace   ] GC(564) Metaspace: 82K(320K)->82K(320K) NonClass: 78K(192K)->78K(192K) Class: 3K(128K)->3K(128K)
[13,447s][info][gc             ] GC(564) Pause Young (Mixed) (G1 Evacuation Pause) 1753M->1584M(2048M) 21,538ms
[13,447s][info][gc,cpu         ] GC(564) User=0,37s Sys=0,00s Real=0,02s
[13,458s][info][gc,start       ] GC(565) Pause Young (Mixed) (G1 Evacuation Pause)
[13,458s][info][gc,task        ] GC(565) Using 18 workers of 18 for evacuation
[13,484s][info][gc,phases      ] GC(565)   Pre Evacuate Collection Set: 0,2ms
[13,484s][info][gc,phases      ] GC(565)   Merge Heap Roots: 0,1ms
[13,484s][info][gc,phases      ] GC(565)   Evacuate Collection Set: 24,8ms
[13,484s][info][gc,phases      ] GC(565)   Post Evacuate Collection Set: 0,3ms
[13,484s][info][gc,phases      ] GC(565)   Other: 0,1ms
[13,484s][info][gc,heap        ] GC(565) Eden regions: 87->0(72)
[13,484s][info][gc,heap        ] GC(565) Survivor regions: 13->13(13)
[13,484s][info][gc,heap        ] GC(565) Old regions: 780->819
[13,484s][info][gc,heap        ] GC(565) Humongous regions: 0->0
[13,484s][info][gc,metaspace   ] GC(565) Metaspace: 82K(320K)->82K(320K) NonClass: 78K(192K)->78K(192K) Class: 3K(128K)->3K(128K)
[13,484s][info][gc             ] GC(565) Pause Young (Mixed) (G1 Evacuation Pause) (Evacuation Failure) 1758M->1664M(2048M) 25,705ms
[13,484s][info][gc,cpu         ] GC(565) User=0,45s Sys=0,00s Real=0,02s
[13,493s][info][gc,start       ] GC(566) Pause Young (Mixed) (G1 Evacuation Pause)
[13,493s][info][gc,task        ] GC(566) Using 18 workers of 18 for evacuation
[13,515s][info][gc,phases      ] GC(566)   Pre Evacuate Collection Set: 0,2ms
[13,515s][info][gc,phases      ] GC(566)   Merge Heap Roots: 0,1ms
[13,515s][info][gc,phases      ] GC(566)   Evacuate Collection Set: 20,9ms
[13,515s][info][gc,phases      ] GC(566)   Post Evacuate Collection Set: 0,4ms
[13,515s][info][gc,phases      ] GC(566)   Other: 0,1ms
[13,515s][info][gc,heap        ] GC(566) Eden regions: 72->0(57)
[13,515s][info][gc,heap        ] GC(566) Survivor regions: 13->11(11)
[13,515s][info][gc,heap        ] GC(566) Old regions: 819->868
[13,515s][info][gc,heap        ] GC(566) Humongous regions: 0->0
[13,515s][info][gc,metaspace   ] GC(566) Metaspace: 82K(320K)->82K(320K) NonClass: 78K(192K)->78K(192K) Class: 3K(128K)->3K(128K)
[13,515s][info][gc             ] GC(566) Pause Young (Mixed) (G1 Evacuation Pause) (Evacuation Failure) 1807M->1758M(2048M) 21,915ms
[13,515s][info][gc,cpu         ] GC(566) User=0,37s Sys=0,00s Real=0,03s
[13,522s][info][gc,start       ] GC(567) Pause Young (Mixed) (G1 Evacuation Pause)
[13,522s][info][gc,task        ] GC(567) Using 18 workers of 18 for evacuation
[13,538s][info][gc,phases      ] GC(567)   Pre Evacuate Collection Set: 0,2ms
[13,538s][info][gc,phases      ] GC(567)   Merge Heap Roots: 0,1ms
[13,538s][info][gc,phases      ] GC(567)   Evacuate Collection Set: 15,2ms
[13,538s][info][gc,phases      ] GC(567)   Post Evacuate Collection Set: 0,5ms
[13,538s][info][gc,phases      ] GC(567)   Other: 0,1ms
[13,538s][info][gc,heap        ] GC(567) Eden regions: 57->0(54)
[13,538s][info][gc,heap        ] GC(567) Survivor regions: 11->9(9)
[13,539s][info][gc,heap        ] GC(567) Old regions: 868->893
[13,539s][info][gc,heap        ] GC(567) Humongous regions: 0->0
[13,539s][info][gc,metaspace   ] GC(567) Metaspace: 82K(320K)->82K(320K) NonClass: 78K(192K)->78K(192K) Class: 3K(128K)->3K(128K)
[13,539s][info][gc             ] GC(567) Pause Young (Mixed) (G1 Evacuation Pause) (Evacuation Failure) 1871M->1804M(2048M) 16,301ms
[13,539s][info][gc,cpu         ] GC(567) User=0,27s Sys=0,00s Real=0,02s
[13,545s][info][gc,start       ] GC(568) Pause Young (Mixed) (G1 Evacuation Pause)
[13,545s][info][gc,task        ] GC(568) Using 18 workers of 18 for evacuation
[13,558s][info][gc,phases      ] GC(568)   Pre Evacuate Collection Set: 0,2ms
[13,558s][info][gc,phases      ] GC(568)   Merge Heap Roots: 0,1ms
[13,558s][info][gc,phases      ] GC(568)   Evacuate Collection Set: 12,0ms
[13,558s][info][gc,phases      ] GC(568)   Post Evacuate Collection Set: 0,3ms
[13,558s][info][gc,phases      ] GC(568)   Other: 0,1ms
[13,558s][info][gc,heap        ] GC(568) Eden regions: 54->0(48)
[13,558s][info][gc,heap        ] GC(568) Survivor regions: 9->8(8)
[13,558s][info][gc,heap        ] GC(568) Old regions: 893->896
[13,558s][info][gc,heap        ] GC(568) Humongous regions: 0->0
[13,558s][info][gc,metaspace   ] GC(568) Metaspace: 82K(320K)->82K(320K) NonClass: 78K(192K)->78K(192K) Class: 3K(128K)->3K(128K)
[13,558s][info][gc             ] GC(568) Pause Young (Mixed) (G1 Evacuation Pause) (Evacuation Failure) 1911M->1808M(2048M) 12,903ms
[13,558s][info][gc,cpu         ] GC(568) User=0,20s Sys=0,01s Real=0,01s
[13,564s][info][gc,start       ] GC(569) Pause Young (Concurrent Start) (G1 Evacuation Pause)
[13,564s][info][gc,task        ] GC(569) Using 18 workers of 18 for evacuation
[13,575s][info][gc,phases      ] GC(569)   Pre Evacuate Collection Set: 0,3ms
[13,575s][info][gc,phases      ] GC(569)   Merge Heap Roots: 0,1ms
[13,575s][info][gc,phases      ] GC(569)   Evacuate Collection Set: 9,9ms
[13,575s][info][gc,phases      ] GC(569)   Post Evacuate Collection Set: 0,2ms
[13,575s][info][gc,phases      ] GC(569)   Other: 0,1ms
[13,575s][info][gc,heap        ] GC(569) Eden regions: 48->0(44)
[13,575s][info][gc,heap        ] GC(569) Survivor regions: 8->7(7)
[13,575s][info][gc,heap        ] GC(569) Old regions: 896->945
[13,575s][info][gc,heap        ] GC(569) Humongous regions: 0->0
[13,575s][info][gc,metaspace   ] GC(569) Metaspace: 82K(320K)->82K(320K) NonClass: 78K(192K)->78K(192K) Class: 3K(128K)->3K(128K)
[13,575s][info][gc             ] GC(569) Pause Young (Concurrent Start) (G1 Evacuation Pause) 1903M->1903M(2048M) 10,775ms
[13,575s][info][gc,cpu         ] GC(569) User=0,18s Sys=0,01s Real=0,02s
[13,575s][info][gc             ] GC(570) Concurrent Mark Cycle
[13,575s][info][gc,marking     ] GC(570) Concurrent Scan Root Regions
[13,575s][info][gc,marking     ] GC(570) Concurrent Scan Root Regions 0,040ms
[13,575s][info][gc,marking     ] GC(570) Concurrent Mark
[13,575s][info][gc,marking     ] GC(570) Concurrent Mark From Roots
[13,575s][info][gc,task        ] GC(570) Using 5 workers of 5 for marking
[13,578s][info][gc,marking     ] GC(570) Concurrent Mark From Roots 2,564ms
[13,578s][info][gc,marking     ] GC(570) Concurrent Preclean
[13,578s][info][gc,marking     ] GC(570) Concurrent Preclean 0,022ms
[13,578s][info][gc,start       ] GC(570) Pause Remark
[13,579s][info][gc             ] GC(570) Pause Remark 1924M->1598M(2048M) 0,685ms
[13,579s][info][gc,cpu         ] GC(570) User=0,01s Sys=0,00s Real=0,00s
[13,579s][info][gc,marking     ] GC(570) Concurrent Mark 3,535ms
[13,579s][info][gc,marking     ] GC(570) Concurrent Rebuild Remembered Sets and Scrub Regions
[13,581s][info][gc,marking     ] GC(570) Concurrent Rebuild Remembered Sets and Scrub Regions 1,757ms
[13,581s][info][gc,start       ] GC(570) Pause Cleanup
[13,582s][info][gc             ] GC(570) Pause Cleanup 1627M->1627M(2048M) 0,796ms
[13,582s][info][gc,cpu         ] GC(570) User=0,00s Sys=0,00s Real=0,00s
[13,582s][info][gc,marking     ] GC(570) Concurrent Clear Claimed Marks
[13,582s][info][gc,marking     ] GC(570) Concurrent Clear Claimed Marks 0,035ms
[13,582s][info][gc,marking     ] GC(570) Concurrent Cleanup for Next Mark
[13,583s][info][gc,marking     ] GC(570) Concurrent Cleanup for Next Mark 1,524ms
[13,583s][info][gc             ] GC(570) Concurrent Mark Cycle 8,115ms
[13,585s][info][gc,start       ] GC(571) Pause Young (Prepare Mixed) (G1 Evacuation Pause)
[13,585s][info][gc,task        ] GC(571) Using 18 workers of 18 for evacuation
[13,595s][info][gc,phases      ] GC(571)   Pre Evacuate Collection Set: 0,2ms
[13,595s][info][gc,phases      ] GC(571)   Merge Heap Roots: 0,1ms
[13,595s][info][gc,phases      ] GC(571)   Evacuate Collection Set: 9,2ms
[13,595s][info][gc,phases      ] GC(571)   Post Evacuate Collection Set: 0,4ms
[13,595s][info][gc,phases      ] GC(571)   Other: 0,1ms
[13,595s][info][gc,heap        ] GC(571) Eden regions: 44->0(74)
[13,595s][info][gc,heap        ] GC(571) Survivor regions: 7->7(7)
[13,595s][info][gc,heap        ] GC(571) Old regions: 782->826
[13,595s][info][gc,heap        ] GC(571) Humongous regions: 0->0
[13,595s][info][gc,metaspace   ] GC(571) Metaspace: 82K(320K)->82K(320K) NonClass: 78K(192K)->78K(192K) Class: 3K(128K)->3K(128K)
[13,595s][info][gc             ] GC(571) Pause Young (Prepare Mixed) (G1 Evacuation Pause) 1664M->1664M(2048M) 10,237ms
[13,595s][info][gc,cpu         ] GC(571) User=0,16s Sys=0,00s Real=0,02s
[13,605s][info][gc,start       ] GC(572) Pause Young (Mixed) (G1 Evacuation Pause)
[13,605s][info][gc,task        ] GC(572) Using 18 workers of 18 for evacuation
[13,622s][info][gc,phases      ] GC(572)   Pre Evacuate Collection Set: 0,3ms
[13,622s][info][gc,phases      ] GC(572)   Merge Heap Roots: 0,1ms
[13,622s][info][gc,phases      ] GC(572)   Evacuate Collection Set: 16,3ms
[13,622s][info][gc,phases      ] GC(572)   Post Evacuate Collection Set: 0,4ms
[13,622s][info][gc,phases      ] GC(572)   Other: 0,1ms
[13,622s][info][gc,heap        ] GC(572) Eden regions: 74->0(78)
[13,622s][info][gc,heap        ] GC(572) Survivor regions: 7->11(11)
[13,622s][info][gc,heap        ] GC(572) Old regions: 826->805
[13,622s][info][gc,heap        ] GC(572) Humongous regions: 0->0
[13,622s][info][gc,metaspace   ] GC(572) Metaspace: 82K(320K)->82K(320K) NonClass: 78K(192K)->78K(192K) Class: 3K(128K)->3K(128K)
[13,622s][info][gc             ] GC(572) Pause Young (Mixed) (G1 Evacuation Pause) 1812M->1631M(2048M) 17,504ms
[13,622s][info][gc,cpu         ] GC(572) User=0,29s Sys=0,00s Real=0,02s
[13,632s][info][gc,start       ] GC(573) Pause Young (Mixed) (G1 Evacuation Pause)
[13,632s][info][gc,task        ] GC(573) Using 18 workers of 18 for evacuation
[13,653s][info][gc,phases      ] GC(573)   Pre Evacuate Collection Set: 0,3ms
[13,653s][info][gc,phases      ] GC(573)   Merge Heap Roots: 0,1ms
[13,653s][info][gc,phases      ] GC(573)   Evacuate Collection Set: 20,2ms
[13,653s][info][gc,phases      ] GC(573)   Post Evacuate Collection Set: 0,3ms
[13,653s][info][gc,phases      ] GC(573)   Other: 0,1ms
[13,653s][info][gc,heap        ] GC(573) Eden regions: 78->0(76)
[13,653s][info][gc,heap        ] GC(573) Survivor regions: 11->12(12)
[13,653s][info][gc,heap        ] GC(573) Old regions: 805->807
[13,653s][info][gc,heap        ] GC(573) Humongous regions: 0->0
[13,653s][info][gc,metaspace   ] GC(573) Metaspace: 82K(320K)->82K(320K) NonClass: 78K(192K)->78K(192K) Class: 3K(128K)->3K(128K)
[13,653s][info][gc             ] GC(573) Pause Young (Mixed) (G1 Evacuation Pause) 1786M->1637M(2048M) 21,336ms
[13,653s][info][gc,cpu         ] GC(573) User=0,36s Sys=0,00s Real=0,02s
[13,663s][info][gc,start       ] GC(574) Pause Young (Mixed) (G1 Evacuation Pause)
[13,663s][info][gc,task        ] GC(574) Using 18 workers of 18 for evacuation
[13,685s][info][gc,phases      ] GC(574)   Pre Evacuate Collection Set: 0,3ms
[13,685s][info][gc,phases      ] GC(574)   Merge Heap Roots: 0,1ms
[13,685s][info][gc,phases      ] GC(574)   Evacuate Collection Set: 20,7ms
[13,685s][info][gc,phases      ] GC(574)   Post Evacuate Collection Set: 0,3ms
[13,685s][info][gc,phases      ] GC(574)   Other: 0,1ms
[13,685s][info][gc,heap        ] GC(574) Eden regions: 76->0(73)
[13,685s][info][gc,heap        ] GC(574) Survivor regions: 12->11(11)
[13,685s][info][gc,heap        ] GC(574) Old regions: 807->813
[13,685s][info][gc,heap        ] GC(574) Humongous regions: 0->0
[13,685s][info][gc,metaspace   ] GC(574) Metaspace: 82K(320K)->82K(320K) NonClass: 78K(192K)->78K(192K) Class: 3K(128K)->3K(128K)
[13,685s][info][gc             ] GC(574) Pause Young (Mixed) (G1 Evacuation Pause) 1789M->1647M(2048M) 21,797ms
[13,685s][info][gc,cpu         ] GC(574) User=0,36s Sys=0,01s Real=0,03s
[13,697s][info][gc,start       ] GC(575) Pause Young (Mixed) (G1 Evacuation Pause)
[13,697s][info][gc,task        ] GC(575) Using 18 workers of 18 for evacuation
[13,720s][info][gc,phases      ] GC(575)   Pre Evacuate Collection Set: 0,3ms
[13,720s][info][gc,phases      ] GC(575)   Merge Heap Roots: 0,1ms
[13,720s][info][gc,phases      ] GC(575)   Evacuate Collection Set: 21,8ms
[13,720s][info][gc,phases      ] GC(575)   Post Evacuate Collection Set: 0,4ms
[13,720s][info][gc,phases      ] GC(575)   Other: 0,1ms
[13,720s][info][gc,heap        ] GC(575) Eden regions: 73->0(63)
[13,720s][info][gc,heap        ] GC(575) Survivor regions: 11->11(11)
[13,720s][info][gc,heap        ] GC(575) Old regions: 813->842
[13,720s][info][gc,heap        ] GC(575) Humongous regions: 0->0
[13,720s][info][gc,metaspace   ] GC(575) Metaspace: 82K(320K)->82K(320K) NonClass: 78K(192K)->78K(192K) Class: 3K(128K)->3K(128K)
[13,720s][info][gc             ] GC(575) Pause Young (Mixed) (G1 Evacuation Pause) (Evacuation Failure) 1793M->1706M(2048M) 22,922ms
[13,720s][info][gc,cpu         ] GC(575) User=0,39s Sys=0,00s Real=0,02s
[13,728s][info][gc,start       ] GC(576) Pause Young (Mixed) (G1 Evacuation Pause)
[13,728s][info][gc,task        ] GC(576) Using 18 workers of 18 for evacuation
[13,745s][info][gc,phases      ] GC(576)   Pre Evacuate Collection Set: 0,3ms
[13,746s][info][gc,phases      ] GC(576)   Merge Heap Roots: 0,1ms
[13,746s][info][gc,phases      ] GC(576)   Evacuate Collection Set: 16,5ms
[13,746s][info][gc,phases      ] GC(576)   Post Evacuate Collection Set: 0,3ms
[13,746s][info][gc,phases      ] GC(576)   Other: 0,1ms
[13,746s][info][gc,heap        ] GC(576) Eden regions: 63->0(69)
[13,746s][info][gc,heap        ] GC(576) Survivor regions: 11->10(10)
[13,746s][info][gc,heap        ] GC(576) Old regions: 842->825
[13,746s][info][gc,heap        ] GC(576) Humongous regions: 0->0
[13,746s][info][gc,metaspace   ] GC(576) Metaspace: 82K(320K)->82K(320K) NonClass: 78K(192K)->78K(192K) Class: 3K(128K)->3K(128K)
[13,746s][info][gc             ] GC(576) Pause Young (Mixed) (G1 Evacuation Pause) 1831M->1669M(2048M) 17,606ms
[13,746s][info][gc,cpu         ] GC(576) User=0,30s Sys=0,00s Real=0,02s
[13,755s][info][gc,start       ] GC(577) Pause Young (Mixed) (G1 Evacuation Pause)
[13,755s][info][gc,task        ] GC(577) Using 18 workers of 18 for evacuation
[13,769s][info][gc,phases      ] GC(577)   Pre Evacuate Collection Set: 0,2ms
[13,769s][info][gc,phases      ] GC(577)   Merge Heap Roots: 0,1ms
[13,769s][info][gc,phases      ] GC(577)   Evacuate Collection Set: 13,6ms
[13,769s][info][gc,phases      ] GC(577)   Post Evacuate Collection Set: 0,2ms
[13,769s][info][gc,phases      ] GC(577)   Other: 0,1ms
[13,769s][info][gc,heap        ] GC(577) Eden regions: 69->0(50)
[13,769s][info][gc,heap        ] GC(577) Survivor regions: 10->10(10)
[13,769s][info][gc,heap        ] GC(577) Old regions: 825->877
[13,769s][info][gc,heap        ] GC(577) Humongous regions: 0->0
[13,769s][info][gc,metaspace   ] GC(577) Metaspace: 82K(320K)->82K(320K) NonClass: 78K(192K)->78K(192K) Class: 3K(128K)->3K(128K)
[13,769s][info][gc             ] GC(577) Pause Young (Mixed) (G1 Evacuation Pause) 1807M->1773M(2048M) 14,461ms
[13,769s][info][gc,cpu         ] GC(577) User=0,24s Sys=0,01s Real=0,02s
[13,775s][info][gc,start       ] GC(578) Pause Young (Concurrent Start) (G1 Evacuation Pause)
[13,775s][info][gc,task        ] GC(578) Using 18 workers of 18 for evacuation
[13,787s][info][gc,phases      ] GC(578)   Pre Evacuate Collection Set: 0,3ms
[13,787s][info][gc,phases      ] GC(578)   Merge Heap Roots: 0,1ms
[13,787s][info][gc,phases      ] GC(578)   Evacuate Collection Set: 10,8ms
[13,787s][info][gc,phases      ] GC(578)   Post Evacuate Collection Set: 0,2ms
[13,787s][info][gc,phases      ] GC(578)   Other: 0,1ms
[13,787s][info][gc,heap        ] GC(578) Eden regions: 50->0(43)
[13,787s][info][gc,heap        ] GC(578) Survivor regions: 10->8(8)
[13,787s][info][gc,heap        ] GC(578) Old regions: 877->929
[13,787s][info][gc,heap        ] GC(578) Humongous regions: 0->0
[13,787s][info][gc,metaspace   ] GC(578) Metaspace: 82K(320K)->82K(320K) NonClass: 78K(192K)->78K(192K) Class: 3K(128K)->3K(128K)
[13,787s][info][gc             ] GC(578) Pause Young (Concurrent Start) (G1 Evacuation Pause) 1872M->1872M(2048M) 11,603ms
[13,787s][info][gc             ] GC(579) Concurrent Mark Cycle
[13,787s][info][gc,marking     ] GC(579) Concurrent Scan Root Regions
[13,787s][info][gc,cpu         ] GC(578) User=0,19s Sys=0,00s Real=0,01s
[13,787s][info][gc,marking     ] GC(579) Concurrent Scan Root Regions 0,042ms
[13,787s][info][gc,marking     ] GC(579) Concurrent Mark
[13,787s][info][gc,marking     ] GC(579) Concurrent Mark From Roots
[13,787s][info][gc,task        ] GC(579) Using 5 workers of 5 for marking
[13,790s][info][gc,marking     ] GC(579) Concurrent Mark From Roots 2,585ms
[13,790s][info][gc,marking     ] GC(579) Concurrent Preclean
[13,790s][info][gc,marking     ] GC(579) Concurrent Preclean 0,012ms
[13,790s][info][gc,start       ] GC(579) Pause Remark
[13,790s][info][gc             ] GC(579) Pause Remark 1893M->1441M(2048M) 0,698ms
[13,791s][info][gc,cpu         ] GC(579) User=0,00s Sys=0,00s Real=0,00s
[13,791s][info][gc,marking     ] GC(579) Concurrent Mark 3,494ms
[13,791s][info][gc,marking     ] GC(579) Concurrent Rebuild Remembered Sets and Scrub Regions
[13,792s][info][gc,marking     ] GC(579) Concurrent Rebuild Remembered Sets and Scrub Regions 1,922ms
[13,793s][info][gc,start       ] GC(579) Pause Cleanup
[13,793s][info][gc             ] GC(579) Pause Cleanup 1473M->1473M(2048M) 0,572ms
[13,793s][info][gc,cpu         ] GC(579) User=0,00s Sys=0,00s Real=0,00s
[13,793s][info][gc,marking     ] GC(579) Concurrent Clear Claimed Marks
[13,793s][info][gc,marking     ] GC(579) Concurrent Clear Claimed Marks 0,018ms
[13,793s][info][gc,marking     ] GC(579) Concurrent Cleanup for Next Mark
[13,795s][info][gc,marking     ] GC(579) Concurrent Cleanup for Next Mark 1,698ms
[13,795s][info][gc             ] GC(579) Concurrent Mark Cycle 8,017ms
[13,797s][info][gc,start       ] GC(580) Pause Young (Prepare Mixed) (G1 Evacuation Pause)
[13,797s][info][gc,task        ] GC(580) Using 18 workers of 18 for evacuation
[13,807s][info][gc,phases      ] GC(580)   Pre Evacuate Collection Set: 0,2ms
[13,807s][info][gc,phases      ] GC(580)   Merge Heap Roots: 0,1ms
[13,807s][info][gc,phases      ] GC(580)   Evacuate Collection Set: 9,3ms
[13,807s][info][gc,phases      ] GC(580)   Post Evacuate Collection Set: 0,3ms
[13,807s][info][gc,phases      ] GC(580)   Other: 0,1ms
[13,807s][info][gc,heap        ] GC(580) Eden regions: 43->0(108)
[13,807s][info][gc,heap        ] GC(580) Survivor regions: 8->7(7)
[13,807s][info][gc,heap        ] GC(580) Old regions: 703->746
[13,807s][info][gc,heap        ] GC(580) Humongous regions: 0->0
[13,807s][info][gc,metaspace   ] GC(580) Metaspace: 82K(320K)->82K(320K) NonClass: 78K(192K)->78K(192K) Class: 3K(128K)->3K(128K)
[13,807s][info][gc             ] GC(580) Pause Young (Prepare Mixed) (G1 Evacuation Pause) 1506M->1505M(2048M) 10,258ms
[13,807s][info][gc,cpu         ] GC(580) User=0,16s Sys=0,00s Real=0,01s
[13,821s][info][gc,start       ] GC(581) Pause Young (Mixed) (G1 Evacuation Pause)
[13,821s][info][gc,task        ] GC(581) Using 18 workers of 18 for evacuation
[13,850s][info][gc,phases      ] GC(581)   Pre Evacuate Collection Set: 0,2ms
[13,850s][info][gc,phases      ] GC(581)   Merge Heap Roots: 0,1ms
[13,850s][info][gc,phases      ] GC(581)   Evacuate Collection Set: 28,6ms
[13,850s][info][gc,phases      ] GC(581)   Post Evacuate Collection Set: 0,4ms
[13,850s][info][gc,phases      ] GC(581)   Other: 0,1ms
[13,850s][info][gc,heap        ] GC(581) Eden regions: 108->0(81)
[13,850s][info][gc,heap        ] GC(581) Survivor regions: 7->15(15)
[13,850s][info][gc,heap        ] GC(581) Old regions: 746->792
[13,850s][info][gc,heap        ] GC(581) Humongous regions: 0->0
[13,850s][info][gc,metaspace   ] GC(581) Metaspace: 82K(320K)->82K(320K) NonClass: 78K(192K)->78K(192K) Class: 3K(128K)->3K(128K)
[13,850s][info][gc             ] GC(581) Pause Young (Mixed) (G1 Evacuation Pause) (Evacuation Failure) 1721M->1614M(2048M) 29,592ms
[13,850s][info][gc,cpu         ] GC(581) User=0,50s Sys=0,01s Real=0,03s
[13,862s][info][gc,start       ] GC(582) Pause Young (Mixed) (G1 Evacuation Pause)
[13,862s][info][gc,task        ] GC(582) Using 18 workers of 18 for evacuation
[13,886s][info][gc,phases      ] GC(582)   Pre Evacuate Collection Set: 0,2ms
[13,886s][info][gc,phases      ] GC(582)   Merge Heap Roots: 0,1ms
[13,886s][info][gc,phases      ] GC(582)   Evacuate Collection Set: 23,7ms
[13,886s][info][gc,phases      ] GC(582)   Post Evacuate Collection Set: 0,4ms
[13,886s][info][gc,phases      ] GC(582)   Other: 0,1ms
[13,886s][info][gc,heap        ] GC(582) Eden regions: 81->0(72)
[13,886s][info][gc,heap        ] GC(582) Survivor regions: 15->12(12)
[13,886s][info][gc,heap        ] GC(582) Old regions: 792->819
[13,886s][info][gc,heap        ] GC(582) Humongous regions: 0->0
[13,886s][info][gc,metaspace   ] GC(582) Metaspace: 82K(320K)->82K(320K) NonClass: 78K(192K)->78K(192K) Class: 3K(128K)->3K(128K)
[13,886s][info][gc             ] GC(582) Pause Young (Mixed) (G1 Evacuation Pause) (Evacuation Failure) 1775M->1662M(2048M) 24,747ms
[13,886s][info][gc,cpu         ] GC(582) User=0,42s Sys=0,00s Real=0,03s
[13,896s][info][gc,start       ] GC(583) Pause Young (Mixed) (G1 Evacuation Pause)
[13,896s][info][gc,task        ] GC(583) Using 18 workers of 18 for evacuation
[13,917s][info][gc,phases      ] GC(583)   Pre Evacuate Collection Set: 0,2ms
[13,917s][info][gc,phases      ] GC(583)   Merge Heap Roots: 0,1ms
[13,917s][info][gc,phases      ] GC(583)   Evacuate Collection Set: 20,8ms
[13,917s][info][gc,phases      ] GC(583)   Post Evacuate Collection Set: 0,3ms
[13,917s][info][gc,phases      ] GC(583)   Other: 0,1ms
[13,917s][info][gc,heap        ] GC(583) Eden regions: 72->0(62)
[13,917s][info][gc,heap        ] GC(583) Survivor regions: 12->11(11)
[13,917s][info][gc,heap        ] GC(583) Old regions: 819->846
[13,917s][info][gc,heap        ] GC(583) Humongous regions: 0->0
[13,917s][info][gc,metaspace   ] GC(583) Metaspace: 82K(320K)->82K(320K) NonClass: 78K(192K)->78K(192K) Class: 3K(128K)->3K(128K)
[13,917s][info][gc             ] GC(583) Pause Young (Mixed) (G1 Evacuation Pause) (Evacuation Failure) 1805M->1714M(2048M) 21,726ms
[13,917s][info][gc,cpu         ] GC(583) User=0,37s Sys=0,00s Real=0,02s
[13,925s][info][gc,start       ] GC(584) Pause Young (Mixed) (G1 Evacuation Pause)
[13,925s][info][gc,task        ] GC(584) Using 18 workers of 18 for evacuation
[13,944s][info][gc,phases      ] GC(584)   Pre Evacuate Collection Set: 0,3ms
[13,944s][info][gc,phases      ] GC(584)   Merge Heap Roots: 0,1ms
[13,944s][info][gc,phases      ] GC(584)   Evacuate Collection Set: 18,0ms
[13,944s][info][gc,phases      ] GC(584)   Post Evacuate Collection Set: 0,4ms
[13,944s][info][gc,phases      ] GC(584)   Other: 0,1ms
[13,944s][info][gc,heap        ] GC(584) Eden regions: 62->0(54)
[13,944s][info][gc,heap        ] GC(584) Survivor regions: 11->10(10)
[13,944s][info][gc,heap        ] GC(584) Old regions: 846->875
[13,944s][info][gc,heap        ] GC(584) Humongous regions: 0->0
[13,944s][info][gc,metaspace   ] GC(584) Metaspace: 82K(320K)->82K(320K) NonClass: 78K(192K)->78K(192K) Class: 3K(128K)->3K(128K)
[13,944s][info][gc             ] GC(584) Pause Young (Mixed) (G1 Evacuation Pause) (Evacuation Failure) 1837M->1770M(2048M) 19,070ms
[13,944s][info][gc,cpu         ] GC(584) User=0,33s Sys=0,01s Real=0,01s
[13,951s][info][gc,start       ] GC(585) Pause Young (Mixed) (G1 Evacuation Pause)
[13,951s][info][gc,task        ] GC(585) Using 18 workers of 18 for evacuation
[13,965s][info][gc,phases      ] GC(585)   Pre Evacuate Collection Set: 0,2ms
[13,965s][info][gc,phases      ] GC(585)   Merge Heap Roots: 0,1ms
[13,965s][info][gc,phases      ] GC(585)   Evacuate Collection Set: 13,6ms
[13,965s][info][gc,phases      ] GC(585)   Post Evacuate Collection Set: 0,2ms
[13,965s][info][gc,phases      ] GC(585)   Other: 0,1ms
[13,965s][info][gc,heap        ] GC(585) Eden regions: 54->0(43)
[13,965s][info][gc,heap        ] GC(585) Survivor regions: 10->8(8)
[13,965s][info][gc,heap        ] GC(585) Old regions: 875->909
[13,965s][info][gc,heap        ] GC(585) Humongous regions: 0->0
[13,965s][info][gc,metaspace   ] GC(585) Metaspace: 82K(320K)->82K(320K) NonClass: 78K(192K)->78K(192K) Class: 3K(128K)->3K(128K)
[13,965s][info][gc             ] GC(585) Pause Young (Mixed) (G1 Evacuation Pause) 1877M->1833M(2048M) 14,325ms
[13,965s][info][gc,cpu         ] GC(585) User=0,25s Sys=0,00s Real=0,02s
[13,970s][info][gc,start       ] GC(586) Pause Young (Concurrent Start) (G1 Evacuation Pause)
[13,971s][info][gc,task        ] GC(586) Using 18 workers of 18 for evacuation
[13,980s][info][gc,phases      ] GC(586)   Pre Evacuate Collection Set: 0,3ms
[13,980s][info][gc,phases      ] GC(586)   Merge Heap Roots: 0,1ms
[13,980s][info][gc,phases      ] GC(586)   Evacuate Collection Set: 9,2ms
[13,980s][info][gc,phases      ] GC(586)   Post Evacuate Collection Set: 0,2ms
[13,980s][info][gc,phases      ] GC(586)   Other: 0,1ms
[13,980s][info][gc,heap        ] GC(586) Eden regions: 43->0(44)
[13,980s][info][gc,heap        ] GC(586) Survivor regions: 8->7(7)
[13,980s][info][gc,heap        ] GC(586) Old regions: 909->953
[13,980s][info][gc,heap        ] GC(586) Humongous regions: 0->0
[13,980s][info][gc,metaspace   ] GC(586) Metaspace: 82K(320K)->82K(320K) NonClass: 78K(192K)->78K(192K) Class: 3K(128K)->3K(128K)
[13,980s][info][gc             ] GC(586) Pause Young (Concurrent Start) (G1 Evacuation Pause) 1919M->1919M(2048M) 9,967ms
[13,980s][info][gc,cpu         ] GC(586) User=0,16s Sys=0,00s Real=0,01s
[13,980s][info][gc             ] GC(587) Concurrent Mark Cycle
[13,980s][info][gc,marking     ] GC(587) Concurrent Scan Root Regions
[13,981s][info][gc,marking     ] GC(587) Concurrent Scan Root Regions 0,040ms
[13,981s][info][gc,marking     ] GC(587) Concurrent Mark
[13,981s][info][gc,marking     ] GC(587) Concurrent Mark From Roots
[13,981s][info][gc,task        ] GC(587) Using 5 workers of 5 for marking
[13,983s][info][gc,marking     ] GC(587) Concurrent Mark From Roots 2,060ms
[13,983s][info][gc,marking     ] GC(587) Concurrent Preclean
[13,983s][info][gc,marking     ] GC(587) Concurrent Preclean 0,011ms
[13,983s][info][gc,start       ] GC(587) Pause Remark
[13,983s][info][gc             ] GC(587) Pause Remark 1938M->1542M(2048M) 0,603ms
[13,983s][info][gc,cpu         ] GC(587) User=0,00s Sys=0,00s Real=0,00s
[13,983s][info][gc,marking     ] GC(587) Concurrent Mark 2,830ms
[13,983s][info][gc,marking     ] GC(587) Concurrent Rebuild Remembered Sets and Scrub Regions
[13,985s][info][gc,marking     ] GC(587) Concurrent Rebuild Remembered Sets and Scrub Regions 1,508ms
[13,985s][info][gc,start       ] GC(587) Pause Cleanup
[13,986s][info][gc             ] GC(587) Pause Cleanup 1568M->1568M(2048M) 0,509ms
[13,986s][info][gc,cpu         ] GC(587) User=0,01s Sys=0,00s Real=0,00s
[13,986s][info][gc,marking     ] GC(587) Concurrent Clear Claimed Marks
[13,986s][info][gc,marking     ] GC(587) Concurrent Clear Claimed Marks 0,022ms
[13,986s][info][gc,marking     ] GC(587) Concurrent Cleanup for Next Mark
[13,987s][info][gc,marking     ] GC(587) Concurrent Cleanup for Next Mark 1,516ms
[13,987s][info][gc             ] GC(587) Concurrent Mark Cycle 6,775ms
[13,989s][info][gc,start       ] GC(588) Pause Young (Prepare Mixed) (G1 Evacuation Pause)
[13,989s][info][gc,task        ] GC(588) Using 18 workers of 18 for evacuation
[13,999s][info][gc,phases      ] GC(588)   Pre Evacuate Collection Set: 0,2ms
[13,999s][info][gc,phases      ] GC(588)   Merge Heap Roots: 0,0ms
[13,999s][info][gc,phases      ] GC(588)   Evacuate Collection Set: 9,2ms
[13,999s][info][gc,phases      ] GC(588)   Post Evacuate Collection Set: 0,3ms
[13,999s][info][gc,phases      ] GC(588)   Other: 0,1ms
[13,999s][info][gc,heap        ] GC(588) Eden regions: 44->0(84)
[13,999s][info][gc,heap        ] GC(588) Survivor regions: 7->7(7)
[13,999s][info][gc,heap        ] GC(588) Old regions: 755->799
[13,999s][info][gc,heap        ] GC(588) Humongous regions: 0->0
[13,999s][info][gc,metaspace   ] GC(588) Metaspace: 82K(320K)->82K(320K) NonClass: 78K(192K)->78K(192K) Class: 3K(128K)->3K(128K)
[13,999s][info][gc             ] GC(588) Pause Young (Prepare Mixed) (G1 Evacuation Pause) 1610M->1610M(2048M) 9,964ms
[13,999s][info][gc,cpu         ] GC(588) User=0,16s Sys=0,00s Real=0,01s
[14,009s][info][gc,start       ] GC(589) Pause Young (Mixed) (G1 Evacuation Pause)
[14,009s][info][gc,task        ] GC(589) Using 18 workers of 18 for evacuation
[14,031s][info][gc,phases      ] GC(589)   Pre Evacuate Collection Set: 0,3ms
[14,031s][info][gc,phases      ] GC(589)   Merge Heap Roots: 0,1ms
[14,031s][info][gc,phases      ] GC(589)   Evacuate Collection Set: 21,2ms
[14,031s][info][gc,phases      ] GC(589)   Post Evacuate Collection Set: 0,3ms
[14,031s][info][gc,phases      ] GC(589)   Other: 0,1ms
[14,031s][info][gc,heap        ] GC(589) Eden regions: 84->0(76)
[14,031s][info][gc,heap        ] GC(589) Survivor regions: 7->12(12)
[14,031s][info][gc,heap        ] GC(589) Old regions: 799->807
[14,031s][info][gc,heap        ] GC(589) Humongous regions: 0->0
[14,031s][info][gc,metaspace   ] GC(589) Metaspace: 82K(320K)->82K(320K) NonClass: 78K(192K)->78K(192K) Class: 3K(128K)->3K(128K)
[14,031s][info][gc             ] GC(589) Pause Young (Mixed) (G1 Evacuation Pause) 1778M->1637M(2048M) 22,154ms
[14,031s][info][gc,cpu         ] GC(589) User=0,37s Sys=0,01s Real=0,02s
[14,040s][info][gc,start       ] GC(590) Pause Young (Mixed) (G1 Evacuation Pause)
[14,041s][info][gc,task        ] GC(590) Using 18 workers of 18 for evacuation
[14,064s][info][gc,phases      ] GC(590)   Pre Evacuate Collection Set: 0,2ms
[14,064s][info][gc,phases      ] GC(590)   Merge Heap Roots: 0,1ms
[14,064s][info][gc,phases      ] GC(590)   Evacuate Collection Set: 22,4ms
[14,064s][info][gc,phases      ] GC(590)   Post Evacuate Collection Set: 0,4ms
[14,064s][info][gc,phases      ] GC(590)   Other: 0,1ms
[14,064s][info][gc,heap        ] GC(590) Eden regions: 76->0(65)
[14,064s][info][gc,heap        ] GC(590) Survivor regions: 12->11(11)
[14,064s][info][gc,heap        ] GC(590) Old regions: 807->839
[14,064s][info][gc,heap        ] GC(590) Humongous regions: 0->0
[14,064s][info][gc,metaspace   ] GC(590) Metaspace: 82K(320K)->82K(320K) NonClass: 78K(192K)->78K(192K) Class: 3K(128K)->3K(128K)
[14,064s][info][gc             ] GC(590) Pause Young (Mixed) (G1 Evacuation Pause) (Evacuation Failure) 1788M->1700M(2048M) 23,278ms
[14,064s][info][gc,cpu         ] GC(590) User=0,41s Sys=0,00s Real=0,02s
[14,072s][info][gc,start       ] GC(591) Pause Young (Mixed) (G1 Evacuation Pause)
[14,072s][info][gc,task        ] GC(591) Using 18 workers of 18 for evacuation
[14,091s][info][gc,phases      ] GC(591)   Pre Evacuate Collection Set: 0,3ms
[14,091s][info][gc,phases      ] GC(591)   Merge Heap Roots: 0,1ms
[14,091s][info][gc,phases      ] GC(591)   Evacuate Collection Set: 18,9ms
[14,091s][info][gc,phases      ] GC(591)   Post Evacuate Collection Set: 0,3ms
[14,091s][info][gc,phases      ] GC(591)   Other: 0,1ms
[14,092s][info][gc,heap        ] GC(591) Eden regions: 65->0(61)
[14,092s][info][gc,heap        ] GC(591) Survivor regions: 11->10(10)
[14,092s][info][gc,heap        ] GC(591) Old regions: 839->853
[14,092s][info][gc,heap        ] GC(591) Humongous regions: 0->0
[14,092s][info][gc,metaspace   ] GC(591) Metaspace: 82K(320K)->82K(320K) NonClass: 78K(192K)->78K(192K) Class: 3K(128K)->3K(128K)
[14,092s][info][gc             ] GC(591) Pause Young (Mixed) (G1 Evacuation Pause) (Evacuation Failure) 1829M->1726M(2048M) 19,883ms
[14,092s][info][gc,cpu         ] GC(591) User=0,34s Sys=0,01s Real=0,02s
[14,099s][info][gc,start       ] GC(592) Pause Young (Mixed) (G1 Evacuation Pause)
[14,099s][info][gc,task        ] GC(592) Using 18 workers of 18 for evacuation
[14,117s][info][gc,phases      ] GC(592)   Pre Evacuate Collection Set: 0,2ms
[14,117s][info][gc,phases      ] GC(592)   Merge Heap Roots: 0,1ms
[14,117s][info][gc,phases      ] GC(592)   Evacuate Collection Set: 17,3ms
[14,117s][info][gc,phases      ] GC(592)   Post Evacuate Collection Set: 0,4ms
[14,117s][info][gc,phases      ] GC(592)   Other: 0,1ms
[14,117s][info][gc,heap        ] GC(592) Eden regions: 61->0(54)
[14,117s][info][gc,heap        ] GC(592) Survivor regions: 10->9(9)
[14,117s][info][gc,heap        ] GC(592) Old regions: 853->882
[14,117s][info][gc,heap        ] GC(592) Humongous regions: 0->0
[14,117s][info][gc,metaspace   ] GC(592) Metaspace: 82K(320K)->82K(320K) NonClass: 78K(192K)->78K(192K) Class: 3K(128K)->3K(128K)
[14,117s][info][gc             ] GC(592) Pause Young (Mixed) (G1 Evacuation Pause) (Evacuation Failure) 1847M->1782M(2048M) 18,361ms
[14,117s][info][gc,cpu         ] GC(592) User=0,31s Sys=0,00s Real=0,02s
[14,124s][info][gc,start       ] GC(593) Pause Young (Mixed) (G1 Evacuation Pause)
[14,124s][info][gc,task        ] GC(593) Using 18 workers of 18 for evacuation
[14,138s][info][gc,phases      ] GC(593)   Pre Evacuate Collection Set: 0,2ms
[14,138s][info][gc,phases      ] GC(593)   Merge Heap Roots: 0,1ms
[14,138s][info][gc,phases      ] GC(593)   Evacuate Collection Set: 13,6ms
[14,138s][info][gc,phases      ] GC(593)   Post Evacuate Collection Set: 0,3ms
[14,138s][info][gc,phases      ] GC(593)   Other: 0,1ms
[14,138s][info][gc,heap        ] GC(593) Eden regions: 54->0(61)
[14,138s][info][gc,heap        ] GC(593) Survivor regions: 9->8(8)
[14,138s][info][gc,heap        ] GC(593) Old regions: 882->858
[14,138s][info][gc,heap        ] GC(593) Humongous regions: 0->0
[14,138s][info][gc,metaspace   ] GC(593) Metaspace: 82K(320K)->82K(320K) NonClass: 78K(192K)->78K(192K) Class: 3K(128K)->3K(128K)
[14,138s][info][gc             ] GC(593) Pause Young (Mixed) (G1 Evacuation Pause) 1889M->1731M(2048M) 14,483ms
[14,138s][info][gc,cpu         ] GC(593) User=0,24s Sys=0,00s Real=0,02s
[14,146s][info][gc,start       ] GC(594) Pause Young (Concurrent Start) (G1 Evacuation Pause)
[14,146s][info][gc,task        ] GC(594) Using 18 workers of 18 for evacuation
[14,158s][info][gc,phases      ] GC(594)   Pre Evacuate Collection Set: 0,2ms
[14,159s][info][gc,phases      ] GC(594)   Merge Heap Roots: 0,1ms
[14,159s][info][gc,phases      ] GC(594)   Evacuate Collection Set: 12,0ms
[14,159s][info][gc,phases      ] GC(594)   Post Evacuate Collection Set: 0,2ms
[14,159s][info][gc,phases      ] GC(594)   Other: 0,1ms
[14,159s][info][gc,heap        ] GC(594) Eden regions: 61->0(42)
[14,159s][info][gc,heap        ] GC(594) Survivor regions: 8->9(9)
[14,159s][info][gc,heap        ] GC(594) Old regions: 858->918
[14,159s][info][gc,heap        ] GC(594) Humongous regions: 0->0
[14,159s][info][gc,metaspace   ] GC(594) Metaspace: 82K(320K)->82K(320K) NonClass: 78K(192K)->78K(192K) Class: 3K(128K)->3K(128K)
[14,159s][info][gc             ] GC(594) Pause Young (Concurrent Start) (G1 Evacuation Pause) 1852M->1852M(2048M) 12,809ms
[14,159s][info][gc             ] GC(595) Concurrent Mark Cycle
[14,159s][info][gc,marking     ] GC(595) Concurrent Scan Root Regions
[14,159s][info][gc,cpu         ] GC(594) User=0,21s Sys=0,00s Real=0,01s
[14,159s][info][gc,marking     ] GC(595) Concurrent Scan Root Regions 0,039ms
[14,159s][info][gc,marking     ] GC(595) Concurrent Mark
[14,159s][info][gc,marking     ] GC(595) Concurrent Mark From Roots
[14,159s][info][gc,task        ] GC(595) Using 5 workers of 5 for marking
[14,162s][info][gc,marking     ] GC(595) Concurrent Mark From Roots 3,087ms
[14,162s][info][gc,marking     ] GC(595) Concurrent Preclean
[14,162s][info][gc,marking     ] GC(595) Concurrent Preclean 0,013ms
[14,162s][info][gc,start       ] GC(595) Pause Remark
[14,163s][info][gc             ] GC(595) Pause Remark 1880M->1490M(2048M) 0,590ms
[14,163s][info][gc,cpu         ] GC(595) User=0,00s Sys=0,00s Real=0,00s
[14,163s][info][gc,marking     ] GC(595) Concurrent Mark 3,931ms
[14,163s][info][gc,marking     ] GC(595) Concurrent Rebuild Remembered Sets and Scrub Regions
[14,164s][info][gc,marking     ] GC(595) Concurrent Rebuild Remembered Sets and Scrub Regions 1,260ms
[14,164s][info][gc,start       ] GC(595) Pause Cleanup
[14,165s][info][gc             ] GC(595) Pause Cleanup 1511M->1511M(2048M) 0,530ms
[14,165s][info][gc,cpu         ] GC(595) User=0,00s Sys=0,00s Real=0,00s
[14,165s][info][gc,marking     ] GC(595) Concurrent Clear Claimed Marks
[14,165s][info][gc,marking     ] GC(595) Concurrent Clear Claimed Marks 0,034ms
[14,165s][info][gc,marking     ] GC(595) Concurrent Cleanup for Next Mark
[14,166s][info][gc,marking     ] GC(595) Concurrent Cleanup for Next Mark 1,514ms
[14,166s][info][gc             ] GC(595) Concurrent Mark Cycle 7,638ms
[14,168s][info][gc,start       ] GC(596) Pause Young (Prepare Mixed) (G1 Evacuation Pause)
[14,168s][info][gc,task        ] GC(596) Using 18 workers of 18 for evacuation
[14,178s][info][gc,phases      ] GC(596)   Pre Evacuate Collection Set: 0,2ms
[14,178s][info][gc,phases      ] GC(596)   Merge Heap Roots: 0,1ms
[14,178s][info][gc,phases      ] GC(596)   Evacuate Collection Set: 9,1ms
[14,178s][info][gc,phases      ] GC(596)   Post Evacuate Collection Set: 0,3ms
[14,178s][info][gc,phases      ] GC(596)   Other: 0,1ms
[14,178s][info][gc,heap        ] GC(596) Eden regions: 42->0(99)
[14,178s][info][gc,heap        ] GC(596) Survivor regions: 9->7(7)
[14,178s][info][gc,heap        ] GC(596) Old regions: 723->766
[14,178s][info][gc,heap        ] GC(596) Humongous regions: 0->0
[14,178s][info][gc,metaspace   ] GC(596) Metaspace: 82K(320K)->82K(320K) NonClass: 78K(192K)->78K(192K) Class: 3K(128K)->3K(128K)
[14,178s][info][gc             ] GC(596) Pause Young (Prepare Mixed) (G1 Evacuation Pause) 1546M->1545M(2048M) 10,082ms
[14,178s][info][gc,cpu         ] GC(596) User=0,16s Sys=0,00s Real=0,01s
[14,190s][info][gc,start       ] GC(597) Pause Young (Mixed) (G1 Evacuation Pause)
[14,190s][info][gc,task        ] GC(597) Using 18 workers of 18 for evacuation
[14,213s][info][gc,phases      ] GC(597)   Pre Evacuate Collection Set: 0,3ms
[14,213s][info][gc,phases      ] GC(597)   Merge Heap Roots: 0,1ms
[14,213s][info][gc,phases      ] GC(597)   Evacuate Collection Set: 21,9ms
[14,213s][info][gc,phases      ] GC(597)   Post Evacuate Collection Set: 0,3ms
[14,213s][info][gc,phases      ] GC(597)   Other: 0,1ms
[14,213s][info][gc,heap        ] GC(597) Eden regions: 99->0(88)
[14,213s][info][gc,heap        ] GC(597) Survivor regions: 7->14(14)
[14,213s][info][gc,heap        ] GC(597) Old regions: 766->776
[14,213s][info][gc,heap        ] GC(597) Humongous regions: 0->0
[14,213s][info][gc,metaspace   ] GC(597) Metaspace: 82K(320K)->82K(320K) NonClass: 78K(192K)->78K(192K) Class: 3K(128K)->3K(128K)
[14,213s][info][gc             ] GC(597) Pause Young (Mixed) (G1 Evacuation Pause) 1743M->1578M(2048M) 22,926ms
[14,213s][info][gc,cpu         ] GC(597) User=0,39s Sys=0,01s Real=0,02s
[14,224s][info][gc,start       ] GC(598) Pause Young (Mixed) (G1 Evacuation Pause)
[14,224s][info][gc,task        ] GC(598) Using 18 workers of 18 for evacuation
[14,248s][info][gc,phases      ] GC(598)   Pre Evacuate Collection Set: 0,3ms
[14,248s][info][gc,phases      ] GC(598)   Merge Heap Roots: 0,1ms
[14,248s][info][gc,phases      ] GC(598)   Evacuate Collection Set: 23,7ms
[14,248s][info][gc,phases      ] GC(598)   Post Evacuate Collection Set: 0,3ms
[14,248s][info][gc,phases      ] GC(598)   Other: 0,1ms
[14,248s][info][gc,heap        ] GC(598) Eden regions: 88->0(79)
[14,248s][info][gc,heap        ] GC(598) Survivor regions: 14->13(13)
[14,248s][info][gc,heap        ] GC(598) Old regions: 776->797
[14,248s][info][gc,heap        ] GC(598) Humongous regions: 0->0
[14,248s][info][gc,metaspace   ] GC(598) Metaspace: 82K(320K)->82K(320K) NonClass: 78K(192K)->78K(192K) Class: 3K(128K)->3K(128K)
[14,248s][info][gc             ] GC(598) Pause Young (Mixed) (G1 Evacuation Pause) 1754M->1619M(2048M) 24,757ms
[14,248s][info][gc,cpu         ] GC(598) User=0,42s Sys=0,00s Real=0,03s
[14,258s][info][gc,start       ] GC(599) Pause Young (Mixed) (G1 Evacuation Pause)
[14,258s][info][gc,task        ] GC(599) Using 18 workers of 18 for evacuation
[14,282s][info][gc,phases      ] GC(599)   Pre Evacuate Collection Set: 0,3ms
[14,282s][info][gc,phases      ] GC(599)   Merge Heap Roots: 0,1ms
[14,282s][info][gc,phases      ] GC(599)   Evacuate Collection Set: 23,1ms
[14,282s][info][gc,phases      ] GC(599)   Post Evacuate Collection Set: 0,3ms
[14,282s][info][gc,phases      ] GC(599)   Other: 0,1ms
[14,282s][info][gc,heap        ] GC(599) Eden regions: 79->0(70)
[14,282s][info][gc,heap        ] GC(599) Survivor regions: 13->12(12)
[14,282s][info][gc,heap        ] GC(599) Old regions: 797->822
[14,282s][info][gc,heap        ] GC(599) Humongous regions: 0->0
[14,282s][info][gc,metaspace   ] GC(599) Metaspace: 82K(320K)->82K(320K) NonClass: 78K(192K)->78K(192K) Class: 3K(128K)->3K(128K)
[14,282s][info][gc             ] GC(599) Pause Young (Mixed) (G1 Evacuation Pause) (Evacuation Failure) 1777M->1668M(2048M) 24,074ms
[14,282s][info][gc,cpu         ] GC(599) User=0,42s Sys=0,00s Real=0,02s
[14,291s][info][gc,start       ] GC(600) Pause Young (Mixed) (G1 Evacuation Pause)
[14,291s][info][gc,task        ] GC(600) Using 18 workers of 18 for evacuation
[14,311s][info][gc,phases      ] GC(600)   Pre Evacuate Collection Set: 0,3ms
[14,311s][info][gc,phases      ] GC(600)   Merge Heap Roots: 0,1ms
[14,311s][info][gc,phases      ] GC(600)   Evacuate Collection Set: 19,6ms
[14,311s][info][gc,phases      ] GC(600)   Post Evacuate Collection Set: 0,3ms
[14,311s][info][gc,phases      ] GC(600)   Other: 0,1ms
[14,311s][info][gc,heap        ] GC(600) Eden regions: 70->0(70)
[14,311s][info][gc,heap        ] GC(600) Survivor regions: 12->11(11)
[14,311s][info][gc,heap        ] GC(600) Old regions: 822->822
[14,311s][info][gc,heap        ] GC(600) Humongous regions: 0->0
[14,311s][info][gc,metaspace   ] GC(600) Metaspace: 82K(320K)->82K(320K) NonClass: 78K(192K)->78K(192K) Class: 3K(128K)->3K(128K)
[14,311s][info][gc             ] GC(600) Pause Young (Mixed) (G1 Evacuation Pause) 1807M->1665M(2048M) 20,511ms
[14,311s][info][gc,cpu         ] GC(600) User=0,35s Sys=0,00s Real=0,02s
[14,320s][info][gc,start       ] GC(601) Pause Young (Mixed) (G1 Evacuation Pause)
[14,320s][info][gc,task        ] GC(601) Using 18 workers of 18 for evacuation
[14,341s][info][gc,phases      ] GC(601)   Pre Evacuate Collection Set: 0,2ms
[14,341s][info][gc,phases      ] GC(601)   Merge Heap Roots: 0,1ms
[14,341s][info][gc,phases      ] GC(601)   Evacuate Collection Set: 20,4ms
[14,341s][info][gc,phases      ] GC(601)   Post Evacuate Collection Set: 0,2ms
[14,341s][info][gc,phases      ] GC(601)   Other: 0,1ms
[14,341s][info][gc,heap        ] GC(601) Eden regions: 70->0(46)
[14,341s][info][gc,heap        ] GC(601) Survivor regions: 11->11(11)
[14,341s][info][gc,heap        ] GC(601) Old regions: 822->885
[14,341s][info][gc,heap        ] GC(601) Humongous regions: 0->0
[14,341s][info][gc,metaspace   ] GC(601) Metaspace: 82K(320K)->82K(320K) NonClass: 78K(192K)->78K(192K) Class: 3K(128K)->3K(128K)
[14,341s][info][gc             ] GC(601) Pause Young (Mixed) (G1 Evacuation Pause) 1804M->1790M(2048M) 21,172ms
[14,341s][info][gc,cpu         ] GC(601) User=0,37s Sys=0,00s Real=0,02s
[14,346s][info][gc,start       ] GC(602) Pause Young (Concurrent Start) (G1 Evacuation Pause)
[14,347s][info][gc,task        ] GC(602) Using 18 workers of 18 for evacuation
[14,357s][info][gc,phases      ] GC(602)   Pre Evacuate Collection Set: 0,3ms
[14,357s][info][gc,phases      ] GC(602)   Merge Heap Roots: 0,1ms
[14,357s][info][gc,phases      ] GC(602)   Evacuate Collection Set: 10,0ms
[14,357s][info][gc,phases      ] GC(602)   Post Evacuate Collection Set: 0,2ms
[14,357s][info][gc,phases      ] GC(602)   Other: 0,1ms
[14,357s][info][gc,heap        ] GC(602) Eden regions: 46->0(43)
[14,357s][info][gc,heap        ] GC(602) Survivor regions: 11->8(8)
[14,357s][info][gc,heap        ] GC(602) Old regions: 885->933
[14,357s][info][gc,heap        ] GC(602) Humongous regions: 0->0
[14,357s][info][gc,metaspace   ] GC(602) Metaspace: 82K(320K)->82K(320K) NonClass: 78K(192K)->78K(192K) Class: 3K(128K)->3K(128K)
[14,357s][info][gc             ] GC(602) Pause Young (Concurrent Start) (G1 Evacuation Pause) 1882M->1881M(2048M) 10,830ms
[14,357s][info][gc,cpu         ] GC(602) User=0,18s Sys=0,00s Real=0,01s
[14,357s][info][gc             ] GC(603) Concurrent Mark Cycle
[14,357s][info][gc,marking     ] GC(603) Concurrent Scan Root Regions
[14,357s][info][gc,marking     ] GC(603) Concurrent Scan Root Regions 0,052ms
[14,357s][info][gc,marking     ] GC(603) Concurrent Mark
[14,357s][info][gc,marking     ] GC(603) Concurrent Mark From Roots
[14,357s][info][gc,task        ] GC(603) Using 5 workers of 5 for marking
[14,360s][info][gc,marking     ] GC(603) Concurrent Mark From Roots 2,715ms
[14,360s][info][gc,marking     ] GC(603) Concurrent Preclean
[14,360s][info][gc,marking     ] GC(603) Concurrent Preclean 0,015ms
[14,360s][info][gc,start       ] GC(603) Pause Remark
[14,361s][info][gc             ] GC(603) Pause Remark 1907M->1427M(2048M) 0,699ms
[14,361s][info][gc,cpu         ] GC(603) User=0,00s Sys=0,00s Real=0,00s
[14,361s][info][gc,marking     ] GC(603) Concurrent Mark 3,707ms
[14,361s][info][gc,marking     ] GC(603) Concurrent Rebuild Remembered Sets and Scrub Regions
[14,362s][info][gc,marking     ] GC(603) Concurrent Rebuild Remembered Sets and Scrub Regions 1,156ms
[14,362s][info][gc,start       ] GC(603) Pause Cleanup
[14,363s][info][gc             ] GC(603) Pause Cleanup 1447M->1447M(2048M) 0,682ms
[14,363s][info][gc,cpu         ] GC(603) User=0,00s Sys=0,00s Real=0,00s
[14,363s][info][gc,marking     ] GC(603) Concurrent Clear Claimed Marks
[14,363s][info][gc,marking     ] GC(603) Concurrent Clear Claimed Marks 0,018ms
[14,363s][info][gc,marking     ] GC(603) Concurrent Cleanup for Next Mark
[14,365s][info][gc,marking     ] GC(603) Concurrent Cleanup for Next Mark 1,468ms
[14,365s][info][gc             ] GC(603) Concurrent Mark Cycle 7,473ms
[14,366s][info][gc,start       ] GC(604) Pause Young (Prepare Mixed) (G1 Evacuation Pause)
[14,366s][info][gc,task        ] GC(604) Using 18 workers of 18 for evacuation
[14,376s][info][gc,phases      ] GC(604)   Pre Evacuate Collection Set: 0,2ms
[14,376s][info][gc,phases      ] GC(604)   Merge Heap Roots: 0,1ms
[14,376s][info][gc,phases      ] GC(604)   Evacuate Collection Set: 9,2ms
[14,376s][info][gc,phases      ] GC(604)   Post Evacuate Collection Set: 0,3ms
[14,376s][info][gc,phases      ] GC(604)   Other: 0,1ms
[14,376s][info][gc,heap        ] GC(604) Eden regions: 43->0(111)
[14,376s][info][gc,heap        ] GC(604) Survivor regions: 8->7(7)
[14,376s][info][gc,heap        ] GC(604) Old regions: 693->737
[14,376s][info][gc,heap        ] GC(604) Humongous regions: 0->0
[14,377s][info][gc,metaspace   ] GC(604) Metaspace: 82K(320K)->82K(320K) NonClass: 78K(192K)->78K(192K) Class: 3K(128K)->3K(128K)
[14,377s][info][gc             ] GC(604) Pause Young (Prepare Mixed) (G1 Evacuation Pause) 1487M->1487M(2048M) 10,115ms
[14,377s][info][gc,cpu         ] GC(604) User=0,16s Sys=0,00s Real=0,01s
[14,391s][info][gc,start       ] GC(605) Pause Young (Mixed) (G1 Evacuation Pause)
[14,391s][info][gc,task        ] GC(605) Using 18 workers of 18 for evacuation
[14,419s][info][gc,phases      ] GC(605)   Pre Evacuate Collection Set: 0,3ms
[14,419s][info][gc,phases      ] GC(605)   Merge Heap Roots: 0,1ms
[14,419s][info][gc,phases      ] GC(605)   Evacuate Collection Set: 27,0ms
[14,419s][info][gc,phases      ] GC(605)   Post Evacuate Collection Set: 0,3ms
[14,419s][info][gc,phases      ] GC(605)   Other: 0,1ms
[14,419s][info][gc,heap        ] GC(605) Eden regions: 111->0(87)
[14,419s][info][gc,heap        ] GC(605) Survivor regions: 7->15(15)
[14,419s][info][gc,heap        ] GC(605) Old regions: 737->777
[14,419s][info][gc,heap        ] GC(605) Humongous regions: 0->0
[14,419s][info][gc,metaspace   ] GC(605) Metaspace: 82K(320K)->82K(320K) NonClass: 78K(192K)->78K(192K) Class: 3K(128K)->3K(128K)
[14,419s][info][gc             ] GC(605) Pause Young (Mixed) (G1 Evacuation Pause) 1708M->1583M(2048M) 28,008ms
[14,419s][info][gc,cpu         ] GC(605) User=0,48s Sys=0,01s Real=0,03s
[14,430s][info][gc,start       ] GC(606) Pause Young (Mixed) (G1 Evacuation Pause)
[14,430s][info][gc,task        ] GC(606) Using 18 workers of 18 for evacuation
[14,456s][info][gc,phases      ] GC(606)   Pre Evacuate Collection Set: 0,2ms
[14,456s][info][gc,phases      ] GC(606)   Merge Heap Roots: 0,1ms
[14,456s][info][gc,phases      ] GC(606)   Evacuate Collection Set: 24,9ms
[14,456s][info][gc,phases      ] GC(606)   Post Evacuate Collection Set: 0,5ms
[14,456s][info][gc,phases      ] GC(606)   Other: 0,1ms
[14,456s][info][gc,heap        ] GC(606) Eden regions: 87->0(66)
[14,456s][info][gc,heap        ] GC(606) Survivor regions: 15->13(13)
[14,456s][info][gc,heap        ] GC(606) Old regions: 777->839
[14,456s][info][gc,heap        ] GC(606) Humongous regions: 0->0
[14,456s][info][gc,metaspace   ] GC(606) Metaspace: 82K(320K)->82K(320K) NonClass: 78K(192K)->78K(192K) Class: 3K(128K)->3K(128K)
[14,456s][info][gc             ] GC(606) Pause Young (Mixed) (G1 Evacuation Pause) (Evacuation Failure) 1757M->1704M(2048M) 26,094ms
[14,456s][info][gc,cpu         ] GC(606) User=0,45s Sys=0,00s Real=0,03s
[14,464s][info][gc,start       ] GC(607) Pause Young (Mixed) (G1 Evacuation Pause)
[14,464s][info][gc,task        ] GC(607) Using 18 workers of 18 for evacuation
[14,484s][info][gc,phases      ] GC(607)   Pre Evacuate Collection Set: 0,3ms
[14,484s][info][gc,phases      ] GC(607)   Merge Heap Roots: 0,1ms
[14,484s][info][gc,phases      ] GC(607)   Evacuate Collection Set: 18,4ms
[14,484s][info][gc,phases      ] GC(607)   Post Evacuate Collection Set: 0,5ms
[14,484s][info][gc,phases      ] GC(607)   Other: 0,1ms
[14,484s][info][gc,heap        ] GC(607) Eden regions: 66->0(56)
[14,484s][info][gc,heap        ] GC(607) Survivor regions: 13->10(10)
[14,484s][info][gc,heap        ] GC(607) Old regions: 839->881
[14,484s][info][gc,heap        ] GC(607) Humongous regions: 0->0
[14,484s][info][gc,metaspace   ] GC(607) Metaspace: 82K(320K)->82K(320K) NonClass: 78K(192K)->78K(192K) Class: 3K(128K)->3K(128K)
[14,484s][info][gc             ] GC(607) Pause Young (Mixed) (G1 Evacuation Pause) (Evacuation Failure) 1835M->1782M(2048M) 19,759ms
[14,484s][info][gc,cpu         ] GC(607) User=0,33s Sys=0,00s Real=0,02s
[14,491s][info][gc,start       ] GC(608) Pause Young (Mixed) (G1 Evacuation Pause)
[14,491s][info][gc,task        ] GC(608) Using 18 workers of 18 for evacuation
[14,505s][info][gc,phases      ] GC(608)   Pre Evacuate Collection Set: 0,3ms
[14,505s][info][gc,phases      ] GC(608)   Merge Heap Roots: 0,1ms
[14,505s][info][gc,phases      ] GC(608)   Evacuate Collection Set: 13,4ms
[14,505s][info][gc,phases      ] GC(608)   Post Evacuate Collection Set: 0,5ms
[14,505s][info][gc,phases      ] GC(608)   Other: 0,1ms
[14,505s][info][gc,heap        ] GC(608) Eden regions: 56->0(57)
[14,505s][info][gc,heap        ] GC(608) Survivor regions: 10->9(9)
[14,505s][info][gc,heap        ] GC(608) Old regions: 881->889
[14,505s][info][gc,heap        ] GC(608) Humongous regions: 0->0
[14,505s][info][gc,metaspace   ] GC(608) Metaspace: 82K(320K)->82K(320K) NonClass: 78K(192K)->78K(192K) Class: 3K(128K)->3K(128K)
[14,505s][info][gc             ] GC(608) Pause Young (Mixed) (G1 Evacuation Pause) (Evacuation Failure) 1893M->1796M(2048M) 14,627ms
[14,505s][info][gc,cpu         ] GC(608) User=0,24s Sys=0,00s Real=0,02s
[14,512s][info][gc,start       ] GC(609) Pause Young (Mixed) (G1 Evacuation Pause)
[14,512s][info][gc,task        ] GC(609) Using 18 workers of 18 for evacuation
[14,525s][info][gc,phases      ] GC(609)   Pre Evacuate Collection Set: 0,2ms
[14,525s][info][gc,phases      ] GC(609)   Merge Heap Roots: 0,1ms
[14,525s][info][gc,phases      ] GC(609)   Evacuate Collection Set: 12,2ms
[14,525s][info][gc,phases      ] GC(609)   Post Evacuate Collection Set: 0,3ms
[14,525s][info][gc,phases      ] GC(609)   Other: 0,1ms
[14,525s][info][gc,heap        ] GC(609) Eden regions: 57->0(42)
[14,525s][info][gc,heap        ] GC(609) Survivor regions: 9->9(9)
[14,525s][info][gc,heap        ] GC(609) Old regions: 889->931
[14,525s][info][gc,heap        ] GC(609) Humongous regions: 0->0
[14,525s][info][gc,metaspace   ] GC(609) Metaspace: 82K(320K)->82K(320K) NonClass: 78K(192K)->78K(192K) Class: 3K(128K)->3K(128K)
[14,525s][info][gc             ] GC(609) Pause Young (Mixed) (G1 Evacuation Pause) (Evacuation Failure) 1909M->1880M(2048M) 13,174ms
[14,525s][info][gc,cpu         ] GC(609) User=0,22s Sys=0,00s Real=0,02s
[14,530s][info][gc,start       ] GC(610) Pause Young (Concurrent Start) (G1 Evacuation Pause)
[14,530s][info][gc,task        ] GC(610) Using 18 workers of 18 for evacuation
[14,539s][info][gc,phases      ] GC(610)   Pre Evacuate Collection Set: 0,3ms
[14,539s][info][gc,phases      ] GC(610)   Merge Heap Roots: 0,1ms
[14,539s][info][gc,phases      ] GC(610)   Evacuate Collection Set: 7,7ms
[14,539s][info][gc,phases      ] GC(610)   Post Evacuate Collection Set: 0,3ms
[14,539s][info][gc,phases      ] GC(610)   Other: 0,1ms
[14,539s][info][gc,heap        ] GC(610) Eden regions: 42->0(35)
[14,539s][info][gc,heap        ] GC(610) Survivor regions: 9->7(7)
[14,539s][info][gc,heap        ] GC(610) Old regions: 931->975
[14,539s][info][gc,heap        ] GC(610) Humongous regions: 0->0
[14,539s][info][gc,metaspace   ] GC(610) Metaspace: 82K(320K)->82K(320K) NonClass: 78K(192K)->78K(192K) Class: 3K(128K)->3K(128K)
[14,539s][info][gc             ] GC(610) Pause Young (Concurrent Start) (G1 Evacuation Pause) (Evacuation Failure) 1963M->1964M(2048M) 8,574ms
[14,539s][info][gc,cpu         ] GC(610) User=0,13s Sys=0,01s Real=0,01s
[14,539s][info][gc             ] GC(611) Concurrent Mark Cycle
[14,539s][info][gc,marking     ] GC(611) Concurrent Scan Root Regions
[14,539s][info][gc,marking     ] GC(611) Concurrent Scan Root Regions 0,034ms
[14,539s][info][gc,marking     ] GC(611) Concurrent Mark
[14,539s][info][gc,marking     ] GC(611) Concurrent Mark From Roots
[14,539s][info][gc,task        ] GC(611) Using 5 workers of 5 for marking
[14,542s][info][gc,marking     ] GC(611) Concurrent Mark From Roots 3,246ms
[14,542s][info][gc,marking     ] GC(611) Concurrent Preclean
[14,542s][info][gc,marking     ] GC(611) Concurrent Preclean 0,020ms
[14,542s][info][gc,start       ] GC(611) Pause Remark
[14,543s][info][gc             ] GC(611) Pause Remark 1994M->1428M(2048M) 0,852ms
[14,543s][info][gc,cpu         ] GC(611) User=0,00s Sys=0,00s Real=0,00s
[14,543s][info][gc,marking     ] GC(611) Concurrent Mark 4,400ms
[14,543s][info][gc,marking     ] GC(611) Concurrent Rebuild Remembered Sets and Scrub Regions
[14,545s][info][gc,marking     ] GC(611) Concurrent Rebuild Remembered Sets and Scrub Regions 1,201ms
[14,545s][info][gc,start       ] GC(611) Pause Cleanup
[14,546s][info][gc             ] GC(611) Pause Cleanup 1449M->1449M(2048M) 0,733ms
[14,546s][info][gc,cpu         ] GC(611) User=0,00s Sys=0,00s Real=0,01s
[14,546s][info][gc,marking     ] GC(611) Concurrent Clear Claimed Marks
[14,546s][info][gc,marking     ] GC(611) Concurrent Clear Claimed Marks 0,051ms
[14,546s][info][gc,marking     ] GC(611) Concurrent Cleanup for Next Mark
[14,547s][info][gc,marking     ] GC(611) Concurrent Cleanup for Next Mark 1,485ms
[14,547s][info][gc             ] GC(611) Concurrent Mark Cycle 8,329ms
[14,548s][info][gc,start       ] GC(612) Pause Young (Prepare Mixed) (G1 Evacuation Pause)
[14,548s][info][gc,task        ] GC(612) Using 18 workers of 18 for evacuation
[14,556s][info][gc,phases      ] GC(612)   Pre Evacuate Collection Set: 0,2ms
[14,556s][info][gc,phases      ] GC(612)   Merge Heap Roots: 0,1ms
[14,556s][info][gc,phases      ] GC(612)   Evacuate Collection Set: 7,7ms
[14,556s][info][gc,phases      ] GC(612)   Post Evacuate Collection Set: 0,3ms
[14,556s][info][gc,phases      ] GC(612)   Other: 0,1ms
[14,556s][info][gc,heap        ] GC(612) Eden regions: 35->0(120)
[14,556s][info][gc,heap        ] GC(612) Survivor regions: 7->6(6)
[14,556s][info][gc,heap        ] GC(612) Old regions: 692->728
[14,556s][info][gc,heap        ] GC(612) Humongous regions: 0->0
[14,556s][info][gc,metaspace   ] GC(612) Metaspace: 82K(320K)->82K(320K) NonClass: 78K(192K)->78K(192K) Class: 3K(128K)->3K(128K)
[14,556s][info][gc             ] GC(612) Pause Young (Prepare Mixed) (G1 Evacuation Pause) 1467M->1467M(2048M) 8,731ms
[14,556s][info][gc,cpu         ] GC(612) User=0,13s Sys=0,00s Real=0,01s
[14,571s][info][gc,start       ] GC(613) Pause Young (Mixed) (G1 Evacuation Pause)
[14,571s][info][gc,task        ] GC(613) Using 18 workers of 18 for evacuation
[14,601s][info][gc,phases      ] GC(613)   Pre Evacuate Collection Set: 0,3ms
[14,601s][info][gc,phases      ] GC(613)   Merge Heap Roots: 0,1ms
[14,601s][info][gc,phases      ] GC(613)   Evacuate Collection Set: 29,2ms
[14,601s][info][gc,phases      ] GC(613)   Post Evacuate Collection Set: 0,4ms
[14,601s][info][gc,phases      ] GC(613)   Other: 0,1ms
[14,601s][info][gc,heap        ] GC(613) Eden regions: 120->0(85)
[14,601s][info][gc,heap        ] GC(613) Survivor regions: 6->16(16)
[14,601s][info][gc,heap        ] GC(613) Old regions: 728->792
[14,601s][info][gc,heap        ] GC(613) Humongous regions: 0->0
[14,601s][info][gc,metaspace   ] GC(613) Metaspace: 82K(320K)->82K(320K) NonClass: 78K(192K)->78K(192K) Class: 3K(128K)->3K(128K)
[14,601s][info][gc             ] GC(613) Pause Young (Mixed) (G1 Evacuation Pause) (Evacuation Failure) 1706M->1616M(2048M) 30,316ms
[14,602s][info][gc,cpu         ] GC(613) User=0,52s Sys=0,00s Real=0,03s
[14,612s][info][gc,start       ] GC(614) Pause Young (Mixed) (G1 Evacuation Pause)
[14,612s][info][gc,task        ] GC(614) Using 18 workers of 18 for evacuation
[14,636s][info][gc,phases      ] GC(614)   Pre Evacuate Collection Set: 0,3ms
[14,636s][info][gc,phases      ] GC(614)   Merge Heap Roots: 0,1ms
[14,636s][info][gc,phases      ] GC(614)   Evacuate Collection Set: 22,6ms
[14,636s][info][gc,phases      ] GC(614)   Post Evacuate Collection Set: 0,4ms
[14,636s][info][gc,phases      ] GC(614)   Other: 0,1ms
[14,636s][info][gc,heap        ] GC(614) Eden regions: 85->0(73)
[14,636s][info][gc,heap        ] GC(614) Survivor regions: 16->13(13)
[14,636s][info][gc,heap        ] GC(614) Old regions: 792->828
[14,636s][info][gc,heap        ] GC(614) Humongous regions: 0->0
[14,636s][info][gc,metaspace   ] GC(614) Metaspace: 82K(320K)->82K(320K) NonClass: 78K(192K)->78K(192K) Class: 3K(128K)->3K(128K)
[14,636s][info][gc             ] GC(614) Pause Young (Mixed) (G1 Evacuation Pause) (Evacuation Failure) 1785M->1682M(2048M) 23,747ms
[14,636s][info][gc,cpu         ] GC(614) User=0,41s Sys=0,01s Real=0,03s
[14,645s][info][gc,start       ] GC(615) Pause Young (Mixed) (G1 Evacuation Pause)
[14,645s][info][gc,task        ] GC(615) Using 18 workers of 18 for evacuation
[14,665s][info][gc,phases      ] GC(615)   Pre Evacuate Collection Set: 0,3ms
[14,665s][info][gc,phases      ] GC(615)   Merge Heap Roots: 0,1ms
[14,665s][info][gc,phases      ] GC(615)   Evacuate Collection Set: 19,0ms
[14,665s][info][gc,phases      ] GC(615)   Post Evacuate Collection Set: 0,3ms
[14,665s][info][gc,phases      ] GC(615)   Other: 0,1ms
[14,665s][info][gc,heap        ] GC(615) Eden regions: 73->0(70)
[14,665s][info][gc,heap        ] GC(615) Survivor regions: 13->11(11)
[14,665s][info][gc,heap        ] GC(615) Old regions: 828->833
[14,665s][info][gc,heap        ] GC(615) Humongous regions: 0->0
[14,665s][info][gc,metaspace   ] GC(615) Metaspace: 82K(320K)->82K(320K) NonClass: 78K(192K)->78K(192K) Class: 3K(128K)->3K(128K)
[14,665s][info][gc             ] GC(615) Pause Young (Mixed) (G1 Evacuation Pause) (Evacuation Failure) 1827M->1688M(2048M) 20,064ms
[14,665s][info][gc,cpu         ] GC(615) User=0,34s Sys=0,00s Real=0,02s
[14,674s][info][gc,start       ] GC(616) Pause Young (Mixed) (G1 Evacuation Pause)
[14,674s][info][gc,task        ] GC(616) Using 18 workers of 18 for evacuation
[14,693s][info][gc,phases      ] GC(616)   Pre Evacuate Collection Set: 0,3ms
[14,693s][info][gc,phases      ] GC(616)   Merge Heap Roots: 0,1ms
[14,693s][info][gc,phases      ] GC(616)   Evacuate Collection Set: 19,0ms
[14,694s][info][gc,phases      ] GC(616)   Post Evacuate Collection Set: 0,4ms
[14,694s][info][gc,phases      ] GC(616)   Other: 0,1ms
[14,694s][info][gc,heap        ] GC(616) Eden regions: 70->0(66)
[14,694s][info][gc,heap        ] GC(616) Survivor regions: 11->11(11)
[14,694s][info][gc,heap        ] GC(616) Old regions: 833->847
[14,694s][info][gc,heap        ] GC(616) Humongous regions: 0->0
[14,694s][info][gc,metaspace   ] GC(616) Metaspace: 82K(320K)->82K(320K) NonClass: 78K(192K)->78K(192K) Class: 3K(128K)->3K(128K)
[14,694s][info][gc             ] GC(616) Pause Young (Mixed) (G1 Evacuation Pause) (Evacuation Failure) 1827M->1716M(2048M) 20,061ms
[14,694s][info][gc,cpu         ] GC(616) User=0,34s Sys=0,00s Real=0,02s
[14,702s][info][gc,start       ] GC(617) Pause Young (Mixed) (G1 Evacuation Pause)
[14,702s][info][gc,task        ] GC(617) Using 18 workers of 18 for evacuation
[14,719s][info][gc,phases      ] GC(617)   Pre Evacuate Collection Set: 0,2ms
[14,719s][info][gc,phases      ] GC(617)   Merge Heap Roots: 0,1ms
[14,719s][info][gc,phases      ] GC(617)   Evacuate Collection Set: 16,2ms
[14,719s][info][gc,phases      ] GC(617)   Post Evacuate Collection Set: 0,3ms
[14,719s][info][gc,phases      ] GC(617)   Other: 0,1ms
[14,719s][info][gc,heap        ] GC(617) Eden regions: 66->0(48)
[14,719s][info][gc,heap        ] GC(617) Survivor regions: 11->10(10)
[14,719s][info][gc,heap        ] GC(617) Old regions: 847->888
[14,719s][info][gc,heap        ] GC(617) Humongous regions: 0->0
[14,719s][info][gc,metaspace   ] GC(617) Metaspace: 82K(320K)->82K(320K) NonClass: 78K(192K)->78K(192K) Class: 3K(128K)->3K(128K)
[14,719s][info][gc             ] GC(617) Pause Young (Mixed) (G1 Evacuation Pause) 1847M->1795M(2048M) 17,158ms
[14,719s][info][gc,cpu         ] GC(617) User=0,29s Sys=0,00s Real=0,02s
[14,725s][info][gc,start       ] GC(618) Pause Young (Concurrent Start) (G1 Evacuation Pause)
[14,725s][info][gc,task        ] GC(618) Using 18 workers of 18 for evacuation
[14,736s][info][gc,phases      ] GC(618)   Pre Evacuate Collection Set: 0,3ms
[14,736s][info][gc,phases      ] GC(618)   Merge Heap Roots: 0,1ms
[14,736s][info][gc,phases      ] GC(618)   Evacuate Collection Set: 10,4ms
[14,736s][info][gc,phases      ] GC(618)   Post Evacuate Collection Set: 0,2ms
[14,736s][info][gc,phases      ] GC(618)   Other: 0,1ms
[14,736s][info][gc,heap        ] GC(618) Eden regions: 48->0(43)
[14,736s][info][gc,heap        ] GC(618) Survivor regions: 10->8(8)
[14,736s][info][gc,heap        ] GC(618) Old regions: 888->938
[14,736s][info][gc,heap        ] GC(618) Humongous regions: 0->0
[14,736s][info][gc,metaspace   ] GC(618) Metaspace: 82K(320K)->82K(320K) NonClass: 78K(192K)->78K(192K) Class: 3K(128K)->3K(128K)
[14,736s][info][gc             ] GC(618) Pause Young (Concurrent Start) (G1 Evacuation Pause) 1890M->1890M(2048M) 11,373ms
[14,736s][info][gc,cpu         ] GC(618) User=0,19s Sys=0,00s Real=0,02s
[14,736s][info][gc             ] GC(619) Concurrent Mark Cycle
[14,736s][info][gc,marking     ] GC(619) Concurrent Scan Root Regions
[14,736s][info][gc,marking     ] GC(619) Concurrent Scan Root Regions 0,054ms
[14,736s][info][gc,marking     ] GC(619) Concurrent Mark
[14,736s][info][gc,marking     ] GC(619) Concurrent Mark From Roots
[14,736s][info][gc,task        ] GC(619) Using 5 workers of 5 for marking
[14,739s][info][gc,marking     ] GC(619) Concurrent Mark From Roots 2,836ms
[14,739s][info][gc,marking     ] GC(619) Concurrent Preclean
[14,739s][info][gc,marking     ] GC(619) Concurrent Preclean 0,010ms
[14,739s][info][gc,start       ] GC(619) Pause Remark
[14,740s][info][gc             ] GC(619) Pause Remark 1917M->1425M(2048M) 0,752ms
[14,740s][info][gc,cpu         ] GC(619) User=0,00s Sys=0,00s Real=0,00s
[14,740s][info][gc,marking     ] GC(619) Concurrent Mark 3,796ms
[14,740s][info][gc,marking     ] GC(619) Concurrent Rebuild Remembered Sets and Scrub Regions
[14,741s][info][gc,marking     ] GC(619) Concurrent Rebuild Remembered Sets and Scrub Regions 1,338ms
[14,741s][info][gc,start       ] GC(619) Pause Cleanup
[14,742s][info][gc             ] GC(619) Pause Cleanup 1447M->1447M(2048M) 0,797ms
[14,742s][info][gc,cpu         ] GC(619) User=0,00s Sys=0,00s Real=0,00s
[14,742s][info][gc,marking     ] GC(619) Concurrent Clear Claimed Marks
[14,742s][info][gc,marking     ] GC(619) Concurrent Clear Claimed Marks 0,022ms
[14,742s][info][gc,marking     ] GC(619) Concurrent Cleanup for Next Mark
[14,744s][info][gc,marking     ] GC(619) Concurrent Cleanup for Next Mark 1,517ms
[14,744s][info][gc             ] GC(619) Concurrent Mark Cycle 7,881ms
[14,745s][info][gc,start       ] GC(620) Pause Young (Prepare Mixed) (G1 Evacuation Pause)
[14,745s][info][gc,task        ] GC(620) Using 18 workers of 18 for evacuation
[14,755s][info][gc,phases      ] GC(620)   Pre Evacuate Collection Set: 0,2ms
[14,756s][info][gc,phases      ] GC(620)   Merge Heap Roots: 0,1ms
[14,756s][info][gc,phases      ] GC(620)   Evacuate Collection Set: 9,3ms
[14,756s][info][gc,phases      ] GC(620)   Post Evacuate Collection Set: 0,4ms
[14,756s][info][gc,phases      ] GC(620)   Other: 0,1ms
[14,756s][info][gc,heap        ] GC(620) Eden regions: 43->0(111)
[14,756s][info][gc,heap        ] GC(620) Survivor regions: 8->7(7)
[14,756s][info][gc,heap        ] GC(620) Old regions: 692->735
[14,756s][info][gc,heap        ] GC(620) Humongous regions: 0->0
[14,756s][info][gc,metaspace   ] GC(620) Metaspace: 82K(320K)->82K(320K) NonClass: 78K(192K)->78K(192K) Class: 3K(128K)->3K(128K)
[14,756s][info][gc             ] GC(620) Pause Young (Prepare Mixed) (G1 Evacuation Pause) 1484M->1483M(2048M) 10,353ms
[14,756s][info][gc,cpu         ] GC(620) User=0,16s Sys=0,00s Real=0,01s
[14,769s][info][gc,start       ] GC(621) Pause Young (Mixed) (G1 Evacuation Pause)
[14,769s][info][gc,task        ] GC(621) Using 18 workers of 18 for evacuation
[14,798s][info][gc,phases      ] GC(621)   Pre Evacuate Collection Set: 0,3ms
[14,798s][info][gc,phases      ] GC(621)   Merge Heap Roots: 0,1ms
[14,798s][info][gc,phases      ] GC(621)   Evacuate Collection Set: 27,8ms
[14,798s][info][gc,phases      ] GC(621)   Post Evacuate Collection Set: 0,3ms
[14,798s][info][gc,phases      ] GC(621)   Other: 0,1ms
[14,798s][info][gc,heap        ] GC(621) Eden regions: 111->0(86)
[14,798s][info][gc,heap        ] GC(621) Survivor regions: 7->15(15)
[14,798s][info][gc,heap        ] GC(621) Old regions: 735->780
[14,798s][info][gc,heap        ] GC(621) Humongous regions: 0->0
[14,798s][info][gc,metaspace   ] GC(621) Metaspace: 82K(320K)->82K(320K) NonClass: 78K(192K)->78K(192K) Class: 3K(128K)->3K(128K)
[14,798s][info][gc             ] GC(621) Pause Young (Mixed) (G1 Evacuation Pause) 1705M->1588M(2048M) 28,908ms
[14,798s][info][gc,cpu         ] GC(621) User=0,50s Sys=0,00s Real=0,03s
[14,809s][info][gc,start       ] GC(622) Pause Young (Mixed) (G1 Evacuation Pause)
[14,809s][info][gc,task        ] GC(622) Using 18 workers of 18 for evacuation
[14,834s][info][gc,phases      ] GC(622)   Pre Evacuate Collection Set: 0,3ms
[14,834s][info][gc,phases      ] GC(622)   Merge Heap Roots: 0,1ms
[14,834s][info][gc,phases      ] GC(622)   Evacuate Collection Set: 24,6ms
[14,834s][info][gc,phases      ] GC(622)   Post Evacuate Collection Set: 0,3ms
[14,834s][info][gc,phases      ] GC(622)   Other: 0,1ms
[14,834s][info][gc,heap        ] GC(622) Eden regions: 86->0(73)
[14,834s][info][gc,heap        ] GC(622) Survivor regions: 15->13(13)
[14,834s][info][gc,heap        ] GC(622) Old regions: 780->817
[14,834s][info][gc,heap        ] GC(622) Humongous regions: 0->0
[14,834s][info][gc,metaspace   ] GC(622) Metaspace: 82K(320K)->82K(320K) NonClass: 78K(192K)->78K(192K) Class: 3K(128K)->3K(128K)
[14,834s][info][gc             ] GC(622) Pause Young (Mixed) (G1 Evacuation Pause) (Evacuation Failure) 1760M->1660M(2048M) 25,727ms
[14,834s][info][gc,cpu         ] GC(622) User=0,43s Sys=0,00s Real=0,02s
[14,843s][info][gc,start       ] GC(623) Pause Young (Mixed) (G1 Evacuation Pause)
[14,843s][info][gc,task        ] GC(623) Using 18 workers of 18 for evacuation
[14,865s][info][gc,phases      ] GC(623)   Pre Evacuate Collection Set: 0,3ms
[14,865s][info][gc,phases      ] GC(623)   Merge Heap Roots: 0,1ms
[14,865s][info][gc,phases      ] GC(623)   Evacuate Collection Set: 21,0ms
[14,865s][info][gc,phases      ] GC(623)   Post Evacuate Collection Set: 0,4ms
[14,865s][info][gc,phases      ] GC(623)   Other: 0,1ms
[14,865s][info][gc,heap        ] GC(623) Eden regions: 73->0(59)
[14,865s][info][gc,heap        ] GC(623) Survivor regions: 13->11(11)
[14,865s][info][gc,heap        ] GC(623) Old regions: 817->862
[14,865s][info][gc,heap        ] GC(623) Humongous regions: 0->0
[14,865s][info][gc,metaspace   ] GC(623) Metaspace: 82K(320K)->82K(320K) NonClass: 78K(192K)->78K(192K) Class: 3K(128K)->3K(128K)
[14,865s][info][gc             ] GC(623) Pause Young (Mixed) (G1 Evacuation Pause) (Evacuation Failure) 1805M->1746M(2048M) 22,140ms
[14,866s][info][gc,cpu         ] GC(623) User=0,38s Sys=0,00s Real=0,03s
[14,873s][info][gc,start       ] GC(624) Pause Young (Mixed) (G1 Evacuation Pause)
[14,873s][info][gc,task        ] GC(624) Using 18 workers of 18 for evacuation
[14,890s][info][gc,phases      ] GC(624)   Pre Evacuate Collection Set: 0,3ms
[14,890s][info][gc,phases      ] GC(624)   Merge Heap Roots: 0,1ms
[14,890s][info][gc,phases      ] GC(624)   Evacuate Collection Set: 16,2ms
[14,890s][info][gc,phases      ] GC(624)   Post Evacuate Collection Set: 0,4ms
[14,890s][info][gc,phases      ] GC(624)   Other: 0,1ms
[14,890s][info][gc,heap        ] GC(624) Eden regions: 59->0(57)
[14,890s][info][gc,heap        ] GC(624) Survivor regions: 11->9(9)
[14,890s][info][gc,heap        ] GC(624) Old regions: 862->880
[14,890s][info][gc,heap        ] GC(624) Humongous regions: 0->0
[14,890s][info][gc,metaspace   ] GC(624) Metaspace: 82K(320K)->82K(320K) NonClass: 78K(192K)->78K(192K) Class: 3K(128K)->3K(128K)
[14,890s][info][gc             ] GC(624) Pause Young (Mixed) (G1 Evacuation Pause) (Evacuation Failure) 1863M->1778M(2048M) 17,327ms
[14,890s][info][gc,cpu         ] GC(624) User=0,29s Sys=0,01s Real=0,02s
[14,897s][info][gc,start       ] GC(625) Pause Young (Mixed) (G1 Evacuation Pause)
[14,897s][info][gc,task        ] GC(625) Using 18 workers of 18 for evacuation
[14,910s][info][gc,phases      ] GC(625)   Pre Evacuate Collection Set: 0,2ms
[14,910s][info][gc,phases      ] GC(625)   Merge Heap Roots: 0,1ms
[14,910s][info][gc,phases      ] GC(625)   Evacuate Collection Set: 12,7ms
[14,910s][info][gc,phases      ] GC(625)   Post Evacuate Collection Set: 0,3ms
[14,910s][info][gc,phases      ] GC(625)   Other: 0,1ms
[14,910s][info][gc,heap        ] GC(625) Eden regions: 57->0(42)
[14,910s][info][gc,heap        ] GC(625) Survivor regions: 9->9(9)
[14,910s][info][gc,heap        ] GC(625) Old regions: 880->917
[14,910s][info][gc,heap        ] GC(625) Humongous regions: 0->0
[14,910s][info][gc,metaspace   ] GC(625) Metaspace: 82K(320K)->82K(320K) NonClass: 78K(192K)->78K(192K) Class: 3K(128K)->3K(128K)
[14,910s][info][gc             ] GC(625) Pause Young (Mixed) (G1 Evacuation Pause) 1891M->1851M(2048M) 13,634ms
[14,910s][info][gc,cpu         ] GC(625) User=0,22s Sys=0,00s Real=0,01s
[14,915s][info][gc,start       ] GC(626) Pause Young (Concurrent Start) (G1 Evacuation Pause)
[14,916s][info][gc,task        ] GC(626) Using 18 workers of 18 for evacuation
[14,925s][info][gc,phases      ] GC(626)   Pre Evacuate Collection Set: 0,3ms
[14,925s][info][gc,phases      ] GC(626)   Merge Heap Roots: 0,1ms
[14,925s][info][gc,phases      ] GC(626)   Evacuate Collection Set: 9,1ms
[14,925s][info][gc,phases      ] GC(626)   Post Evacuate Collection Set: 0,2ms
[14,925s][info][gc,phases      ] GC(626)   Other: 0,1ms
[14,925s][info][gc,heap        ] GC(626) Eden regions: 42->0(44)
[14,925s][info][gc,heap        ] GC(626) Survivor regions: 9->7(7)
[14,925s][info][gc,heap        ] GC(626) Old regions: 917->961
[14,926s][info][gc,heap        ] GC(626) Humongous regions: 0->0
[14,926s][info][gc,metaspace   ] GC(626) Metaspace: 82K(320K)->82K(320K) NonClass: 78K(192K)->78K(192K) Class: 3K(128K)->3K(128K)
[14,926s][info][gc             ] GC(626) Pause Young (Concurrent Start) (G1 Evacuation Pause) 1934M->1934M(2048M) 10,092ms
[14,926s][info][gc,cpu         ] GC(626) User=0,16s Sys=0,00s Real=0,01s
[14,926s][info][gc             ] GC(627) Concurrent Mark Cycle
[14,926s][info][gc,marking     ] GC(627) Concurrent Scan Root Regions
[14,926s][info][gc,marking     ] GC(627) Concurrent Scan Root Regions 0,054ms
[14,926s][info][gc,marking     ] GC(627) Concurrent Mark
[14,926s][info][gc,marking     ] GC(627) Concurrent Mark From Roots
[14,926s][info][gc,task        ] GC(627) Using 5 workers of 5 for marking
[14,929s][info][gc,marking     ] GC(627) Concurrent Mark From Roots 3,006ms
[14,929s][info][gc,marking     ] GC(627) Concurrent Preclean
[14,929s][info][gc,marking     ] GC(627) Concurrent Preclean 0,013ms
[14,929s][info][gc,start       ] GC(627) Pause Remark
[14,930s][info][gc             ] GC(627) Pause Remark 1963M->1427M(2048M) 0,765ms
[14,930s][info][gc,cpu         ] GC(627) User=0,00s Sys=0,00s Real=0,00s
[14,930s][info][gc,marking     ] GC(627) Concurrent Mark 4,078ms
[14,930s][info][gc,marking     ] GC(627) Concurrent Rebuild Remembered Sets and Scrub Regions
[14,931s][info][gc,marking     ] GC(627) Concurrent Rebuild Remembered Sets and Scrub Regions 1,396ms
[14,931s][info][gc,start       ] GC(627) Pause Cleanup
[14,932s][info][gc             ] GC(627) Pause Cleanup 1451M->1451M(2048M) 0,807ms
[14,932s][info][gc,cpu         ] GC(627) User=0,00s Sys=0,00s Real=0,00s
[14,932s][info][gc,marking     ] GC(627) Concurrent Clear Claimed Marks
[14,932s][info][gc,marking     ] GC(627) Concurrent Clear Claimed Marks 0,031ms
[14,932s][info][gc,marking     ] GC(627) Concurrent Cleanup for Next Mark
[14,934s][info][gc,marking     ] GC(627) Concurrent Cleanup for Next Mark 1,473ms
[14,934s][info][gc             ] GC(627) Concurrent Mark Cycle 8,197ms
[14,935s][info][gc,start       ] GC(628) Pause Young (Prepare Mixed) (G1 Evacuation Pause)
[14,935s][info][gc,task        ] GC(628) Using 18 workers of 18 for evacuation
[14,945s][info][gc,phases      ] GC(628)   Pre Evacuate Collection Set: 0,2ms
[14,945s][info][gc,phases      ] GC(628)   Merge Heap Roots: 0,1ms
[14,945s][info][gc,phases      ] GC(628)   Evacuate Collection Set: 9,3ms
[14,945s][info][gc,phases      ] GC(628)   Post Evacuate Collection Set: 0,4ms
[14,945s][info][gc,phases      ] GC(628)   Other: 0,1ms
[14,945s][info][gc,heap        ] GC(628) Eden regions: 44->0(112)
[14,945s][info][gc,heap        ] GC(628) Survivor regions: 7->7(7)
[14,945s][info][gc,heap        ] GC(628) Old regions: 693->736
[14,945s][info][gc,heap        ] GC(628) Humongous regions: 0->0
[14,945s][info][gc,metaspace   ] GC(628) Metaspace: 82K(320K)->82K(320K) NonClass: 78K(192K)->78K(192K) Class: 3K(128K)->3K(128K)
[14,945s][info][gc             ] GC(628) Pause Young (Prepare Mixed) (G1 Evacuation Pause) 1486M->1485M(2048M) 10,427ms
[14,946s][info][gc,cpu         ] GC(628) User=0,17s Sys=0,00s Real=0,01s
[14,959s][info][gc,start       ] GC(629) Pause Young (Mixed) (G1 Evacuation Pause)
[14,959s][info][gc,task        ] GC(629) Using 18 workers of 18 for evacuation
[14,989s][info][gc,phases      ] GC(629)   Pre Evacuate Collection Set: 0,3ms
[14,989s][info][gc,phases      ] GC(629)   Merge Heap Roots: 0,1ms
[14,989s][info][gc,phases      ] GC(629)   Evacuate Collection Set: 29,1ms
[14,989s][info][gc,phases      ] GC(629)   Post Evacuate Collection Set: 0,4ms
[14,989s][info][gc,phases      ] GC(629)   Other: 0,1ms
[14,989s][info][gc,heap        ] GC(629) Eden regions: 112->0(83)
[14,989s][info][gc,heap        ] GC(629) Survivor regions: 7->15(15)
[14,989s][info][gc,heap        ] GC(629) Old regions: 736->790
[14,989s][info][gc,heap        ] GC(629) Humongous regions: 0->0
[14,989s][info][gc,metaspace   ] GC(629) Metaspace: 82K(320K)->82K(320K) NonClass: 78K(192K)->78K(192K) Class: 3K(128K)->3K(128K)
[14,989s][info][gc             ] GC(629) Pause Young (Mixed) (G1 Evacuation Pause) (Evacuation Failure) 1709M->1610M(2048M) 30,161ms
[14,989s][info][gc,cpu         ] GC(629) User=0,53s Sys=0,00s Real=0,03s
[14,999s][info][gc,start       ] GC(630) Pause Young (Mixed) (G1 Evacuation Pause)
[14,999s][info][gc,task        ] GC(630) Using 18 workers of 18 for evacuation
[15,024s][info][gc,phases      ] GC(630)   Pre Evacuate Collection Set: 0,2ms
[15,024s][info][gc,phases      ] GC(630)   Merge Heap Roots: 0,1ms
[15,024s][info][gc,phases      ] GC(630)   Evacuate Collection Set: 23,4ms
[15,024s][info][gc,phases      ] GC(630)   Post Evacuate Collection Set: 0,3ms
[15,024s][info][gc,phases      ] GC(630)   Other: 0,1ms
[15,024s][info][gc,heap        ] GC(630) Eden regions: 83->0(70)
[15,024s][info][gc,heap        ] GC(630) Survivor regions: 15->13(13)
[15,024s][info][gc,heap        ] GC(630) Old regions: 790->826
[15,024s][info][gc,heap        ] GC(630) Humongous regions: 0->0
[15,024s][info][gc,metaspace   ] GC(630) Metaspace: 82K(320K)->82K(320K) NonClass: 78K(192K)->78K(192K) Class: 3K(128K)->3K(128K)
[15,024s][info][gc             ] GC(630) Pause Young (Mixed) (G1 Evacuation Pause) (Evacuation Failure) 1775M->1678M(2048M) 24,304ms
[15,024s][info][gc,cpu         ] GC(630) User=0,41s Sys=0,01s Real=0,02s
[15,032s][info][gc,start       ] GC(631) Pause Young (Mixed) (G1 Evacuation Pause)
[15,032s][info][gc,task        ] GC(631) Using 18 workers of 18 for evacuation
[15,053s][info][gc,phases      ] GC(631)   Pre Evacuate Collection Set: 0,2ms
[15,053s][info][gc,phases      ] GC(631)   Merge Heap Roots: 0,1ms
[15,053s][info][gc,phases      ] GC(631)   Evacuate Collection Set: 19,7ms
[15,053s][info][gc,phases      ] GC(631)   Post Evacuate Collection Set: 0,4ms
[15,053s][info][gc,phases      ] GC(631)   Other: 0,1ms
[15,053s][info][gc,heap        ] GC(631) Eden regions: 70->0(60)
[15,053s][info][gc,heap        ] GC(631) Survivor regions: 13->11(11)
[15,053s][info][gc,heap        ] GC(631) Old regions: 826->864
[15,053s][info][gc,heap        ] GC(631) Humongous regions: 0->0
[15,053s][info][gc,metaspace   ] GC(631) Metaspace: 82K(320K)->82K(320K) NonClass: 78K(192K)->78K(192K) Class: 3K(128K)->3K(128K)
[15,053s][info][gc             ] GC(631) Pause Young (Mixed) (G1 Evacuation Pause) (Evacuation Failure) 1817M->1750M(2048M) 20,729ms
[15,053s][info][gc,cpu         ] GC(631) User=0,36s Sys=0,00s Real=0,02s
[15,060s][info][gc,start       ] GC(632) Pause Young (Mixed) (G1 Evacuation Pause)
[15,060s][info][gc,task        ] GC(632) Using 18 workers of 18 for evacuation
[15,076s][info][gc,phases      ] GC(632)   Pre Evacuate Collection Set: 0,2ms
[15,076s][info][gc,phases      ] GC(632)   Merge Heap Roots: 0,1ms
[15,076s][info][gc,phases      ] GC(632)   Evacuate Collection Set: 15,3ms
[15,076s][info][gc,phases      ] GC(632)   Post Evacuate Collection Set: 0,3ms
[15,076s][info][gc,phases      ] GC(632)   Other: 0,1ms
[15,076s][info][gc,heap        ] GC(632) Eden regions: 60->0(65)
[15,076s][info][gc,heap        ] GC(632) Survivor regions: 11->9(9)
[15,076s][info][gc,heap        ] GC(632) Old regions: 864->845
[15,076s][info][gc,heap        ] GC(632) Humongous regions: 0->0
[15,076s][info][gc,metaspace   ] GC(632) Metaspace: 82K(320K)->82K(320K) NonClass: 78K(192K)->78K(192K) Class: 3K(128K)->3K(128K)
[15,076s][info][gc             ] GC(632) Pause Young (Mixed) (G1 Evacuation Pause) (Evacuation Failure) 1869M->1708M(2048M) 16,160ms
[15,076s][info][gc,cpu         ] GC(632) User=0,27s Sys=0,00s Real=0,02s
[15,084s][info][gc,start       ] GC(633) Pause Young (Mixed) (G1 Evacuation Pause)
[15,084s][info][gc,task        ] GC(633) Using 18 workers of 18 for evacuation
[15,098s][info][gc,phases      ] GC(633)   Pre Evacuate Collection Set: 0,2ms
[15,098s][info][gc,phases      ] GC(633)   Merge Heap Roots: 0,1ms
[15,098s][info][gc,phases      ] GC(633)   Evacuate Collection Set: 13,0ms
[15,098s][info][gc,phases      ] GC(633)   Post Evacuate Collection Set: 0,5ms
[15,098s][info][gc,phases      ] GC(633)   Other: 0,1ms
[15,099s][info][gc,heap        ] GC(633) Eden regions: 65->0(52)
[15,099s][info][gc,heap        ] GC(633) Survivor regions: 9->10(10)
[15,099s][info][gc,heap        ] GC(633) Old regions: 845->875
[15,099s][info][gc,heap        ] GC(633) Humongous regions: 0->0
[15,099s][info][gc,metaspace   ] GC(633) Metaspace: 82K(320K)->82K(320K) NonClass: 78K(192K)->78K(192K) Class: 3K(128K)->3K(128K)
[15,099s][info][gc             ] GC(633) Pause Young (Mixed) (G1 Evacuation Pause) 1837M->1769M(2048M) 14,288ms
[15,099s][info][gc,cpu         ] GC(633) User=0,23s Sys=0,00s Real=0,02s
[15,105s][info][gc,start       ] GC(634) Pause Young (Concurrent Start) (G1 Evacuation Pause)
[15,105s][info][gc,task        ] GC(634) Using 18 workers of 18 for evacuation
[15,117s][info][gc,phases      ] GC(634)   Pre Evacuate Collection Set: 0,3ms
[15,117s][info][gc,phases      ] GC(634)   Merge Heap Roots: 0,1ms
[15,117s][info][gc,phases      ] GC(634)   Evacuate Collection Set: 11,1ms
[15,117s][info][gc,phases      ] GC(634)   Post Evacuate Collection Set: 0,3ms
[15,117s][info][gc,phases      ] GC(634)   Other: 0,1ms
[15,117s][info][gc,heap        ] GC(634) Eden regions: 52->0(43)
[15,117s][info][gc,heap        ] GC(634) Survivor regions: 10->8(8)
[15,117s][info][gc,heap        ] GC(634) Old regions: 875->929
[15,117s][info][gc,heap        ] GC(634) Humongous regions: 0->0
[15,117s][info][gc,metaspace   ] GC(634) Metaspace: 82K(320K)->82K(320K) NonClass: 78K(192K)->78K(192K) Class: 3K(128K)->3K(128K)
[15,117s][info][gc             ] GC(634) Pause Young (Concurrent Start) (G1 Evacuation Pause) 1872M->1872M(2048M) 12,187ms
[15,117s][info][gc             ] GC(635) Concurrent Mark Cycle
[15,117s][info][gc,marking     ] GC(635) Concurrent Scan Root Regions
[15,117s][info][gc,cpu         ] GC(634) User=0,19s Sys=0,00s Real=0,01s
[15,117s][info][gc,marking     ] GC(635) Concurrent Scan Root Regions 0,067ms
[15,117s][info][gc,marking     ] GC(635) Concurrent Mark
[15,117s][info][gc,marking     ] GC(635) Concurrent Mark From Roots
[15,117s][info][gc,task        ] GC(635) Using 5 workers of 5 for marking
[15,121s][info][gc,marking     ] GC(635) Concurrent Mark From Roots 3,260ms
[15,121s][info][gc,marking     ] GC(635) Concurrent Preclean
[15,121s][info][gc,marking     ] GC(635) Concurrent Preclean 0,015ms
[15,121s][info][gc,start       ] GC(635) Pause Remark
[15,122s][info][gc             ] GC(635) Pause Remark 1902M->1428M(2048M) 0,610ms
[15,122s][info][gc,cpu         ] GC(635) User=0,01s Sys=0,00s Real=0,00s
[15,122s][info][gc,marking     ] GC(635) Concurrent Mark 4,135ms
[15,122s][info][gc,marking     ] GC(635) Concurrent Rebuild Remembered Sets and Scrub Regions
[15,123s][info][gc,marking     ] GC(635) Concurrent Rebuild Remembered Sets and Scrub Regions 1,206ms
[15,123s][info][gc,start       ] GC(635) Pause Cleanup
[15,124s][info][gc             ] GC(635) Pause Cleanup 1449M->1449M(2048M) 0,758ms
[15,124s][info][gc,cpu         ] GC(635) User=0,00s Sys=0,00s Real=0,00s
[15,124s][info][gc,marking     ] GC(635) Concurrent Clear Claimed Marks
[15,124s][info][gc,marking     ] GC(635) Concurrent Clear Claimed Marks 0,038ms
[15,124s][info][gc,marking     ] GC(635) Concurrent Cleanup for Next Mark
[15,125s][info][gc,marking     ] GC(635) Concurrent Cleanup for Next Mark 1,504ms
[15,125s][info][gc             ] GC(635) Concurrent Mark Cycle 8,140ms
[15,127s][info][gc,start       ] GC(636) Pause Young (Prepare Mixed) (G1 Evacuation Pause)
[15,127s][info][gc,task        ] GC(636) Using 18 workers of 18 for evacuation
[15,137s][info][gc,phases      ] GC(636)   Pre Evacuate Collection Set: 0,2ms
[15,137s][info][gc,phases      ] GC(636)   Merge Heap Roots: 0,1ms
[15,137s][info][gc,phases      ] GC(636)   Evacuate Collection Set: 9,2ms
[15,137s][info][gc,phases      ] GC(636)   Post Evacuate Collection Set: 0,4ms
[15,137s][info][gc,phases      ] GC(636)   Other: 0,1ms
[15,137s][info][gc,heap        ] GC(636) Eden regions: 43->0(111)
[15,137s][info][gc,heap        ] GC(636) Survivor regions: 8->7(7)
[15,137s][info][gc,heap        ] GC(636) Old regions: 692->735
[15,137s][info][gc,heap        ] GC(636) Humongous regions: 0->0
[15,137s][info][gc,metaspace   ] GC(636) Metaspace: 82K(320K)->82K(320K) NonClass: 78K(192K)->78K(192K) Class: 3K(128K)->3K(128K)
[15,137s][info][gc             ] GC(636) Pause Young (Prepare Mixed) (G1 Evacuation Pause) 1484M->1483M(2048M) 10,149ms
[15,137s][info][gc,cpu         ] GC(636) User=0,16s Sys=0,00s Real=0,01s
[15,151s][info][gc,start       ] GC(637) Pause Young (Mixed) (G1 Evacuation Pause)
[15,151s][info][gc,task        ] GC(637) Using 18 workers of 18 for evacuation
[15,181s][info][gc,phases      ] GC(637)   Pre Evacuate Collection Set: 0,2ms
[15,181s][info][gc,phases      ] GC(637)   Merge Heap Roots: 0,1ms
[15,181s][info][gc,phases      ] GC(637)   Evacuate Collection Set: 29,2ms
[15,181s][info][gc,phases      ] GC(637)   Post Evacuate Collection Set: 0,3ms
[15,181s][info][gc,phases      ] GC(637)   Other: 0,1ms
[15,181s][info][gc,heap        ] GC(637) Eden regions: 111->0(82)
[15,181s][info][gc,heap        ] GC(637) Survivor regions: 7->15(15)
[15,181s][info][gc,heap        ] GC(637) Old regions: 735->791
[15,181s][info][gc,heap        ] GC(637) Humongous regions: 0->0
[15,181s][info][gc,metaspace   ] GC(637) Metaspace: 82K(320K)->82K(320K) NonClass: 78K(192K)->78K(192K) Class: 3K(128K)->3K(128K)
[15,181s][info][gc             ] GC(637) Pause Young (Mixed) (G1 Evacuation Pause) (Evacuation Failure) 1705M->1612M(2048M) 30,068ms
[15,181s][info][gc,cpu         ] GC(637) User=0,52s Sys=0,01s Real=0,03s
[15,191s][info][gc,start       ] GC(638) Pause Young (Mixed) (G1 Evacuation Pause)
[15,191s][info][gc,task        ] GC(638) Using 18 workers of 18 for evacuation
[15,215s][info][gc,phases      ] GC(638)   Pre Evacuate Collection Set: 0,3ms
[15,215s][info][gc,phases      ] GC(638)   Merge Heap Roots: 0,1ms
[15,215s][info][gc,phases      ] GC(638)   Evacuate Collection Set: 23,5ms
[15,215s][info][gc,phases      ] GC(638)   Post Evacuate Collection Set: 0,4ms
[15,215s][info][gc,phases      ] GC(638)   Other: 0,1ms
[15,215s][info][gc,heap        ] GC(638) Eden regions: 82->0(67)
[15,215s][info][gc,heap        ] GC(638) Survivor regions: 15->13(13)
[15,215s][info][gc,heap        ] GC(638) Old regions: 791->834
[15,215s][info][gc,heap        ] GC(638) Humongous regions: 0->0
[15,215s][info][gc,metaspace   ] GC(638) Metaspace: 82K(320K)->82K(320K) NonClass: 78K(192K)->78K(192K) Class: 3K(128K)->3K(128K)
[15,215s][info][gc             ] GC(638) Pause Young (Mixed) (G1 Evacuation Pause) (Evacuation Failure) 1775M->1694M(2048M) 24,433ms
[15,215s][info][gc,cpu         ] GC(638) User=0,42s Sys=0,00s Real=0,03s
[15,223s][info][gc,start       ] GC(639) Pause Young (Mixed) (G1 Evacuation Pause)
[15,223s][info][gc,task        ] GC(639) Using 18 workers of 18 for evacuation
[15,243s][info][gc,phases      ] GC(639)   Pre Evacuate Collection Set: 0,3ms
[15,244s][info][gc,phases      ] GC(639)   Merge Heap Roots: 0,1ms
[15,244s][info][gc,phases      ] GC(639)   Evacuate Collection Set: 19,1ms
[15,244s][info][gc,phases      ] GC(639)   Post Evacuate Collection Set: 0,4ms
[15,244s][info][gc,phases      ] GC(639)   Other: 0,1ms
[15,244s][info][gc,heap        ] GC(639) Eden regions: 67->0(61)
[15,244s][info][gc,heap        ] GC(639) Survivor regions: 13->10(10)
[15,244s][info][gc,heap        ] GC(639) Old regions: 834->863
[15,244s][info][gc,heap        ] GC(639) Humongous regions: 0->0
[15,244s][info][gc,metaspace   ] GC(639) Metaspace: 82K(320K)->82K(320K) NonClass: 78K(192K)->78K(192K) Class: 3K(128K)->3K(128K)
[15,244s][info][gc             ] GC(639) Pause Young (Mixed) (G1 Evacuation Pause) (Evacuation Failure) 1827M->1746M(2048M) 20,280ms
[15,244s][info][gc,cpu         ] GC(639) User=0,34s Sys=0,01s Real=0,02s
[15,251s][info][gc,start       ] GC(640) Pause Young (Mixed) (G1 Evacuation Pause)
[15,251s][info][gc,task        ] GC(640) Using 18 workers of 18 for evacuation
[15,268s][info][gc,phases      ] GC(640)   Pre Evacuate Collection Set: 0,2ms
[15,268s][info][gc,phases      ] GC(640)   Merge Heap Roots: 0,1ms
[15,268s][info][gc,phases      ] GC(640)   Evacuate Collection Set: 15,6ms
[15,268s][info][gc,phases      ] GC(640)   Post Evacuate Collection Set: 0,4ms
[15,268s][info][gc,phases      ] GC(640)   Other: 0,1ms
[15,268s][info][gc,heap        ] GC(640) Eden regions: 61->0(61)
[15,268s][info][gc,heap        ] GC(640) Survivor regions: 10->9(9)
[15,268s][info][gc,heap        ] GC(640) Old regions: 863->869
[15,268s][info][gc,heap        ] GC(640) Humongous regions: 0->0
[15,268s][info][gc,metaspace   ] GC(640) Metaspace: 82K(320K)->82K(320K) NonClass: 78K(192K)->78K(192K) Class: 3K(128K)->3K(128K)
[15,268s][info][gc             ] GC(640) Pause Young (Mixed) (G1 Evacuation Pause) (Evacuation Failure) 1867M->1756M(2048M) 16,773ms
[15,268s][info][gc,cpu         ] GC(640) User=0,28s Sys=0,00s Real=0,02s
[15,275s][info][gc,start       ] GC(641) Pause Young (Mixed) (G1 Evacuation Pause)
[15,275s][info][gc,task        ] GC(641) Using 18 workers of 18 for evacuation
[15,291s][info][gc,phases      ] GC(641)   Pre Evacuate Collection Set: 0,2ms
[15,291s][info][gc,phases      ] GC(641)   Merge Heap Roots: 0,1ms
[15,291s][info][gc,phases      ] GC(641)   Evacuate Collection Set: 14,5ms
[15,291s][info][gc,phases      ] GC(641)   Post Evacuate Collection Set: 0,2ms
[15,291s][info][gc,phases      ] GC(641)   Other: 0,1ms
[15,291s][info][gc,heap        ] GC(641) Eden regions: 61->0(42)
[15,291s][info][gc,heap        ] GC(641) Survivor regions: 9->9(9)
[15,291s][info][gc,heap        ] GC(641) Old regions: 869->922
[15,291s][info][gc,heap        ] GC(641) Humongous regions: 0->0
[15,291s][info][gc,metaspace   ] GC(641) Metaspace: 82K(320K)->82K(320K) NonClass: 78K(192K)->78K(192K) Class: 3K(128K)->3K(128K)
[15,291s][info][gc             ] GC(641) Pause Young (Mixed) (G1 Evacuation Pause) 1877M->1861M(2048M) 15,302ms
[15,291s][info][gc,cpu         ] GC(641) User=0,25s Sys=0,00s Real=0,01s
[15,296s][info][gc,start       ] GC(642) Pause Young (Concurrent Start) (G1 Evacuation Pause)
[15,296s][info][gc,task        ] GC(642) Using 18 workers of 18 for evacuation
[15,306s][info][gc,phases      ] GC(642)   Pre Evacuate Collection Set: 0,3ms
[15,306s][info][gc,phases      ] GC(642)   Merge Heap Roots: 0,0ms
[15,306s][info][gc,phases      ] GC(642)   Evacuate Collection Set: 9,1ms
[15,306s][info][gc,phases      ] GC(642)   Post Evacuate Collection Set: 0,2ms
[15,306s][info][gc,phases      ] GC(642)   Other: 0,1ms
[15,306s][info][gc,heap        ] GC(642) Eden regions: 42->0(44)
[15,306s][info][gc,heap        ] GC(642) Survivor regions: 9->7(7)
[15,306s][info][gc,heap        ] GC(642) Old regions: 922->966
[15,306s][info][gc,heap        ] GC(642) Humongous regions: 0->0
[15,306s][info][gc,metaspace   ] GC(642) Metaspace: 82K(320K)->82K(320K) NonClass: 78K(192K)->78K(192K) Class: 3K(128K)->3K(128K)
[15,306s][info][gc             ] GC(642) Pause Young (Concurrent Start) (G1 Evacuation Pause) 1944M->1944M(2048M) 10,002ms
[15,306s][info][gc,cpu         ] GC(642) User=0,16s Sys=0,00s Real=0,01s
[15,306s][info][gc             ] GC(643) Concurrent Mark Cycle
[15,306s][info][gc,marking     ] GC(643) Concurrent Scan Root Regions
[15,306s][info][gc,marking     ] GC(643) Concurrent Scan Root Regions 0,049ms
[15,306s][info][gc,marking     ] GC(643) Concurrent Mark
[15,306s][info][gc,marking     ] GC(643) Concurrent Mark From Roots
[15,306s][info][gc,task        ] GC(643) Using 5 workers of 5 for marking
[15,309s][info][gc,marking     ] GC(643) Concurrent Mark From Roots 3,147ms
[15,309s][info][gc,marking     ] GC(643) Concurrent Preclean
[15,309s][info][gc,marking     ] GC(643) Concurrent Preclean 0,016ms
[15,309s][info][gc,start       ] GC(643) Pause Remark
[15,310s][info][gc             ] GC(643) Pause Remark 1973M->1433M(2048M) 0,679ms
[15,310s][info][gc,cpu         ] GC(643) User=0,01s Sys=0,00s Real=0,00s
[15,310s][info][gc,marking     ] GC(643) Concurrent Mark 4,095ms
[15,310s][info][gc,marking     ] GC(643) Concurrent Rebuild Remembered Sets and Scrub Regions
[15,311s][info][gc,marking     ] GC(643) Concurrent Rebuild Remembered Sets and Scrub Regions 1,218ms
[15,311s][info][gc,start       ] GC(643) Pause Cleanup
[15,312s][info][gc             ] GC(643) Pause Cleanup 1455M->1455M(2048M) 0,453ms
[15,312s][info][gc,cpu         ] GC(643) User=0,00s Sys=0,00s Real=0,00s
[15,312s][info][gc,marking     ] GC(643) Concurrent Clear Claimed Marks
[15,312s][info][gc,marking     ] GC(643) Concurrent Clear Claimed Marks 0,045ms
[15,312s][info][gc,marking     ] GC(643) Concurrent Cleanup for Next Mark
[15,313s][info][gc,marking     ] GC(643) Concurrent Cleanup for Next Mark 1,479ms
[15,313s][info][gc             ] GC(643) Concurrent Mark Cycle 7,751ms
[15,315s][info][gc,start       ] GC(644) Pause Young (Prepare Mixed) (G1 Evacuation Pause)
[15,315s][info][gc,task        ] GC(644) Using 18 workers of 18 for evacuation
[15,325s][info][gc,phases      ] GC(644)   Pre Evacuate Collection Set: 0,2ms
[15,325s][info][gc,phases      ] GC(644)   Merge Heap Roots: 0,1ms
[15,325s][info][gc,phases      ] GC(644)   Evacuate Collection Set: 9,1ms
[15,325s][info][gc,phases      ] GC(644)   Post Evacuate Collection Set: 0,3ms
[15,325s][info][gc,phases      ] GC(644)   Other: 0,1ms
[15,325s][info][gc,heap        ] GC(644) Eden regions: 44->0(111)
[15,325s][info][gc,heap        ] GC(644) Survivor regions: 7->7(7)
[15,325s][info][gc,heap        ] GC(644) Old regions: 696->739
[15,325s][info][gc,heap        ] GC(644) Humongous regions: 0->0
[15,325s][info][gc,metaspace   ] GC(644) Metaspace: 82K(320K)->82K(320K) NonClass: 78K(192K)->78K(192K) Class: 3K(128K)->3K(128K)
[15,325s][info][gc             ] GC(644) Pause Young (Prepare Mixed) (G1 Evacuation Pause) 1492M->1491M(2048M) 9,875ms
[15,325s][info][gc,cpu         ] GC(644) User=0,16s Sys=0,00s Real=0,00s
[15,339s][info][gc,start       ] GC(645) Pause Young (Mixed) (G1 Evacuation Pause)
[15,339s][info][gc,task        ] GC(645) Using 18 workers of 18 for evacuation
[15,368s][info][gc,phases      ] GC(645)   Pre Evacuate Collection Set: 0,2ms
[15,368s][info][gc,phases      ] GC(645)   Merge Heap Roots: 0,1ms
[15,368s][info][gc,phases      ] GC(645)   Evacuate Collection Set: 28,7ms
[15,368s][info][gc,phases      ] GC(645)   Post Evacuate Collection Set: 0,3ms
[15,368s][info][gc,phases      ] GC(645)   Other: 0,1ms
[15,368s][info][gc,heap        ] GC(645) Eden regions: 111->0(83)
[15,368s][info][gc,heap        ] GC(645) Survivor regions: 7->15(15)
[15,368s][info][gc,heap        ] GC(645) Old regions: 739->788
[15,368s][info][gc,heap        ] GC(645) Humongous regions: 0->0
[15,368s][info][gc,metaspace   ] GC(645) Metaspace: 82K(320K)->82K(320K) NonClass: 78K(192K)->78K(192K) Class: 3K(128K)->3K(128K)
[15,368s][info][gc             ] GC(645) Pause Young (Mixed) (G1 Evacuation Pause) 1713M->1604M(2048M) 29,645ms
[15,368s][info][gc,cpu         ] GC(645) User=0,51s Sys=0,00s Real=0,03s
[15,379s][info][gc,start       ] GC(646) Pause Young (Mixed) (G1 Evacuation Pause)
[15,379s][info][gc,task        ] GC(646) Using 18 workers of 18 for evacuation
[15,403s][info][gc,phases      ] GC(646)   Pre Evacuate Collection Set: 0,2ms
[15,403s][info][gc,phases      ] GC(646)   Merge Heap Roots: 0,1ms
[15,404s][info][gc,phases      ] GC(646)   Evacuate Collection Set: 24,0ms
[15,404s][info][gc,phases      ] GC(646)   Post Evacuate Collection Set: 0,3ms
[15,404s][info][gc,phases      ] GC(646)   Other: 0,1ms
[15,404s][info][gc,heap        ] GC(646) Eden regions: 83->0(70)
[15,404s][info][gc,heap        ] GC(646) Survivor regions: 15->13(13)
[15,404s][info][gc,heap        ] GC(646) Old regions: 788->827
[15,404s][info][gc,heap        ] GC(646) Humongous regions: 0->0
[15,404s][info][gc,metaspace   ] GC(646) Metaspace: 82K(320K)->82K(320K) NonClass: 78K(192K)->78K(192K) Class: 3K(128K)->3K(128K)
[15,404s][info][gc             ] GC(646) Pause Young (Mixed) (G1 Evacuation Pause) (Evacuation Failure) 1770M->1680M(2048M) 24,921ms
[15,404s][info][gc,cpu         ] GC(646) User=0,43s Sys=0,00s Real=0,02s
[15,413s][info][gc,start       ] GC(647) Pause Young (Mixed) (G1 Evacuation Pause)
[15,413s][info][gc,task        ] GC(647) Using 18 workers of 18 for evacuation
[15,433s][info][gc,phases      ] GC(647)   Pre Evacuate Collection Set: 0,2ms
[15,433s][info][gc,phases      ] GC(647)   Merge Heap Roots: 0,1ms
[15,433s][info][gc,phases      ] GC(647)   Evacuate Collection Set: 19,3ms
[15,433s][info][gc,phases      ] GC(647)   Post Evacuate Collection Set: 0,4ms
[15,433s][info][gc,phases      ] GC(647)   Other: 0,1ms
[15,433s][info][gc,heap        ] GC(647) Eden regions: 70->0(63)
[15,433s][info][gc,heap        ] GC(647) Survivor regions: 13->11(11)
[15,433s][info][gc,heap        ] GC(647) Old regions: 827->854
[15,433s][info][gc,heap        ] GC(647) Humongous regions: 0->0
[15,433s][info][gc,metaspace   ] GC(647) Metaspace: 84K(320K)->84K(320K) NonClass: 80K(192K)->80K(192K) Class: 4K(128K)->4K(128K)
[15,433s][info][gc             ] GC(647) Pause Young (Mixed) (G1 Evacuation Pause) (Evacuation Failure) 1819M->1730M(2048M) 20,218ms
[15,433s][info][gc,cpu         ] GC(647) User=0,35s Sys=0,00s Real=0,02s
[15,442s][info][gc,start       ] GC(648) Pause Young (Mixed) (G1 Evacuation Pause)
[15,442s][info][gc,task        ] GC(648) Using 18 workers of 18 for evacuation
[15,459s][info][gc,phases      ] GC(648)   Pre Evacuate Collection Set: 0,2ms
[15,459s][info][gc,phases      ] GC(648)   Merge Heap Roots: 0,1ms
[15,459s][info][gc,phases      ] GC(648)   Evacuate Collection Set: 16,4ms
[15,459s][info][gc,phases      ] GC(648)   Post Evacuate Collection Set: 0,5ms
[15,459s][info][gc,phases      ] GC(648)   Other: 0,1ms
[15,459s][info][gc,heap        ] GC(648) Eden regions: 63->0(61)
[15,459s][info][gc,heap        ] GC(648) Survivor regions: 11->10(10)
[15,459s][info][gc,heap        ] GC(648) Old regions: 854->867
[15,459s][info][gc,heap        ] GC(648) Humongous regions: 0->0
[15,459s][info][gc,metaspace   ] GC(648) Metaspace: 135K(320K)->135K(320K) NonClass: 129K(192K)->129K(192K) Class: 6K(128K)->6K(128K)
[15,459s][info][gc             ] GC(648) Pause Young (Mixed) (G1 Evacuation Pause) (Evacuation Failure) 1855M->1754M(2048M) 17,416ms
[15,459s][info][gc,cpu         ] GC(648) User=0,29s Sys=0,00s Real=0,02s
[15,467s][info][gc,start       ] GC(649) Pause Young (Mixed) (G1 Evacuation Pause)
[15,467s][info][gc,task        ] GC(649) Using 18 workers of 18 for evacuation
[15,480s][info][gc,phases      ] GC(649)   Pre Evacuate Collection Set: 0,2ms
[15,480s][info][gc,phases      ] GC(649)   Merge Heap Roots: 0,1ms
[15,480s][info][gc,phases      ] GC(649)   Evacuate Collection Set: 12,9ms
[15,480s][info][gc,phases      ] GC(649)   Post Evacuate Collection Set: 0,2ms
[15,481s][info][gc,phases      ] GC(649)   Other: 0,1ms
[15,481s][info][gc,heap        ] GC(649) Eden regions: 61->0(46)
[15,481s][info][gc,heap        ] GC(649) Survivor regions: 10->9(9)
[15,481s][info][gc,heap        ] GC(649) Old regions: 867->898
[15,481s][info][gc,heap        ] GC(649) Humongous regions: 0->0
[15,481s][info][gc,metaspace   ] GC(649) Metaspace: 198K(384K)->198K(384K) NonClass: 185K(256K)->185K(256K) Class: 13K(128K)->13K(128K)
[15,481s][info][gc             ] GC(649) Pause Young (Mixed) (G1 Evacuation Pause) 1875M->1813M(2048M) 13,579ms
[15,481s][info][gc,cpu         ] GC(649) User=0,23s Sys=0,00s Real=0,01s
[15,483s][info][gc,heap,exit   ] Heap
[15,483s][info][gc,heap,exit   ]  garbage-first heap   total 2097152K, used 1898496K [0x0000000080000000, 0x0000000100000000)
[15,483s][info][gc,heap,exit   ]   region size 2048K, 30 young (61440K), 9 survivors (18432K)
[15,483s][info][gc,heap,exit   ]  Metaspace       used 237K, committed 448K, reserved 1114112K
[15,483s][info][gc,heap,exit   ]   class space    used 17K, committed 128K, reserved 1048576K
